# VRM Structures Optimized Lightweight 3D OBJ Model
v 440.9104 2370.5339 -2097.9136
v 476.3055 2357.7839 -2091.0442
v 1848.4584 2380.5339 -2341.0493
v 1853.3849 2380.5339 -2307.9136
v 1805.9259 2380.5339 -2334.7258
v 1848.6790 2395.5339 -2339.5657
v 1806.1465 2395.5339 -2333.2422
v 2738.6733 2380.5339 -2473.4023
v 2743.5999 2380.5339 -2440.2666
v 2696.1409 2380.5339 -2467.0789
v 2701.0674 2380.5339 -2433.9431
v 2738.8940 2395.5339 -2471.9187
v 2696.3613 2395.5339 -2465.5952
v 4123.4521 2380.5339 -2679.2847
v 4128.3789 2380.5339 -2646.1489
v 4080.9197 2380.5339 -2672.9612
v 4085.8462 2380.5339 -2639.8254
v 4123.6729 2395.5339 -2677.8010
v 4081.1404 2395.5339 -2671.4775
v 485.9369 3603.7839 -2063.6628
v 485.9369 3.7839 -2063.6628
v 485.6631 3603.7839 -2062.3225
v 485.6631 3.7839 -2062.3225
v 484.2527 203.7839 -2061.3904
v 484.2527 3403.7839 -2061.3904
v 484.2527 1078.7839 -2061.3904
v 484.2527 2378.7839 -2061.3904
v 484.2527 3103.7839 -2061.3904
v 445.6767 2942.5879 -2055.6550
v 446.6143 2942.1458 -2055.7944
v 445.1822 2378.7839 -2055.5815
v 445.1822 3103.7839 -2055.5815
v 459.1666 1811.8359 -2057.6606
v 457.0517 1078.7839 -2057.3462
v 458.7294 3544.7839 -2057.5957
v 459.5245 3547.7839 -2057.7139
v 457.0517 3603.7839 -2057.3462
v 457.0517 3403.7839 -2057.3462
v 458.1360 3243.9272 -2057.5076
v 458.7294 344.7839 -2057.5957
v 459.4344 360.8258 -2057.7004
v 457.0517 203.7839 -2057.3462
v 458.7294 44.7839 -2057.5957
v 457.0517 22.7839 -2057.3462
v 415.9485 3603.7839 -2085.6089
v 415.9485 3.7839 -2085.6089
v 1870.7157 3603.7839 -2269.5452
v 1870.7157 3.7839 -2269.5452
v 1869.0315 203.7839 -2267.2727
v 1869.0315 3403.7839 -2267.2727
v 1869.0315 1078.7839 -2267.2727
v 1869.0315 2378.7839 -2267.2727
v 1869.0315 3103.7839 -2267.2727
v 1830.4556 2942.5879 -2261.5376
v 1831.3932 2942.1458 -2261.6768
v 1829.9611 2378.7839 -2261.4639
v 1829.9611 3103.7839 -2261.4639
v 1843.9454 1811.8359 -2263.5432
v 1842.1834 1793.1876 -2263.2810
v 1841.8306 1078.7839 -2263.2288
v 1843.5083 3544.7839 -2263.4780
v 1844.3033 3547.7839 -2263.5962
v 1841.3359 3564.9800 -2263.1550
v 1841.8306 3603.7839 -2263.2288
v 1839.3992 3541.8750 -2262.8672
v 1841.8306 3403.7839 -2263.2288
v 1842.9149 3243.9272 -2263.3899
v 1841.3359 3264.9800 -2263.1550
v 1843.5083 344.7839 -2263.4780
v 1844.2133 360.8258 -2263.5830
v 1841.8306 203.7839 -2263.2288
v 1839.3992 341.8751 -2262.8672
v 1842.1834 364.3802 -2263.2810
v 1843.5083 44.7839 -2263.4780
v 1839.3992 41.8751 -2262.8672
v 1841.8306 22.7839 -2263.2288
v 1800.7274 3603.7839 -2291.4915
v 1800.7274 3.7839 -2291.4915
v 1867.6940 3603.7839 -2303.4697
v 1867.6940 3.7839 -2303.4697
v 2760.9307 3603.7839 -2401.8982
v 2760.9307 3.7839 -2401.8982
v 2759.2466 203.7839 -2399.6257
v 2759.2466 3403.7839 -2399.6257
v 2759.2466 1078.7839 -2399.6257
v 2759.2466 3103.7839 -2399.6257
v 2720.6707 2942.5879 -2393.8904
v 2721.6082 2942.1458 -2394.0298
v 2722.6074 2965.6929 -2394.1785
v 2720.1760 3103.7839 -2393.8169
v 2722.6074 2941.8750 -2394.1785
v 2697.9207 2378.7839 -2390.5081
v 2697.9207 3103.7839 -2390.5081
v 2734.1604 1811.8359 -2395.8960
v 2720.1760 1078.7839 -2393.8169
v 2733.7231 3544.7839 -2395.8311
v 2734.5183 3547.7839 -2395.9492
v 2720.1760 3403.7839 -2393.8169
v 2720.1760 3603.7839 -2393.8169
v 2733.1299 3243.9272 -2395.7429
v 2733.7231 344.7839 -2395.8311
v 2734.4282 360.8258 -2395.9358
v 2720.1760 203.7839 -2393.8169
v 2733.7231 44.7839 -2395.8311
v 2720.1760 22.7839 -2393.8169
v 2697.9207 3403.7839 -2390.5081
v 2697.9207 3603.7839 -2390.5081
v 2697.9207 1078.7839 -2390.5081
v 2697.9207 203.7839 -2390.5081
v 2697.9207 22.7839 -2390.5081
v 2719.3857 2943.9272 -2391.6775
v 2721.9023 2942.1458 -2392.0515
v 2722.9014 2941.8750 -2392.2002
v 2722.9014 2965.6929 -2392.2002
v 2723.7380 1794.7839 -2392.3245
v 2724.3313 3563.6406 -2392.4126
v 2724.3313 3543.9272 -2392.4126
v 2724.3313 3263.6406 -2392.4126
v 2724.3313 343.9272 -2392.4126
v 2723.3008 361.8361 -2392.2595
v 2723.3008 61.8361 -2392.2595
v 4145.7095 3603.7839 -2607.7805
v 4145.7095 3.7839 -2607.7805
v 4144.0254 203.7839 -2605.5081
v 4144.0254 3403.7839 -2605.5081
v 4144.0254 1078.7839 -2605.5081
v 4144.0254 2378.7839 -2605.5081
v 4144.0254 3103.7839 -2605.5081
v 4105.4492 2942.5879 -2599.7727
v 4106.3872 2942.1458 -2599.9121
v 4082.6995 2378.7839 -2596.3904
v 4082.6995 3103.7839 -2596.3904
v 4118.9395 1811.8359 -2601.7783
v 4118.5020 3544.7839 -2601.7134
v 4119.2974 3547.7839 -2601.8315
v 4117.9087 3243.9272 -2601.6252
v 4118.5020 344.7839 -2601.7134
v 4119.2070 360.8258 -2601.8181
v 4118.5020 44.7839 -2601.7134
v 4082.6995 3403.7839 -2596.3904
v 4082.6995 3603.7839 -2596.3904
v 4082.6995 1078.7839 -2596.3904
v 4082.6995 203.7839 -2596.3904
v 4082.6995 22.7839 -2596.3904
v 4075.7212 3603.7839 -2629.7266
v 4075.7212 3.7839 -2629.7266
v 4142.6880 3603.7839 -2641.7048
v 4142.6880 3.7839 -2641.7048
v 416.1922 373.7839 -1968.3702
v 515.1050 373.7839 -1983.0760
v 1207.4944 373.7839 -2086.0173
v 1899.8838 373.7839 -2188.9585
v 2344.9915 373.7839 -2255.1350
v 4271.5845 373.7839 -2556.7366
v 2790.0989 373.7839 -2321.3113
v 3482.4880 373.7839 -2424.2524
v 4174.8774 373.7839 -2527.1936
v 416.1922 340.7839 -1968.3702
v 515.1050 340.7839 -1983.0760
v 554.8118 349.1877 -1988.9795
v 573.4635 358.9801 -1991.7526
v 1207.4944 340.7839 -2086.0173
v 1839.3529 350.7839 -2179.9590
v 1861.9391 351.7318 -2183.3169
v 1899.8838 340.7839 -2188.9585
v 1839.9464 357.6407 -2180.0471
v 1856.3622 359.7839 -2182.4878
v 1961.1195 354.8258 -2198.0627
v 2344.9915 340.7839 -2255.1350
v 1958.2423 358.9801 -2197.6350
v 2751.7168 356.7839 -2315.6050
v 2790.0989 340.7839 -2321.3113
v 2730.1611 357.6407 -2312.4001
v 2850.6296 356.7839 -2330.3108
v 3482.4880 340.7839 -2424.2524
v 2848.4575 358.9801 -2329.9878
v 4137.2007 352.7420 -2521.5920
v 4174.8774 340.7839 -2527.1936
v 4114.9399 357.6407 -2518.2825
v 3952.3240 333.7839 -2494.1055
v 4236.1133 352.7420 -2536.2979
v 4273.7905 340.7839 -2541.8997
v 4234.0835 358.3802 -2535.9961
v 3381.1882 333.7839 -2456.2029
v 2872.2820 333.7839 -2380.5410
v 2867.3555 333.7839 -2413.6768
v 3867.3516 333.7839 -2514.8350
v 3879.2212 333.7839 -2516.5996
v 3383.0999 333.7839 -2443.3442
v 3940.5593 333.7839 -2573.2356
v 3947.3975 333.7839 -2527.2412
v 4268.8643 333.7839 -2575.0354
v 4015.7207 333.7839 -2536.8938
v 4262.0259 333.7839 -2621.0298
v 411.2657 333.7839 -2001.5060
v 528.9719 333.7839 -2019.0060
v 732.7322 333.7839 -2049.3000
v 2904.5361 333.7839 -2375.7319
v 794.9127 333.7839 -2069.0154
v 795.3277 333.7839 -2062.1450
v 817.8304 333.7839 -2068.5234
v 797.8229 333.7839 -2060.2957
v 645.7222 333.7839 -2042.9353
v 409.3539 333.7839 -2014.3646
v 2333.2266 333.7839 -2334.2651
v 2778.3342 333.7839 -2400.4417
v 725.8940 333.7839 -2095.2944
v 522.1337 333.7839 -2065.0005
v 4163.1128 340.7839 -2606.3240
v 3470.7234 340.7839 -2503.3828
v 503.3402 340.7839 -2062.2063
v 1195.7297 340.7839 -2165.1475
v 4163.1128 373.7839 -2606.3240
v 4223.0503 357.6407 -2615.2351
v 4205.6040 359.6928 -2612.6414
v 4205.6040 347.8751 -2612.6414
v 3470.7234 373.7839 -2503.3828
v 2778.3342 373.7839 -2400.4417
v 2838.2715 357.6407 -2409.3528
v 2717.8032 356.7839 -2391.4421
v 2333.2266 373.7839 -2334.2651
v 2719.9756 358.9801 -2391.7651
v 1925.7961 354.8258 -2273.6902
v 1928.6733 358.9801 -2274.1182
v 1195.7297 373.7839 -2165.1475
v 541.0173 352.7420 -2067.8079
v 543.0471 358.3802 -2068.1096
v 503.3402 373.7839 -2062.2063
v 404.4275 373.7839 -2047.5004
v 4264.2314 373.7839 -2606.1929
v 3471.0176 371.7839 -2501.4045
v 3471.0176 341.7839 -2501.4045
v 416.1922 3273.7839 -1968.3702
v 515.1050 3273.7839 -1983.0760
v 1207.4944 3273.7839 -2086.0173
v 1899.8838 3273.7839 -2188.9585
v 2344.9915 3273.7839 -2255.1350
v 4271.5845 3273.7839 -2556.7366
v 2790.0989 3273.7839 -2321.3113
v 3482.4880 3273.7839 -2424.2524
v 4174.8774 3273.7839 -2527.1936
v 416.1922 3240.7839 -1968.3702
v 515.1050 3240.7839 -1983.0760
v 554.8118 3249.1877 -1988.9795
v 1207.4944 3240.7839 -2086.0173
v 1839.3529 3250.7839 -2179.9590
v 1861.9391 3251.7319 -2183.3169
v 1899.8838 3240.7839 -2188.9585
v 1961.1195 3254.8259 -2198.0627
v 2344.9915 3240.7839 -2255.1350
v 2751.7168 3256.7839 -2315.6050
v 2790.0989 3240.7839 -2321.3113
v 2850.6296 3256.7839 -2330.3108
v 3482.4880 3240.7839 -2424.2524
v 4137.2007 3252.7419 -2521.5920
v 4174.8774 3240.7839 -2527.1936
v 3952.3240 3233.7839 -2494.1055
v 4236.1133 3252.7419 -2536.2979
v 4273.7905 3240.7839 -2541.8997
v 3381.1882 3233.7839 -2456.2029
v 2872.2820 3233.7839 -2380.5410
v 2867.3555 3233.7839 -2413.6768
v 3867.3516 3233.7839 -2514.8350
v 3879.2212 3233.7839 -2516.5996
v 3383.0999 3233.7839 -2443.3442
v 3940.5593 3233.7839 -2573.2356
v 3947.3975 3233.7839 -2527.2412
v 4268.8643 3233.7839 -2575.0354
v 4015.7207 3233.7839 -2536.8938
v 4262.0259 3233.7839 -2621.0298
v 411.2657 3233.7839 -2001.5060
v 528.9719 3233.7839 -2019.0060
v 732.7322 3233.7839 -2049.3000
v 2904.5361 3233.7839 -2375.7319
v 794.9127 3233.7839 -2069.0154
v 795.3277 3233.7839 -2062.1450
v 817.8304 3233.7839 -2068.5234
v 797.8229 3233.7839 -2060.2957
v 645.7222 3233.7839 -2042.9353
v 409.3539 3233.7839 -2014.3646
v 2333.2266 3233.7839 -2334.2651
v 2778.3342 3233.7839 -2400.4417
v 725.8940 3233.7839 -2095.2944
v 522.1337 3233.7839 -2065.0005
v 4163.1128 3240.7839 -2606.3240
v 3470.7234 3240.7839 -2503.3828
v 503.3402 3240.7839 -2062.2063
v 1195.7297 3240.7839 -2165.1475
v 4163.1128 3273.7839 -2606.3240
v 4262.0259 3273.7839 -2621.0298
v 4205.6040 3259.6929 -2612.6414
v 3470.7234 3273.7839 -2503.3828
v 2778.3342 3273.7839 -2400.4417
v 2717.8032 3256.7839 -2391.4421
v 2333.2266 3273.7839 -2334.2651
v 1888.1191 3273.7839 -2268.0886
v 1925.7961 3254.8259 -2273.6902
v 1195.7297 3273.7839 -2165.1475
v 541.0173 3252.7419 -2067.8079
v 503.3402 3273.7839 -2062.2063
v 423.2209 3273.7839 -2050.2944
v 404.4275 3273.7839 -2047.5004
v 4264.2314 3273.7839 -2606.1929
v 3471.0176 3271.7839 -2501.4045
v 2263.4045 1197.7839 -2389.0933
v 2263.4045 63.7839 -2389.0933
v 12.3038 63.7839 -2039.7509
v 1970.7769 63.7839 -2330.9275
v 1968.6444 63.7839 -2345.2698
v 8.6274 63.7839 -2064.4790
v 2261.8606 63.7839 -2399.4790
v 1968.5709 1197.7839 -2345.7644
v 1970.7769 1197.7839 -2330.9275
v 12.3774 1197.7839 -2039.2563
v 2261.8606 1197.7839 -2399.4790
v 8.6274 1197.7839 -2064.4790
v 2232.4805 93.7839 -2393.0891
v 2232.4805 199.5932 -2393.0891
v 2232.4805 166.7399 -2393.0891
v 2232.7747 166.7399 -2391.1108
v 2232.7747 317.1355 -2391.1108
v 2232.4805 324.2293 -2393.0891
v 2232.7747 474.6249 -2391.1108
v 2232.4805 481.7187 -2393.0891
v 2232.4805 274.0932 -2393.0891
v 2232.4805 639.2081 -2393.0891
v 2232.4070 360.0932 -2393.5837
v 2232.7747 639.2081 -2391.1108
v 2232.7747 632.1143 -2391.1108
v 2232.4805 625.0206 -2393.0891
v 2232.4805 431.5932 -2393.0891
v 2232.7747 789.6038 -2391.1108
v 2232.4805 796.6976 -2393.0891
v 2232.4805 829.5933 -2393.0891
v 2232.4805 904.0932 -2393.0891
v 2232.1865 1167.7839 -2395.0674
v 2232.7747 947.0933 -2391.1108
v 2232.4805 954.1870 -2393.0891
v 2232.4070 1060.2375 -2393.5837
v 2232.4805 1089.9995 -2393.0891
v 2232.4805 987.0932 -2393.0891
v 2232.7747 1089.9995 -2391.1108
v 38.5953 1089.9995 -2066.9126
v 38.5953 1060.2375 -2066.9126
v 38.3012 1167.7839 -2068.8909
v 38.8894 947.0933 -2064.9343
v 38.5953 907.0932 -2066.9126
v 38.5218 829.5933 -2067.4072
v 38.5953 796.6976 -2066.9126
v 38.5953 675.0932 -2066.9126
v 38.5953 990.0932 -2066.9126
v 38.8894 632.1143 -2064.9343
v 38.5218 514.5933 -2067.4072
v 38.5953 434.5932 -2066.9126
v 38.5953 360.0932 -2066.9126
v 38.5218 357.0932 -2067.4072
v 38.3012 93.7839 -2068.8909
v 38.5218 199.5932 -2067.4072
v 38.5953 166.7399 -2066.9126
v 38.5218 277.0932 -2067.4072
v 1776.9774 116.5932 -2325.3669
v 1643.4452 116.5932 -2305.5142
v 1660.2268 152.5523 -2308.0090
v 1760.2750 152.5523 -2322.8838
v 1925.3466 116.5932 -2347.4258
v 1791.8143 116.5932 -2327.5730
v 1908.6443 152.5523 -2344.9426
v 1808.5958 152.5523 -2330.0679
v 1495.0760 116.5932 -2283.4553
v 1511.8577 152.5523 -2285.9502
v 1611.9059 152.5523 -2300.8250
v 1480.2391 116.5932 -2281.2493
v 1346.7069 116.5932 -2261.3965
v 1363.4884 152.5523 -2263.8914
v 1463.5367 152.5523 -2278.7661
v 1198.3376 116.5932 -2239.3376
v 1315.1676 152.5523 -2256.7073
v 1215.1193 152.5523 -2241.8325
v 1049.9685 116.5932 -2217.2788
v 1166.7985 152.5523 -2234.6484
v 1066.7501 152.5523 -2219.7737
v 901.5994 116.5932 -2195.2200
v 918.3809 152.5523 -2197.7148
v 753.2302 116.5932 -2173.1611
v 770.0117 152.5523 -2175.6562
v 870.0601 152.5523 -2190.5308
v 738.3933 116.5932 -2170.9553
v 604.8611 116.5932 -2151.1023
v 621.6426 152.5523 -2153.5974
v 721.6910 152.5523 -2168.4719
v 456.4919 116.5932 -2129.0435
v 573.3218 152.5523 -2146.4131
v 473.2734 152.5523 -2131.5386
v 308.1228 116.5932 -2106.9846
v 324.9043 152.5523 -2109.4797
v 424.9526 152.5523 -2124.3545
v 293.2858 116.5932 -2104.7788
v 159.7536 116.5932 -2084.9258
v 276.5835 152.5523 -2102.2957
v 176.5351 152.5523 -2087.4209
v 2073.7158 116.5932 -2369.4846
v 1956.9650 152.5523 -2352.1267
v 2057.0134 152.5523 -2367.0015
v 2105.3342 152.5523 -2374.1855
v 128.2143 152.5523 -2080.2368
v 1940.1835 202.5932 -2349.6318
v 1940.1835 274.0932 -2349.6318
v 2073.7158 202.5932 -2369.4846
v 2073.7158 274.0932 -2369.4846
v 1791.8143 202.5932 -2327.5730
v 1791.8143 274.0932 -2327.5730
v 159.7536 202.5932 -2084.9258
v 159.7536 274.0932 -2084.9258
v 293.2858 202.5932 -2104.7788
v 293.2858 274.0932 -2104.7788
v 1643.4452 202.5932 -2305.5142
v 1643.4452 274.0932 -2305.5142
v 1776.9774 202.5932 -2325.3669
v 1776.9774 274.0932 -2325.3669
v 1495.0760 202.5932 -2283.4553
v 1495.0760 274.0932 -2283.4553
v 1346.7069 202.5932 -2261.3965
v 1346.7069 274.0932 -2261.3965
v 1480.2391 202.5932 -2281.2493
v 1480.2391 274.0932 -2281.2493
v 1198.3376 202.5932 -2239.3376
v 1198.3376 274.0932 -2239.3376
v 1049.9685 202.5932 -2217.2788
v 1049.9685 274.0932 -2217.2788
v 901.5994 202.5932 -2195.2200
v 901.5994 274.0932 -2195.2200
v 753.2302 202.5932 -2173.1611
v 753.2302 274.0932 -2173.1611
v 604.8611 202.5932 -2151.1023
v 604.8611 274.0932 -2151.1023
v 738.3933 202.5932 -2170.9553
v 738.3933 274.0932 -2170.9553
v 456.4919 202.5932 -2129.0435
v 456.4919 274.0932 -2129.0435
v 308.1228 202.5932 -2106.9846
v 308.1228 274.0932 -2106.9846
v 2104.8291 310.0417 -2374.1104
v 128.7193 310.0417 -2080.3118
v 1940.1835 360.0932 -2349.6318
v 1940.1835 431.5932 -2349.6318
v 2073.7158 360.0932 -2369.4846
v 2073.7158 431.5932 -2369.4846
v 1940.1835 357.0932 -2349.6318
v 2059.5149 324.2293 -2367.3733
v 1954.4636 324.2293 -2351.7549
v 1791.8143 360.0932 -2327.5730
v 1791.8143 431.5932 -2327.5730
v 1806.0945 324.2293 -2329.6960
v 159.7536 360.0932 -2084.9258
v 159.7536 431.5932 -2084.9258
v 293.2858 360.0932 -2104.7788
v 293.2858 431.5932 -2104.7788
v 159.7536 357.0932 -2084.9258
v 293.2858 357.0932 -2104.7788
v 1643.4452 360.0932 -2305.5142
v 1643.4452 431.5932 -2305.5142
v 1776.9774 360.0932 -2325.3669
v 1776.9774 431.5932 -2325.3669
v 1643.4452 357.0932 -2305.5142
v 1776.9774 357.0932 -2325.3669
v 1495.0760 360.0932 -2283.4553
v 1495.0760 431.5932 -2283.4553
v 1495.0760 338.6664 -2283.4553
v 1614.4073 324.2293 -2301.1968
v 1346.7069 360.0932 -2261.3965
v 1346.7069 431.5932 -2261.3965
v 1480.2391 360.0932 -2281.2493
v 1480.2391 431.5932 -2281.2493
v 1346.7069 357.0932 -2261.3965
v 1480.2391 357.0932 -2281.2493
v 1360.9869 324.2293 -2263.5195
v 1198.3376 360.0932 -2239.3376
v 1198.3376 431.5932 -2239.3376
v 1212.6178 324.2293 -2241.4607
v 1049.9685 360.0932 -2217.2788
v 1049.9685 431.5932 -2217.2788
v 1169.2999 324.2293 -2235.0205
v 1064.2487 324.2293 -2219.4019
v 901.5994 360.0932 -2195.2200
v 901.5994 431.5932 -2195.2200
v 901.5994 338.6664 -2195.2200
v 915.8795 324.2293 -2197.3430
v 753.2302 360.0932 -2173.1611
v 753.2302 431.5932 -2173.1611
v 767.5103 324.2293 -2175.2842
v 604.8611 360.0932 -2151.1023
v 604.8611 431.5932 -2151.1023
v 738.3933 360.0932 -2170.9553
v 738.3933 431.5932 -2170.9553
v 604.8611 357.0932 -2151.1023
v 738.3933 357.0932 -2170.9553
v 456.4919 360.0932 -2129.0435
v 456.4919 431.5932 -2129.0435
v 456.4919 357.0932 -2129.0435
v 575.8232 324.2293 -2146.7852
v 470.7720 324.2293 -2131.1665
v 308.1228 360.0932 -2106.9846
v 308.1228 431.5932 -2106.9846
v 308.1228 357.0932 -2106.9846
v 2104.3242 467.5312 -2374.0354
v 129.2243 467.5312 -2080.3870
v 1940.1835 517.5932 -2349.6318
v 1940.1835 589.0932 -2349.6318
v 2073.7158 589.0932 -2369.4846
v 2059.0098 481.7187 -2367.2983
v 1954.9686 481.7187 -2351.8298
v 1791.8143 517.5932 -2327.5730
v 1791.8143 589.0932 -2327.5730
v 159.7536 517.5932 -2084.9258
v 159.7536 589.0932 -2084.9258
v 293.2858 517.5932 -2104.7788
v 293.2858 589.0932 -2104.7788
v 1643.4452 517.5932 -2305.5142
v 1643.4452 589.0932 -2305.5142
v 1776.9774 517.5932 -2325.3669
v 1776.9774 589.0932 -2325.3669
v 1495.0760 517.5932 -2283.4553
v 1495.0760 589.0932 -2283.4553
v 1613.9023 481.7187 -2301.1218
v 1346.7069 517.5932 -2261.3965
v 1346.7069 589.0932 -2261.3965
v 1480.2391 517.5932 -2281.2493
v 1480.2391 589.0932 -2281.2493
v 1361.4919 481.7187 -2263.5947
v 1198.3376 517.5932 -2239.3376
v 1198.3376 589.0932 -2239.3376
v 1049.9685 517.5932 -2217.2788
v 1049.9685 589.0932 -2217.2788
v 1168.7949 481.7187 -2234.9453
v 901.5994 517.5932 -2195.2200
v 901.5994 589.0932 -2195.2200
v 916.3845 481.7187 -2197.4182
v 753.2302 517.5932 -2173.1611
v 753.2302 589.0932 -2173.1611
v 604.8611 517.5932 -2151.1023
v 604.8611 589.0932 -2151.1023
v 738.3933 517.5932 -2170.9553
v 738.3933 589.0932 -2170.9553
v 456.4919 517.5932 -2129.0435
v 456.4919 589.0932 -2129.0435
v 471.2770 481.7187 -2131.2417
v 575.3182 481.7187 -2146.7100
v 308.1228 517.5932 -2106.9846
v 308.1228 589.0932 -2106.9846
v 129.7294 625.0206 -2080.4619
v 1940.1835 675.0932 -2349.6318
v 1940.1835 746.5932 -2349.6318
v 2073.7158 675.0932 -2369.4846
v 2073.7158 746.5932 -2369.4846
v 1955.4736 639.2081 -2351.9050
v 2058.5049 639.2081 -2367.2231
v 1791.8143 675.0932 -2327.5730
v 1791.8143 746.5932 -2327.5730
v 159.7536 675.0932 -2084.9258
v 159.7536 746.5932 -2084.9258
v 293.2858 675.0932 -2104.7788
v 293.2858 746.5932 -2104.7788
v 1643.4452 675.0932 -2305.5142
v 1643.4452 746.5932 -2305.5142
v 1776.9774 675.0932 -2325.3669
v 1776.9774 746.5932 -2325.3669
v 1495.0760 675.0932 -2283.4553
v 1495.0760 746.5932 -2283.4553
v 1613.3972 639.2081 -2301.0466
v 1346.7069 675.0932 -2261.3965
v 1346.7069 746.5932 -2261.3965
v 1480.2391 675.0932 -2281.2493
v 1480.2391 746.5932 -2281.2493
v 1361.9969 639.2081 -2263.6697
v 1198.3376 675.0932 -2239.3376
v 1198.3376 746.5932 -2239.3376
v 1049.9685 675.0932 -2217.2788
v 1049.9685 746.5932 -2217.2788
v 1168.2899 639.2081 -2234.8701
v 901.5994 675.0932 -2195.2200
v 901.5994 746.5932 -2195.2200
v 916.8895 639.2081 -2197.4932
v 753.2302 675.0932 -2173.1611
v 753.2302 746.5932 -2173.1611
v 604.8611 675.0932 -2151.1023
v 604.8611 746.5932 -2151.1023
v 738.3933 675.0932 -2170.9553
v 738.3933 746.5932 -2170.9553
v 456.4919 675.0932 -2129.0435
v 456.4919 746.5932 -2129.0435
v 471.7820 639.2081 -2131.3167
v 574.8132 639.2081 -2146.6350
v 308.1228 675.0932 -2106.9846
v 308.1228 746.5932 -2106.9846
v 129.7057 639.2081 -2080.4585
v 130.2344 782.5100 -2080.5371
v 1940.1835 832.5933 -2349.6318
v 1940.1835 904.0932 -2349.6318
v 2073.7158 832.5933 -2369.4846
v 2073.7158 904.0932 -2369.4846
v 2057.9998 796.6976 -2367.1482
v 1955.9786 796.6976 -2351.9800
v 1791.8143 832.5933 -2327.5730
v 1791.8143 904.0932 -2327.5730
v 159.7536 832.5933 -2084.9258
v 159.7536 904.0932 -2084.9258
v 293.2858 832.5933 -2104.7788
v 293.2858 904.0932 -2104.7788
v 1643.4452 832.5933 -2305.5142
v 1643.4452 904.0932 -2305.5142
v 1776.9774 832.5933 -2325.3669
v 1776.9774 904.0932 -2325.3669
v 1495.0760 832.5933 -2283.4553
v 1495.0760 904.0932 -2283.4553
v 1612.8922 796.6976 -2300.9717
v 1346.7069 832.5933 -2261.3965
v 1346.7069 904.0932 -2261.3965
v 1480.2391 832.5933 -2281.2493
v 1480.2391 904.0932 -2281.2493
v 1362.5020 796.6976 -2263.7449
v 1198.3376 832.5933 -2239.3376
v 1198.3376 904.0932 -2239.3376
v 1049.9685 832.5933 -2217.2788
v 1049.9685 904.0932 -2217.2788
v 1167.7848 796.6976 -2234.7952
v 901.5994 832.5933 -2195.2200
v 901.5994 904.0932 -2195.2200
v 917.3945 796.6976 -2197.5684
v 753.2302 832.5933 -2173.1611
v 753.2302 904.0932 -2173.1611
v 604.8611 832.5933 -2151.1023
v 604.8611 904.0932 -2151.1023
v 738.3933 832.5933 -2170.9553
v 738.3933 904.0932 -2170.9553
v 456.4919 832.5933 -2129.0435
v 456.4919 904.0932 -2129.0435
v 574.3082 796.6976 -2146.5598
v 472.2870 796.6976 -2131.3918
v 308.1228 832.5933 -2106.9846
v 308.1228 904.0932 -2106.9846
v 2102.8091 939.9995 -2373.8101
v 144.9167 925.6663 -2082.7200
v 130.7394 939.9995 -2080.6121
v 2088.5527 1057.2375 -2371.6904
v 2088.5527 990.0932 -2371.6904
v 2102.8091 1089.9995 -2373.8101
v 144.9167 1057.2375 -2082.7200
v 144.9167 990.0932 -2082.7200
v 144.9167 1075.6664 -2082.7200
v 130.7394 1089.9995 -2080.6121
v 1940.1835 1057.2375 -2349.6318
v 1940.1835 990.0932 -2349.6318
v 1940.1835 1075.5864 -2349.6318
v 1954.4399 1089.9995 -2351.7512
v 2059.5383 1089.9995 -2367.3770
v 1791.8143 1057.2375 -2327.5730
v 1791.8143 990.0932 -2327.5730
v 1791.8143 1075.5864 -2327.5730
v 293.2858 1057.2375 -2104.7788
v 293.2858 990.0932 -2104.7788
v 279.1086 1089.9995 -2102.6709
v 1776.9774 1057.2375 -2325.3669
v 1776.9774 990.0932 -2325.3669
v 1643.4452 1057.2375 -2305.5142
v 1643.4452 990.0932 -2305.5142
v 1643.4452 1075.5864 -2305.5142
v 1762.8002 1089.9995 -2323.2593
v 1495.0760 1057.2375 -2283.4553
v 1495.0760 990.0932 -2283.4553
v 1614.4310 1089.9995 -2301.2004
v 1509.3325 1089.9995 -2285.5750
v 1480.2391 1057.2375 -2281.2493
v 1480.2391 990.0932 -2281.2493
v 1346.7069 1057.2375 -2261.3965
v 1346.7069 990.0932 -2261.3965
v 1466.0619 1089.9995 -2279.1416
v 1360.9633 1089.9995 -2263.5161
v 1346.7069 1075.5864 -2261.3965
v 1198.3376 1057.2375 -2239.3376
v 1198.3376 990.0932 -2239.3376
v 1212.5941 1089.9995 -2241.4573
v 1049.9685 1057.2375 -2217.2788
v 1049.9685 990.0932 -2217.2788
v 1049.9685 1075.5864 -2217.2788
v 1169.3235 1089.9995 -2235.0239
v 901.5994 1057.2375 -2195.2200
v 901.5994 990.0932 -2195.2200
v 915.8558 1089.9995 -2197.3396
v 901.5994 1075.5864 -2195.2200
v 753.2302 1057.2375 -2173.1611
v 753.2302 990.0932 -2173.1611
v 767.4866 1089.9995 -2175.2808
v 738.3933 1057.2375 -2170.9553
v 738.3933 990.0932 -2170.9553
v 604.8611 1057.2375 -2151.1023
v 604.8611 990.0932 -2151.1023
v 724.2161 1089.9995 -2168.8474
v 619.1175 1089.9995 -2153.2219
v 456.4919 1057.2375 -2129.0435
v 456.4919 990.0932 -2129.0435
v 575.8469 1089.9995 -2146.7886
v 470.7483 1089.9995 -2131.1631
v 456.4919 1075.5864 -2129.0435
v 308.1228 1057.2375 -2106.9846
v 308.1228 990.0932 -2106.9846
v 308.1228 1075.5864 -2106.9846
v 1956.4836 954.1870 -2352.0552
v 2057.4949 954.1870 -2367.0730
v 1909.1256 954.1870 -2345.0142
v 1808.1146 954.1870 -2329.9963
v 277.0648 954.1870 -2102.3672
v 1659.7455 954.1870 -2307.9375
v 1760.7563 954.1870 -2322.9553
v 1612.3872 954.1870 -2300.8965
v 1511.3762 954.1870 -2285.8787
v 1363.0071 954.1870 -2263.8198
v 1464.0181 954.1870 -2278.8376
v 1214.6379 954.1870 -2241.7610
v 1315.6489 954.1870 -2256.7788
v 1066.2688 954.1870 -2219.7021
v 1167.2798 954.1870 -2234.7200
v 917.8995 954.1870 -2197.6433
v 769.5304 954.1870 -2175.5845
v 870.5415 954.1870 -2190.6025
v 621.1612 954.1870 -2153.5256
v 722.1723 954.1870 -2168.5437
v 472.7921 954.1870 -2131.4670
v 573.8032 954.1870 -2146.4849
v 425.4340 954.1870 -2124.4260
v 324.4229 954.1870 -2109.4082
v 1940.1835 1167.7839 -2349.6318
v 2073.7158 1167.7839 -2369.4846
v 2153.3923 1089.9995 -2379.3086
v 1791.8143 1167.7839 -2327.5730
v 159.7536 1167.7839 -2084.9258
v 293.2858 1167.7839 -2104.7788
v 1776.9774 1167.7839 -2325.3669
v 1643.4452 1167.7839 -2305.5142
v 1495.0760 1167.7839 -2283.4553
v 1346.7069 1167.7839 -2261.3965
v 1480.2391 1167.7839 -2281.2493
v 1198.3376 1167.7839 -2239.3376
v 1049.9685 1167.7839 -2217.2788
v 901.5994 1167.7839 -2195.2200
v 753.2302 1167.7839 -2173.1611
v 604.8611 1167.7839 -2151.1023
v 738.3933 1167.7839 -2170.9553
v 753.5244 1075.5864 -2171.1829
v 753.5244 970.6663 -2171.1829
v 753.5244 1167.7839 -2171.1829
v 456.4919 1167.7839 -2129.0435
v 308.1228 1167.7839 -2106.9846
v 2153.3923 939.9995 -2379.3086
v 2153.3923 782.5100 -2379.3086
v 1955.4500 625.0206 -2351.9014
v 2058.5283 625.0206 -2367.2266
v 2153.3923 625.0206 -2379.3086
v 2153.3923 639.2081 -2379.3086
v 2153.3923 467.5312 -2379.3086
v 2153.3923 310.0417 -2379.3086
v 753.5244 812.6663 -2171.1829
v 753.5244 925.5863 -2171.1829
v 753.5244 654.6664 -2171.1829
v 753.5244 767.5864 -2171.1829
v 1613.4210 625.0206 -2301.0503
v 1361.9733 625.0206 -2263.6663
v 1168.3135 625.0206 -2234.8738
v 916.8658 625.0206 -2197.4897
v 753.5244 609.5864 -2171.1829
v 753.5244 496.6663 -2171.1829
v 471.7584 625.0206 -2131.3132
v 574.8369 625.0206 -2146.6384
v 753.5244 451.5863 -2171.1829
v 753.5244 338.6664 -2171.1829
v 753.5244 293.5863 -2171.1829
v 753.5244 180.6663 -2171.1829
v 753.5244 93.7839 -2171.1829
v 2153.3923 152.5523 -2379.3086
v 453.4417 89.2839 -2095.2273
v 443.5504 1172.2839 -2093.7566
v 1824.6062 81.2328 -2299.0854
v 440.2757 81.7362 -2093.2698
v 4536.4204 1197.7839 -2727.0344
v 4538.5527 1197.7839 -2712.6921
v 4536.4204 63.7839 -2727.0344
v 4538.5527 63.7839 -2712.6921
v 2285.3193 63.7839 -2377.6921
v 4243.7925 63.7839 -2668.8687
v 2283.1135 63.7839 -2392.5291
v 4241.5864 1197.7839 -2683.7056
v 2285.3928 1197.7839 -2377.1975
v 2283.1135 1197.7839 -2392.5291
v 4505.4961 93.7839 -2731.0303
v 4505.4961 199.5932 -2731.0303
v 4505.4961 166.7399 -2731.0303
v 4505.7900 317.1355 -2729.0520
v 4505.7900 474.6249 -2729.0520
v 4505.4961 274.0932 -2731.0303
v 4505.4961 639.2081 -2731.0303
v 4505.4229 360.0932 -2731.5249
v 4505.7900 632.1143 -2729.0520
v 4505.4961 431.5932 -2731.0303
v 4505.7900 789.6038 -2729.0520
v 4505.4961 829.5933 -2731.0303
v 4505.4961 904.0932 -2731.0303
v 4505.2021 1167.7839 -2733.0085
v 4505.7900 947.0933 -2729.0520
v 4505.4229 1060.2375 -2731.5249
v 4505.4961 1089.9995 -2731.0303
v 4505.4961 987.0932 -2731.0303
v 2311.6108 1089.9995 -2404.8538
v 2311.6108 1060.2375 -2404.8538
v 2311.3167 1167.7839 -2406.8320
v 2311.9050 947.0933 -2402.8755
v 2311.6108 907.0932 -2404.8538
v 2311.5374 829.5933 -2405.3484
v 2311.6108 796.6976 -2404.8538
v 2311.6108 675.0932 -2404.8538
v 2311.6108 990.0932 -2404.8538
v 2311.9050 632.1143 -2402.8755
v 2311.5374 514.5933 -2405.3484
v 2311.6108 434.5932 -2404.8538
v 2311.6108 360.0932 -2404.8538
v 2311.5374 357.0932 -2405.3484
v 2311.3167 93.7839 -2406.8320
v 2311.5374 199.5932 -2405.3484
v 2311.6108 166.7399 -2404.8538
v 2311.5374 277.0932 -2405.3484
v 4049.9929 116.5932 -2663.3081
v 3916.4607 116.5932 -2643.4553
v 3933.2424 152.5523 -2645.9502
v 4033.2905 152.5523 -2660.8250
v 4198.3623 116.5932 -2685.3669
v 4181.6597 152.5523 -2682.8838
v 4081.6116 152.5523 -2668.0090
v 3768.0916 116.5932 -2621.3965
v 3784.8733 152.5523 -2623.8914
v 3884.9214 152.5523 -2638.7661
v 3753.2546 116.5932 -2619.1907
v 3619.7224 116.5932 -2599.3376
v 3636.5039 152.5523 -2601.8325
v 3736.5522 152.5523 -2616.7073
v 3471.3533 116.5932 -2577.2788
v 3588.1831 152.5523 -2594.6484
v 3488.1348 152.5523 -2579.7737
v 3322.9841 116.5932 -2555.2200
v 3339.7656 152.5523 -2557.7148
v 3174.6150 116.5932 -2533.1611
v 3291.4448 152.5523 -2550.5308
v 3191.3965 152.5523 -2535.6562
v 3159.7781 116.5932 -2530.9553
v 3026.2458 116.5932 -2511.1023
v 3043.0273 152.5523 -2513.5974
v 3143.0757 152.5523 -2528.4719
v 2877.8767 116.5932 -2489.0435
v 2894.6582 152.5523 -2491.5386
v 2994.7065 152.5523 -2506.4131
v 2729.5076 116.5932 -2466.9846
v 2846.3374 152.5523 -2484.3545
v 2746.2891 152.5523 -2469.4797
v 2714.6707 116.5932 -2464.7788
v 2581.1384 116.5932 -2444.9258
v 2597.9199 152.5523 -2447.4209
v 2697.9683 152.5523 -2462.2957
v 2432.7690 116.5932 -2422.8669
v 2549.5991 152.5523 -2440.2368
v 2449.5508 152.5523 -2425.3621
v 4346.7314 116.5932 -2707.4258
v 4213.1992 116.5932 -2687.5730
v 4229.9805 152.5523 -2690.0679
v 4330.0288 152.5523 -2704.9426
v 4378.3496 152.5523 -2712.1267
v 2401.2300 152.5523 -2418.1780
v 4213.1992 202.5932 -2687.5730
v 4213.1992 274.0932 -2687.5730
v 4346.7314 202.5932 -2707.4258
v 4346.7314 274.0932 -2707.4258
v 4064.8298 202.5932 -2665.5142
v 4064.8298 274.0932 -2665.5142
v 4198.3623 202.5932 -2685.3669
v 4198.3623 274.0932 -2685.3669
v 4064.8298 180.6663 -2665.5142
v 2432.7690 202.5932 -2422.8669
v 2432.7690 274.0932 -2422.8669
v 2566.3015 202.5932 -2442.7200
v 2566.3015 274.0932 -2442.7200
v 3916.4607 202.5932 -2643.4553
v 3916.4607 274.0932 -2643.4553
v 3768.0916 202.5932 -2621.3965
v 3768.0916 274.0932 -2621.3965
v 3619.7224 202.5932 -2599.3376
v 3619.7224 274.0932 -2599.3376
v 3753.2546 202.5932 -2619.1907
v 3753.2546 274.0932 -2619.1907
v 3471.3533 202.5932 -2577.2788
v 3471.3533 274.0932 -2577.2788
v 3322.9841 202.5932 -2555.2200
v 3322.9841 274.0932 -2555.2200
v 3336.7593 166.7399 -2557.2681
v 3174.6150 202.5932 -2533.1611
v 3174.6150 274.0932 -2533.1611
v 3026.2458 202.5932 -2511.1023
v 3026.2458 274.0932 -2511.1023
v 3159.7781 202.5932 -2530.9553
v 3159.7781 274.0932 -2530.9553
v 2877.8767 202.5932 -2489.0435
v 2877.8767 274.0932 -2489.0435
v 2729.5076 202.5932 -2466.9846
v 2729.5076 274.0932 -2466.9846
v 2714.6707 202.5932 -2464.7788
v 2714.6707 274.0932 -2464.7788
v 4377.8447 310.0417 -2712.0515
v 2401.7349 310.0417 -2418.2529
v 4213.1992 360.0932 -2687.5730
v 4213.1992 431.5932 -2687.5730
v 4346.7314 360.0932 -2707.4258
v 4346.7314 431.5932 -2707.4258
v 4213.1992 357.0932 -2687.5730
v 4346.7314 357.0932 -2707.4258
v 4064.8298 360.0932 -2665.5142
v 4064.8298 431.5932 -2665.5142
v 4198.3623 360.0932 -2685.3669
v 4198.3623 431.5932 -2685.3669
v 4198.3623 357.0932 -2685.3669
v 4079.1101 324.2293 -2667.6372
v 4064.8298 338.6664 -2665.5142
v 2432.7690 360.0932 -2422.8669
v 2432.7690 431.5932 -2422.8669
v 2566.3015 360.0932 -2442.7200
v 2566.3015 431.5932 -2442.7200
v 2566.3015 357.0932 -2442.7200
v 2552.1003 324.2293 -2440.6086
v 3916.4607 360.0932 -2643.4553
v 3916.4607 431.5932 -2643.4553
v 3916.4607 357.0932 -2643.4553
v 4035.7920 324.2293 -2661.1968
v 3768.0916 360.0932 -2621.3965
v 3768.0916 431.5932 -2621.3965
v 3768.0916 338.6664 -2621.3965
v 3619.7224 360.0932 -2599.3376
v 3619.7224 431.5932 -2599.3376
v 3753.2546 360.0932 -2619.1907
v 3753.2546 431.5932 -2619.1907
v 3619.7224 357.0932 -2599.3376
v 3753.2546 357.0932 -2619.1907
v 3471.3533 360.0932 -2577.2788
v 3471.3533 431.5932 -2577.2788
v 3590.6846 324.2293 -2595.0205
v 3485.6333 324.2293 -2579.4019
v 3322.9841 360.0932 -2555.2200
v 3322.9841 431.5932 -2555.2200
v 3337.2642 324.2293 -2557.3430
v 3322.9841 338.6664 -2555.2200
v 3174.6150 360.0932 -2533.1611
v 3174.6150 431.5932 -2533.1611
v 3174.6150 338.6664 -2533.1611
v 3026.2458 360.0932 -2511.1023
v 3026.2458 431.5932 -2511.1023
v 3159.7781 360.0932 -2530.9553
v 3159.7781 431.5932 -2530.9553
v 3040.5259 324.2293 -2513.2253
v 3145.5771 324.2293 -2528.8440
v 2877.8767 360.0932 -2489.0435
v 2877.8767 431.5932 -2489.0435
v 2877.8767 357.0932 -2489.0435
v 2997.2080 324.2293 -2506.7852
v 2892.1567 324.2293 -2491.1665
v 2729.5076 360.0932 -2466.9846
v 2729.5076 431.5932 -2466.9846
v 2729.5076 357.0932 -2466.9846
v 2714.6707 360.0932 -2464.7788
v 2714.6707 431.5932 -2464.7788
v 2714.6707 357.0932 -2464.7788
v 4377.3398 467.5312 -2711.9766
v 2402.2400 467.5312 -2418.3281
v 4213.1992 517.5932 -2687.5730
v 4213.1992 589.0932 -2687.5730
v 4346.7314 517.5932 -2707.4258
v 4346.7314 589.0932 -2707.4258
v 4064.8298 517.5932 -2665.5142
v 4064.8298 589.0932 -2665.5142
v 4198.3623 517.5932 -2685.3669
v 4198.3623 589.0932 -2685.3669
v 4079.6150 481.7187 -2667.7122
v 2432.7690 589.0932 -2422.8669
v 2566.3015 517.5932 -2442.7200
v 2566.3015 589.0932 -2442.7200
v 2551.5955 481.7187 -2440.5334
v 2447.5542 481.7187 -2425.0652
v 3916.4607 517.5932 -2643.4553
v 3916.4607 589.0932 -2643.4553
v 4035.2871 481.7187 -2661.1218
v 3768.0916 517.5932 -2621.3965
v 3768.0916 589.0932 -2621.3965
v 3619.7224 517.5932 -2599.3376
v 3619.7224 589.0932 -2599.3376
v 3753.2546 517.5932 -2619.1907
v 3753.2546 589.0932 -2619.1907
v 3471.3533 517.5932 -2577.2788
v 3471.3533 589.0932 -2577.2788
v 3590.1797 481.7187 -2594.9453
v 3322.9841 517.5932 -2555.2200
v 3322.9841 589.0932 -2555.2200
v 3337.7693 481.7187 -2557.4182
v 3174.6150 517.5932 -2533.1611
v 3174.6150 589.0932 -2533.1611
v 3026.2458 517.5932 -2511.1023
v 3026.2458 589.0932 -2511.1023
v 3159.7781 517.5932 -2530.9553
v 3159.7781 589.0932 -2530.9553
v 2877.8767 517.5932 -2489.0435
v 2877.8767 589.0932 -2489.0435
v 2996.7029 481.7187 -2506.7100
v 2892.6619 481.7187 -2491.2417
v 2729.5076 517.5932 -2466.9846
v 2729.5076 589.0932 -2466.9846
v 2714.6707 517.5932 -2464.7788
v 2714.6707 589.0932 -2464.7788
v 4376.8345 625.0206 -2711.9014
v 4213.1992 675.0932 -2687.5730
v 4213.1992 746.5932 -2687.5730
v 4346.7314 675.0932 -2707.4258
v 4346.7314 746.5932 -2707.4258
v 4064.8298 675.0932 -2665.5142
v 4064.8298 746.5932 -2665.5142
v 4198.3623 675.0932 -2685.3669
v 4198.3623 746.5932 -2685.3669
v 4080.1201 639.2081 -2667.7874
v 2432.7690 675.0932 -2422.8669
v 2432.7690 746.5932 -2422.8669
v 2566.3015 675.0932 -2442.7200
v 2566.3015 746.5932 -2442.7200
v 2551.0903 639.2081 -2440.4585
v 2448.0593 639.2081 -2425.1404
v 3916.4607 675.0932 -2643.4553
v 3916.4607 746.5932 -2643.4553
v 4034.7820 639.2081 -2661.0466
v 3768.0916 675.0932 -2621.3965
v 3768.0916 746.5932 -2621.3965
v 3619.7224 675.0932 -2599.3376
v 3619.7224 746.5932 -2599.3376
v 3753.2546 675.0932 -2619.1907
v 3753.2546 746.5932 -2619.1907
v 3471.3533 675.0932 -2577.2788
v 3471.3533 746.5932 -2577.2788
v 3589.6746 639.2081 -2594.8701
v 3322.9841 675.0932 -2555.2200
v 3322.9841 746.5932 -2555.2200
v 3338.2742 639.2081 -2557.4932
v 3174.6150 675.0932 -2533.1611
v 3174.6150 746.5932 -2533.1611
v 3026.2458 675.0932 -2511.1023
v 3026.2458 746.5932 -2511.1023
v 3159.7781 675.0932 -2530.9553
v 3159.7781 746.5932 -2530.9553
v 2877.8767 675.0932 -2489.0435
v 2877.8767 746.5932 -2489.0435
v 2996.1980 639.2081 -2506.6350
v 2893.1667 639.2081 -2491.3167
v 2729.5076 675.0932 -2466.9846
v 2729.5076 746.5932 -2466.9846
v 2714.6707 675.0932 -2464.7788
v 2714.6707 746.5932 -2464.7788
v 4376.8584 639.2081 -2711.9050
v 4376.3296 782.5100 -2711.8264
v 4213.1992 832.5933 -2687.5730
v 4213.1992 904.0932 -2687.5730
v 4346.7314 832.5933 -2707.4258
v 4346.7314 904.0932 -2707.4258
v 4064.8298 832.5933 -2665.5142
v 4064.8298 904.0932 -2665.5142
v 4198.3623 832.5933 -2685.3669
v 4198.3623 904.0932 -2685.3669
v 4080.6250 796.6976 -2667.8625
v 2432.7690 832.5933 -2422.8669
v 2432.7690 904.0932 -2422.8669
v 2566.3015 832.5933 -2442.7200
v 2566.3015 904.0932 -2442.7200
v 2550.5854 796.6976 -2440.3833
v 2448.5642 796.6976 -2425.2153
v 3916.4607 832.5933 -2643.4553
v 3916.4607 904.0932 -2643.4553
v 4034.2769 796.6976 -2660.9717
v 3768.0916 832.5933 -2621.3965
v 3768.0916 904.0932 -2621.3965
v 3619.7224 832.5933 -2599.3376
v 3619.7224 904.0932 -2599.3376
v 3753.2546 832.5933 -2619.1907
v 3753.2546 904.0932 -2619.1907
v 3471.3533 832.5933 -2577.2788
v 3471.3533 904.0932 -2577.2788
v 3589.1694 796.6976 -2594.7952
v 3322.9841 832.5933 -2555.2200
v 3322.9841 904.0932 -2555.2200
v 3338.7793 796.6976 -2557.5684
v 3174.6150 832.5933 -2533.1611
v 3174.6150 904.0932 -2533.1611
v 3026.2458 832.5933 -2511.1023
v 3026.2458 904.0932 -2511.1023
v 3159.7781 832.5933 -2530.9553
v 3159.7781 904.0932 -2530.9553
v 2877.8767 832.5933 -2489.0435
v 2877.8767 904.0932 -2489.0435
v 2995.6929 796.6976 -2506.5598
v 2893.6719 796.6976 -2491.3918
v 2729.5076 832.5933 -2466.9846
v 2729.5076 904.0932 -2466.9846
v 2714.6707 832.5933 -2464.7788
v 2714.6707 904.0932 -2464.7788
v 4375.8247 939.9995 -2711.7512
v 4361.5684 925.5863 -2709.6318
v 2417.9321 925.6663 -2420.6611
v 4361.5684 1057.2375 -2709.6318
v 4361.5684 990.0932 -2709.6318
v 4375.8247 1089.9995 -2711.7512
v 4361.5684 1075.5864 -2709.6318
v 2417.9321 1057.2375 -2420.6611
v 2417.9321 990.0932 -2420.6611
v 2417.9321 1075.6664 -2420.6611
v 4213.1992 1057.2375 -2687.5730
v 4213.1992 990.0932 -2687.5730
v 4213.1992 1075.5864 -2687.5730
v 4198.3623 1057.2375 -2685.3669
v 4198.3623 990.0932 -2685.3669
v 4064.8298 1057.2375 -2665.5142
v 4064.8298 990.0932 -2665.5142
v 4064.8298 1075.5864 -2665.5142
v 4079.0864 1089.9995 -2667.6335
v 4184.1851 1089.9995 -2683.2593
v 2566.3015 1057.2375 -2442.7200
v 2566.3015 990.0932 -2442.7200
v 2552.1240 1089.9995 -2440.6121
v 2566.3015 1075.6664 -2442.7200
v 3916.4607 1057.2375 -2643.4553
v 3916.4607 990.0932 -2643.4553
v 3916.4607 1075.5864 -2643.4553
v 4035.8157 1089.9995 -2661.2004
v 3768.0916 1057.2375 -2621.3965
v 3768.0916 990.0932 -2621.3965
v 3782.3481 1089.9995 -2623.5161
v 3753.2546 1057.2375 -2619.1907
v 3753.2546 990.0932 -2619.1907
v 3619.7224 1057.2375 -2599.3376
v 3619.7224 990.0932 -2599.3376
v 3739.0774 1089.9995 -2617.0828
v 3633.9788 1089.9995 -2601.4573
v 3471.3533 1057.2375 -2577.2788
v 3471.3533 990.0932 -2577.2788
v 3590.7083 1089.9995 -2595.0239
v 3485.6096 1089.9995 -2579.3984
v 3322.9841 1057.2375 -2555.2200
v 3322.9841 990.0932 -2555.2200
v 3322.9841 1075.5864 -2555.2200
v 3337.2405 1089.9995 -2557.3396
v 3174.6150 1057.2375 -2533.1611
v 3174.6150 990.0932 -2533.1611
v 3188.8713 1089.9995 -2535.2808
v 3159.7781 1057.2375 -2530.9553
v 3159.7781 990.0932 -2530.9553
v 3026.2458 1057.2375 -2511.1023
v 3026.2458 990.0932 -2511.1023
v 3159.7781 1075.6664 -2530.9553
v 3040.5022 1089.9995 -2513.2219
v 2877.8767 1057.2375 -2489.0435
v 2877.8767 990.0932 -2489.0435
v 2997.2317 1089.9995 -2506.7886
v 2892.1331 1089.9995 -2491.1631
v 2877.8767 1075.5864 -2489.0435
v 2729.5076 1057.2375 -2466.9846
v 2729.5076 990.0932 -2466.9846
v 2743.7639 1089.9995 -2469.1042
v 2714.6707 1057.2375 -2464.7788
v 2714.6707 990.0932 -2464.7788
v 2714.6707 1075.6664 -2464.7788
v 4229.4995 954.1870 -2689.9963
v 4182.1411 954.1870 -2682.9553
v 4081.1301 954.1870 -2667.9375
v 2449.0693 954.1870 -2425.2905
v 2550.0803 954.1870 -2440.3083
v 3932.7610 954.1870 -2645.8787
v 4033.7720 954.1870 -2660.8965
v 3885.4028 954.1870 -2638.8376
v 3784.3918 954.1870 -2623.8198
v 3636.0227 954.1870 -2601.7610
v 3737.0337 954.1870 -2616.7788
v 3487.6536 954.1870 -2579.7021
v 3588.6646 954.1870 -2594.7200
v 3339.2844 954.1870 -2557.6433
v 3291.9260 954.1870 -2550.6023
v 3190.9150 954.1870 -2535.5845
v 3042.5459 954.1870 -2513.5256
v 3143.5571 954.1870 -2528.5437
v 2894.1768 954.1870 -2491.4670
v 2995.1877 954.1870 -2506.4849
v 2745.8076 954.1870 -2469.4082
v 2846.8186 954.1870 -2484.4260
v 2698.4495 954.1870 -2462.3672
v 2597.4385 954.1870 -2447.3494
v 4213.1992 1167.7839 -2687.5730
v 4346.7314 1167.7839 -2707.4258
v 4064.8298 1167.7839 -2665.5142
v 4198.3623 1167.7839 -2685.3669
v 2449.0693 1104.1870 -2425.2905
v 2432.7690 1167.7839 -2422.8669
v 2566.3015 1167.7839 -2442.7200
v 3933.0552 1104.1870 -2643.9004
v 3916.4607 1167.7839 -2643.4553
v 3768.0916 1167.7839 -2621.3965
v 3619.7224 1167.7839 -2599.3376
v 3753.2546 1167.7839 -2619.1907
v 3471.3533 1167.7839 -2577.2788
v 3339.2844 1104.1870 -2557.6433
v 3322.9841 1167.7839 -2555.2200
v 3174.6150 1167.7839 -2533.1611
v 3159.7781 1167.7839 -2530.9553
v 3026.2458 1167.7839 -2511.1023
v 2877.8767 1167.7839 -2489.0435
v 2729.5076 1167.7839 -2466.9846
v 2714.6707 1167.7839 -2464.7788
v 4064.8298 925.5863 -2665.5142
v 4080.0964 625.0206 -2667.7839
v 2448.0356 625.0206 -2425.1367
v 2551.1140 625.0206 -2440.4619
v 2449.0457 310.0417 -2425.2869
v 3337.2405 939.9995 -2557.3396
v 3932.5500 796.6976 -2643.8254
v 3337.7456 782.5100 -2557.4146
v 4034.8057 625.0206 -2661.0503
v 3589.6982 625.0206 -2594.8738
v 3338.2505 625.0206 -2557.4897
v 2893.1431 625.0206 -2491.3132
v 2996.2217 625.0206 -2506.6384
v 3932.5264 467.5312 -2643.8218
v 3338.7556 467.5312 -2557.5647
v 3932.7373 310.0417 -2645.8752
v 3339.2605 310.0417 -2557.6399
v 4098.1304 1180.6810 -2637.1023
v 2726.4573 89.2839 -2433.1685
v 2716.5659 1172.2839 -2431.6978
v 2712.1301 85.1555 -2431.0383
v 2726.4573 1172.2839 -2433.1685
v 4097.6216 88.3351 -2637.0266
v 4097.6216 81.2328 -2637.0266
v 4097.0811 81.7362 -2636.9463
v 2713.2913 81.7362 -2431.2109
v 2263.4045 2357.7839 -2389.0933
v 1968.5709 2357.7839 -2345.7644
v 1970.7769 2357.7839 -2330.9275
v 12.3774 2357.7839 -2039.2563
v 2261.8606 2357.7839 -2399.4790
v 8.6274 2357.7839 -2064.4790
v 2232.4805 1253.7839 -2393.0891
v 2232.4805 1359.5933 -2393.0891
v 2232.4805 1326.7399 -2393.0891
v 2232.7747 1326.7399 -2391.1108
v 2232.7747 1477.1355 -2391.1108
v 2232.4805 1484.2292 -2393.0891
v 2232.4805 1517.0933 -2393.0891
v 2232.7747 1634.6249 -2391.1108
v 2232.4805 1641.7188 -2393.0891
v 2232.4805 1434.0933 -2393.0891
v 2232.4805 1799.2081 -2393.0891
v 2232.7747 1799.2081 -2391.1108
v 2232.4805 1785.0205 -2393.0891
v 2232.7747 1785.0205 -2391.1108
v 2232.4805 1591.5933 -2393.0891
v 2232.7747 1949.6038 -2391.1108
v 2232.7747 1956.6975 -2391.1108
v 2232.4805 1956.6975 -2393.0891
v 2232.4070 1677.5933 -2393.5837
v 2232.4805 1942.5100 -2393.0891
v 2232.4805 2064.0933 -2393.0891
v 2232.1865 2327.7839 -2395.0674
v 2232.7747 2107.0933 -2391.1108
v 2232.4070 2220.2375 -2393.5837
v 2232.4805 2249.9995 -2393.0891
v 2232.4805 2147.0933 -2393.0891
v 2232.7747 2249.9995 -2391.1108
v 38.5953 2249.9995 -2066.9126
v 38.5953 2220.2375 -2066.9126
v 38.3012 2327.7839 -2068.8909
v 38.8894 2107.0933 -2064.9343
v 38.5218 1989.5933 -2067.4072
v 38.8894 1949.6038 -2064.9343
v 38.5953 1835.0933 -2066.9126
v 38.5953 2150.0933 -2066.9126
v 38.8894 1785.0205 -2064.9343
v 38.5218 1674.5933 -2067.4072
v 38.5953 1594.5933 -2066.9126
v 38.5953 1520.0933 -2066.9126
v 38.3012 1253.7839 -2068.8909
v 38.8894 1477.1355 -2064.9343
v 38.5218 1359.5933 -2067.4072
v 38.5953 1326.7399 -2066.9126
v 38.5218 1437.0933 -2067.4072
v 38.5953 1677.5933 -2066.9126
v 1776.9774 1276.5933 -2325.3669
v 1643.4452 1276.5933 -2305.5142
v 1643.4452 1295.5863 -2305.5142
v 1760.2750 1312.5522 -2322.8838
v 1925.3466 1276.5933 -2347.4258
v 1791.8143 1276.5933 -2327.5730
v 1908.6443 1312.5522 -2344.9426
v 1808.5958 1312.5522 -2330.0679
v 1495.0760 1276.5933 -2283.4553
v 1495.0760 1295.5863 -2283.4553
v 1611.9059 1312.5522 -2300.8250
v 1480.2391 1276.5933 -2281.2493
v 1346.7069 1276.5933 -2261.3965
v 1346.7069 1295.5863 -2261.3965
v 1363.4884 1312.5522 -2263.8914
v 1463.5367 1312.5522 -2278.7661
v 1198.3376 1276.5933 -2239.3376
v 1215.1193 1312.5522 -2241.8325
v 1049.9685 1276.5933 -2217.2788
v 1166.7985 1312.5522 -2234.6484
v 1066.7501 1312.5522 -2219.7737
v 901.5994 1276.5933 -2195.2200
v 918.3809 1312.5522 -2197.7148
v 901.5994 1295.5863 -2195.2200
v 753.2302 1276.5933 -2173.1611
v 753.2302 1295.5863 -2173.1611
v 738.3933 1276.5933 -2170.9553
v 604.8611 1276.5933 -2151.1023
v 604.8611 1295.5863 -2151.1023
v 721.6910 1312.5522 -2168.4719
v 456.4919 1276.5933 -2129.0435
v 573.3218 1312.5522 -2146.4131
v 473.2734 1312.5522 -2131.5386
v 456.4919 1295.5863 -2129.0435
v 308.1228 1276.5933 -2106.9846
v 324.9043 1312.5522 -2109.4797
v 293.2858 1276.5933 -2104.7788
v 159.7536 1276.5933 -2084.9258
v 293.2858 1295.6664 -2104.7788
v 176.5351 1312.5522 -2087.4209
v 2073.7158 1276.5933 -2369.4846
v 1956.9650 1312.5522 -2352.1267
v 2057.0134 1312.5522 -2367.0015
v 2073.7158 1295.6664 -2369.4846
v 128.2143 1312.5522 -2080.2368
v 1940.1835 1362.5933 -2349.6318
v 1940.1835 1434.0933 -2349.6318
v 2073.7158 1362.5933 -2369.4846
v 2073.7158 1434.0933 -2369.4846
v 1791.8143 1362.5933 -2327.5730
v 1791.8143 1434.0933 -2327.5730
v 159.7536 1362.5933 -2084.9258
v 159.7536 1434.0933 -2084.9258
v 293.2858 1362.5933 -2104.7788
v 293.2858 1434.0933 -2104.7788
v 1643.4452 1362.5933 -2305.5142
v 1643.4452 1434.0933 -2305.5142
v 1776.9774 1362.5933 -2325.3669
v 1776.9774 1434.0933 -2325.3669
v 1495.0760 1362.5933 -2283.4553
v 1495.0760 1434.0933 -2283.4553
v 1346.7069 1362.5933 -2261.3965
v 1346.7069 1434.0933 -2261.3965
v 1480.2391 1362.5933 -2281.2493
v 1480.2391 1434.0933 -2281.2493
v 1198.3376 1362.5933 -2239.3376
v 1198.3376 1434.0933 -2239.3376
v 1049.9685 1362.5933 -2217.2788
v 1049.9685 1434.0933 -2217.2788
v 901.5994 1362.5933 -2195.2200
v 901.5994 1434.0933 -2195.2200
v 753.2302 1362.5933 -2173.1611
v 753.2302 1434.0933 -2173.1611
v 604.8611 1362.5933 -2151.1023
v 604.8611 1434.0933 -2151.1023
v 738.3933 1362.5933 -2170.9553
v 738.3933 1434.0933 -2170.9553
v 456.4919 1362.5933 -2129.0435
v 456.4919 1434.0933 -2129.0435
v 308.1228 1362.5933 -2106.9846
v 308.1228 1434.0933 -2106.9846
v 2104.8291 1470.0417 -2374.1104
v 128.7193 1470.0417 -2080.3118
v 1940.1835 1520.0933 -2349.6318
v 1940.1835 1591.5933 -2349.6318
v 2073.7158 1520.0933 -2369.4846
v 2073.7158 1591.5933 -2369.4846
v 2059.5149 1484.2292 -2367.3733
v 1954.4636 1484.2292 -2351.7549
v 1940.1835 1498.6664 -2349.6318
v 1791.8143 1520.0933 -2327.5730
v 1791.8143 1591.5933 -2327.5730
v 1806.0945 1484.2292 -2329.6960
v 159.7536 1520.0933 -2084.9258
v 159.7536 1591.5933 -2084.9258
v 293.2858 1520.0933 -2104.7788
v 293.2858 1591.5933 -2104.7788
v 293.2858 1498.5863 -2104.7788
v 174.0337 1484.2292 -2087.0488
v 1643.4452 1520.0933 -2305.5142
v 1643.4452 1591.5933 -2305.5142
v 1776.9774 1520.0933 -2325.3669
v 1776.9774 1591.5933 -2325.3669
v 1776.9774 1498.5863 -2325.3669
v 1657.7253 1484.2292 -2307.6372
v 1495.0760 1520.0933 -2283.4553
v 1495.0760 1591.5933 -2283.4553
v 1495.0760 1498.6664 -2283.4553
v 1614.4073 1484.2292 -2301.1968
v 1346.7069 1520.0933 -2261.3965
v 1346.7069 1591.5933 -2261.3965
v 1480.2391 1520.0933 -2281.2493
v 1480.2391 1591.5933 -2281.2493
v 1480.2391 1498.5863 -2281.2493
v 1360.9869 1484.2292 -2263.5195
v 1346.7069 1498.6664 -2261.3965
v 1198.3376 1520.0933 -2239.3376
v 1198.3376 1591.5933 -2239.3376
v 1212.6178 1484.2292 -2241.4607
v 1049.9685 1520.0933 -2217.2788
v 1049.9685 1591.5933 -2217.2788
v 1169.2999 1484.2292 -2235.0205
v 1064.2487 1484.2292 -2219.4019
v 901.5994 1520.0933 -2195.2200
v 901.5994 1591.5933 -2195.2200
v 901.5994 1498.6664 -2195.2200
v 915.8795 1484.2292 -2197.3430
v 753.2302 1520.0933 -2173.1611
v 753.2302 1591.5933 -2173.1611
v 767.5103 1484.2292 -2175.2842
v 604.8611 1520.0933 -2151.1023
v 604.8611 1591.5933 -2151.1023
v 738.3933 1520.0933 -2170.9553
v 738.3933 1591.5933 -2170.9553
v 738.3933 1498.5863 -2170.9553
v 619.1412 1484.2292 -2153.2253
v 456.4919 1520.0933 -2129.0435
v 456.4919 1591.5933 -2129.0435
v 575.8232 1484.2292 -2146.7852
v 470.7720 1484.2292 -2131.1665
v 456.4919 1498.6664 -2129.0435
v 308.1228 1520.0933 -2106.9846
v 308.1228 1591.5933 -2106.9846
v 322.4029 1484.2292 -2109.1077
v 2104.3242 1627.5311 -2374.0354
v 129.2243 1627.5311 -2080.3870
v 1940.1835 1677.5933 -2349.6318
v 1940.1835 1749.0931 -2349.6318
v 2073.7158 1677.5933 -2369.4846
v 2073.7158 1749.0931 -2369.4846
v 1940.1835 1674.5933 -2349.6318
v 2059.0098 1641.7188 -2367.2983
v 1954.9686 1641.7188 -2351.8298
v 1791.8143 1677.5933 -2327.5730
v 1791.8143 1749.0931 -2327.5730
v 1806.5995 1641.7188 -2329.7710
v 159.7536 1677.5933 -2084.9258
v 159.7536 1749.0931 -2084.9258
v 293.2858 1677.5933 -2104.7788
v 293.2858 1749.0931 -2104.7788
v 278.5799 1641.7188 -2102.5923
v 174.5387 1641.7188 -2087.1240
v 1643.4452 1677.5933 -2305.5142
v 1643.4452 1749.0931 -2305.5142
v 1776.9774 1677.5933 -2325.3669
v 1776.9774 1749.0931 -2325.3669
v 1643.4452 1674.5933 -2305.5142
v 1776.9774 1674.5933 -2325.3669
v 1495.0760 1677.5933 -2283.4553
v 1495.0760 1749.0931 -2283.4553
v 1495.0760 1656.6664 -2283.4553
v 1613.9023 1641.7188 -2301.1218
v 1346.7069 1677.5933 -2261.3965
v 1346.7069 1749.0931 -2261.3965
v 1480.2391 1677.5933 -2281.2493
v 1480.2391 1749.0931 -2281.2493
v 1346.7069 1674.5933 -2261.3965
v 1480.2391 1674.5933 -2281.2493
v 1361.4919 1641.7188 -2263.5947
v 1198.3376 1677.5933 -2239.3376
v 1198.3376 1749.0931 -2239.3376
v 1213.1228 1641.7188 -2241.5359
v 1049.9685 1677.5933 -2217.2788
v 1049.9685 1749.0931 -2217.2788
v 1049.9685 1674.5933 -2217.2788
v 1168.7949 1641.7188 -2234.9453
v 901.5994 1677.5933 -2195.2200
v 901.5994 1749.0931 -2195.2200
v 901.5994 1656.6664 -2195.2200
v 916.3845 1641.7188 -2197.4182
v 753.2302 1677.5933 -2173.1611
v 753.2302 1749.0931 -2173.1611
v 753.2302 1656.6664 -2173.1611
v 604.8611 1677.5933 -2151.1023
v 604.8611 1749.0931 -2151.1023
v 738.3933 1677.5933 -2170.9553
v 738.3933 1749.0931 -2170.9553
v 723.6874 1641.7188 -2168.7688
v 619.6462 1641.7188 -2153.3005
v 456.4919 1677.5933 -2129.0435
v 456.4919 1749.0931 -2129.0435
v 471.2770 1641.7188 -2131.2417
v 456.4919 1656.6664 -2129.0435
v 575.3182 1641.7188 -2146.7100
v 308.1228 1677.5933 -2106.9846
v 308.1228 1749.0931 -2106.9846
v 308.1228 1656.6664 -2106.9846
v 129.7294 1785.0205 -2080.4619
v 1940.1835 1835.0933 -2349.6318
v 1940.1835 1906.5933 -2349.6318
v 2073.7158 1835.0933 -2369.4846
v 2073.7158 1906.5933 -2369.4846
v 1955.4736 1799.2081 -2351.9050
v 2058.5049 1799.2081 -2367.2231
v 1791.8143 1835.0933 -2327.5730
v 1791.8143 1906.5933 -2327.5730
v 159.7536 1835.0933 -2084.9258
v 159.7536 1906.5933 -2084.9258
v 293.2858 1835.0933 -2104.7788
v 293.2858 1906.5933 -2104.7788
v 1643.4452 1835.0933 -2305.5142
v 1643.4452 1906.5933 -2305.5142
v 1776.9774 1835.0933 -2325.3669
v 1776.9774 1906.5933 -2325.3669
v 1495.0760 1835.0933 -2283.4553
v 1495.0760 1906.5933 -2283.4553
v 1613.3972 1799.2081 -2301.0466
v 1346.7069 1835.0933 -2261.3965
v 1346.7069 1906.5933 -2261.3965
v 1480.2391 1835.0933 -2281.2493
v 1480.2391 1906.5933 -2281.2493
v 1361.9969 1799.2081 -2263.6697
v 1198.3376 1835.0933 -2239.3376
v 1198.3376 1906.5933 -2239.3376
v 1049.9685 1835.0933 -2217.2788
v 1049.9685 1906.5933 -2217.2788
v 1168.2899 1799.2081 -2234.8701
v 901.5994 1835.0933 -2195.2200
v 901.5994 1906.5933 -2195.2200
v 916.8895 1799.2081 -2197.4932
v 753.2302 1835.0933 -2173.1611
v 753.2302 1906.5933 -2173.1611
v 604.8611 1835.0933 -2151.1023
v 604.8611 1906.5933 -2151.1023
v 738.3933 1835.0933 -2170.9553
v 738.3933 1906.5933 -2170.9553
v 456.4919 1835.0933 -2129.0435
v 456.4919 1906.5933 -2129.0435
v 471.7820 1799.2081 -2131.3167
v 574.8132 1799.2081 -2146.6350
v 308.1228 1835.0933 -2106.9846
v 308.1228 1906.5933 -2106.9846
v 129.7057 1799.2081 -2080.4585
v 130.2344 1942.5100 -2080.5371
v 1940.1835 1992.5933 -2349.6318
v 1940.1835 2064.0933 -2349.6318
v 2073.7158 1992.5933 -2369.4846
v 2073.7158 2064.0933 -2369.4846
v 2057.9998 1956.6975 -2367.1482
v 1955.9786 1956.6975 -2351.9800
v 1791.8143 1992.5933 -2327.5730
v 1791.8143 2064.0933 -2327.5730
v 159.7536 1992.5933 -2084.9258
v 159.7536 2064.0933 -2084.9258
v 293.2858 1992.5933 -2104.7788
v 293.2858 2064.0933 -2104.7788
v 1643.4452 1992.5933 -2305.5142
v 1643.4452 2064.0933 -2305.5142
v 1776.9774 1992.5933 -2325.3669
v 1776.9774 2064.0933 -2325.3669
v 1495.0760 1992.5933 -2283.4553
v 1495.0760 2064.0933 -2283.4553
v 1612.8922 1956.6975 -2300.9717
v 1346.7069 1992.5933 -2261.3965
v 1346.7069 2064.0933 -2261.3965
v 1480.2391 1992.5933 -2281.2493
v 1480.2391 2064.0933 -2281.2493
v 1362.5020 1956.6975 -2263.7449
v 1198.3376 1992.5933 -2239.3376
v 1198.3376 2064.0933 -2239.3376
v 1049.9685 1992.5933 -2217.2788
v 1049.9685 2064.0933 -2217.2788
v 1167.7848 1956.6975 -2234.7952
v 901.5994 1992.5933 -2195.2200
v 901.5994 2064.0933 -2195.2200
v 917.3945 1956.6975 -2197.5684
v 753.2302 1992.5933 -2173.1611
v 753.2302 2064.0933 -2173.1611
v 604.8611 1992.5933 -2151.1023
v 604.8611 2064.0933 -2151.1023
v 738.3933 1992.5933 -2170.9553
v 738.3933 2064.0933 -2170.9553
v 456.4919 1992.5933 -2129.0435
v 456.4919 2064.0933 -2129.0435
v 574.3082 1956.6975 -2146.5598
v 472.2870 1956.6975 -2131.3918
v 308.1228 1992.5933 -2106.9846
v 308.1228 2064.0933 -2106.9846
v 129.2007 1956.6975 -2080.3833
v 130.7394 2099.9995 -2080.6121
v 2088.5527 2217.2375 -2371.6904
v 2088.5527 2150.0933 -2371.6904
v 2102.8091 2249.9995 -2373.8101
v 144.9167 2217.2375 -2082.7200
v 144.9167 2150.0933 -2082.7200
v 144.9167 2235.6663 -2082.7200
v 130.7394 2249.9995 -2080.6121
v 1940.1835 2217.2375 -2349.6318
v 1940.1835 2150.0933 -2349.6318
v 1940.1835 2235.5864 -2349.6318
v 1954.4399 2249.9995 -2351.7512
v 2059.5383 2249.9995 -2367.3770
v 1791.8143 2217.2375 -2327.5730
v 1791.8143 2150.0933 -2327.5730
v 1791.8143 2235.5864 -2327.5730
v 293.2858 2217.2375 -2104.7788
v 293.2858 2150.0933 -2104.7788
v 279.1086 2249.9995 -2102.6709
v 1776.9774 2217.2375 -2325.3669
v 1776.9774 2150.0933 -2325.3669
v 1643.4452 2217.2375 -2305.5142
v 1643.4452 2150.0933 -2305.5142
v 1643.4452 2235.5864 -2305.5142
v 1762.8002 2249.9995 -2323.2593
v 1495.0760 2217.2375 -2283.4553
v 1495.0760 2150.0933 -2283.4553
v 1614.4310 2249.9995 -2301.2004
v 1509.3325 2249.9995 -2285.5750
v 1480.2391 2217.2375 -2281.2493
v 1480.2391 2150.0933 -2281.2493
v 1346.7069 2217.2375 -2261.3965
v 1346.7069 2150.0933 -2261.3965
v 1466.0619 2249.9995 -2279.1416
v 1360.9633 2249.9995 -2263.5161
v 1346.7069 2235.5864 -2261.3965
v 1198.3376 2217.2375 -2239.3376
v 1198.3376 2150.0933 -2239.3376
v 1212.5941 2249.9995 -2241.4573
v 1049.9685 2217.2375 -2217.2788
v 1049.9685 2150.0933 -2217.2788
v 1049.9685 2235.5864 -2217.2788
v 1169.3235 2249.9995 -2235.0239
v 901.5994 2217.2375 -2195.2200
v 901.5994 2150.0933 -2195.2200
v 915.8558 2249.9995 -2197.3396
v 901.5994 2235.5864 -2195.2200
v 753.2302 2217.2375 -2173.1611
v 753.2302 2150.0933 -2173.1611
v 767.4866 2249.9995 -2175.2808
v 738.3933 2217.2375 -2170.9553
v 738.3933 2150.0933 -2170.9553
v 604.8611 2217.2375 -2151.1023
v 604.8611 2150.0933 -2151.1023
v 724.2161 2249.9995 -2168.8474
v 619.1175 2249.9995 -2153.2219
v 456.4919 2217.2375 -2129.0435
v 456.4919 2150.0933 -2129.0435
v 575.8469 2249.9995 -2146.7886
v 470.7483 2249.9995 -2131.1631
v 456.4919 2235.5864 -2129.0435
v 308.1228 2217.2375 -2106.9846
v 308.1228 2150.0933 -2106.9846
v 308.1228 2235.5864 -2106.9846
v 1956.4836 2114.1870 -2352.0552
v 2057.4949 2114.1870 -2367.0730
v 1612.3872 2114.1870 -2300.8965
v 1363.0071 2114.1870 -2263.8198
v 1167.2798 2114.1870 -2234.7200
v 917.8995 2114.1870 -2197.6433
v 472.7921 2114.1870 -2131.4670
v 573.8032 2114.1870 -2146.4849
v 1940.1835 2327.7839 -2349.6318
v 2073.7158 2327.7839 -2369.4846
v 2153.3923 2249.9995 -2379.3086
v 1791.8143 2327.7839 -2327.5730
v 159.7536 2327.7839 -2084.9258
v 293.2858 2327.7839 -2104.7788
v 1776.9774 2327.7839 -2325.3669
v 1643.4452 2327.7839 -2305.5142
v 1495.0760 2327.7839 -2283.4553
v 1346.7069 2327.7839 -2261.3965
v 1480.2391 2327.7839 -2281.2493
v 1198.3376 2327.7839 -2239.3376
v 1049.9685 2327.7839 -2217.2788
v 901.5994 2327.7839 -2195.2200
v 753.2302 2327.7839 -2173.1611
v 604.8611 2327.7839 -2151.1023
v 738.3933 2327.7839 -2170.9553
v 753.5244 2235.5864 -2171.1829
v 753.5244 2130.6663 -2171.1829
v 753.5244 2327.7839 -2171.1829
v 456.4919 2327.7839 -2129.0435
v 308.1228 2327.7839 -2106.9846
v 2153.3923 2099.9995 -2379.3086
v 1954.9449 1942.5100 -2351.8264
v 2059.0334 1942.5100 -2367.3018
v 2153.3923 1942.5100 -2379.3086
v 2153.3923 1956.6975 -2379.3086
v 1955.4500 1785.0205 -2351.9014
v 2058.5283 1785.0205 -2367.2266
v 2153.3923 1785.0205 -2379.3086
v 2153.3923 1799.2081 -2379.3086
v 2153.3923 1627.5311 -2379.3086
v 2153.3923 1470.0417 -2379.3086
v 753.5244 1972.6664 -2171.1829
v 753.5244 2085.5864 -2171.1829
v 1613.9260 1942.5100 -2301.1252
v 1361.4683 1942.5100 -2263.5911
v 1168.8185 1942.5100 -2234.9487
v 916.3608 1942.5100 -2197.4146
v 753.5244 1814.6664 -2171.1829
v 753.5244 1927.5863 -2171.1829
v 575.3419 1942.5100 -2146.7136
v 471.2534 1942.5100 -2131.2380
v 1613.4210 1785.0205 -2301.0503
v 1361.9733 1785.0205 -2263.6663
v 1168.3135 1785.0205 -2234.8738
v 916.8658 1785.0205 -2197.4897
v 753.5244 1769.5863 -2171.1829
v 753.5244 1656.6664 -2171.1829
v 471.7584 1785.0205 -2131.3132
v 574.8369 1785.0205 -2146.6384
v 753.5244 1611.5863 -2171.1829
v 753.5244 1498.6664 -2171.1829
v 753.5244 1453.5863 -2171.1829
v 753.5244 1340.6664 -2171.1829
v 753.5244 1253.7839 -2171.1829
v 2153.3923 1312.5522 -2379.3086
v 453.4417 1249.2839 -2095.2273
v 443.5504 2332.2839 -2093.7566
v 4536.4204 2357.7839 -2727.0344
v 4538.5527 2357.7839 -2712.6921
v 4241.5864 2357.7839 -2683.7056
v 2285.3928 2357.7839 -2377.1975
v 2283.1135 2357.7839 -2392.5291
v 4505.4961 1253.7839 -2731.0303
v 4505.4961 1359.5933 -2731.0303
v 4505.4961 1326.7399 -2731.0303
v 4505.7900 1477.1355 -2729.0520
v 4505.4961 1517.0933 -2731.0303
v 4505.7900 1634.6249 -2729.0520
v 4505.4961 1434.0933 -2731.0303
v 4505.4961 1799.2081 -2731.0303
v 4505.4961 1785.0205 -2731.0303
v 4505.4961 1591.5933 -2731.0303
v 4505.7900 1949.6038 -2729.0520
v 4505.7900 1956.6975 -2729.0520
v 4505.4229 1677.5933 -2731.5249
v 4505.4961 2064.0933 -2731.0303
v 4505.2021 2327.7839 -2733.0085
v 4505.4229 2220.2375 -2731.5249
v 4505.4961 2249.9995 -2731.0303
v 4505.4961 2147.0933 -2731.0303
v 2311.6108 2249.9995 -2404.8538
v 2311.6108 2220.2375 -2404.8538
v 2311.3167 2327.7839 -2406.8320
v 2311.9050 2107.0933 -2402.8755
v 2311.5374 1989.5933 -2405.3484
v 2311.9050 1949.6038 -2402.8755
v 2311.6108 1835.0933 -2404.8538
v 2311.6108 2150.0933 -2404.8538
v 2311.9050 1785.0205 -2402.8755
v 2311.5374 1674.5933 -2405.3484
v 2311.6108 1594.5933 -2404.8538
v 2311.6108 1520.0933 -2404.8538
v 2311.3167 1253.7839 -2406.8320
v 2311.9050 1477.1355 -2402.8755
v 2311.5374 1359.5933 -2405.3484
v 2311.6108 1326.7399 -2404.8538
v 2311.5374 1437.0933 -2405.3484
v 2311.6108 1677.5933 -2404.8538
v 4049.9929 1276.5933 -2663.3081
v 3916.4607 1276.5933 -2643.4553
v 3916.4607 1295.5863 -2643.4553
v 3933.2424 1312.5522 -2645.9502
v 4033.2905 1312.5522 -2660.8250
v 4049.9929 1295.6664 -2663.3081
v 4198.3623 1276.5933 -2685.3669
v 4181.6597 1312.5522 -2682.8838
v 4081.6116 1312.5522 -2668.0090
v 3768.0916 1276.5933 -2621.3965
v 3768.0916 1295.5863 -2621.3965
v 3753.2546 1276.5933 -2619.1907
v 3619.7224 1276.5933 -2599.3376
v 3619.7224 1295.5863 -2599.3376
v 3736.5522 1312.5522 -2616.7073
v 3471.3533 1276.5933 -2577.2788
v 3588.1831 1312.5522 -2594.6484
v 3488.1348 1312.5522 -2579.7737
v 3322.9841 1276.5933 -2555.2200
v 3339.7656 1312.5522 -2557.7148
v 3322.9841 1295.5863 -2555.2200
v 3174.6150 1276.5933 -2533.1611
v 3191.3965 1312.5522 -2535.6562
v 3159.7781 1276.5933 -2530.9553
v 3026.2458 1276.5933 -2511.1023
v 3026.2458 1295.5863 -2511.1023
v 3143.0757 1312.5522 -2528.4719
v 2877.8767 1276.5933 -2489.0435
v 2877.8767 1295.5863 -2489.0435
v 2894.6582 1312.5522 -2491.5386
v 2994.7065 1312.5522 -2506.4131
v 2729.5076 1276.5933 -2466.9846
v 2746.2891 1312.5522 -2469.4797
v 2714.6707 1276.5933 -2464.7788
v 2581.1384 1276.5933 -2444.9258
v 2597.9199 1312.5522 -2447.4209
v 2697.9683 1312.5522 -2462.2957
v 2432.7690 1276.5933 -2422.8669
v 2549.5991 1312.5522 -2440.2368
v 2449.5508 1312.5522 -2425.3621
v 2432.7690 1295.5863 -2422.8669
v 4346.7314 1276.5933 -2707.4258
v 4213.1992 1276.5933 -2687.5730
v 4213.1992 1295.5863 -2687.5730
v 4330.0288 1312.5522 -2704.9426
v 4378.3496 1312.5522 -2712.1267
v 4213.1992 1362.5933 -2687.5730
v 4213.1992 1434.0933 -2687.5730
v 4346.7314 1362.5933 -2707.4258
v 4346.7314 1434.0933 -2707.4258
v 4064.8298 1362.5933 -2665.5142
v 4064.8298 1434.0933 -2665.5142
v 4198.3623 1362.5933 -2685.3669
v 4198.3623 1434.0933 -2685.3669
v 2432.7690 1362.5933 -2422.8669
v 2432.7690 1434.0933 -2422.8669
v 2566.3015 1362.5933 -2442.7200
v 2566.3015 1434.0933 -2442.7200
v 3916.4607 1362.5933 -2643.4553
v 3916.4607 1434.0933 -2643.4553
v 3768.0916 1362.5933 -2621.3965
v 3768.0916 1434.0933 -2621.3965
v 3619.7224 1362.5933 -2599.3376
v 3619.7224 1434.0933 -2599.3376
v 3753.2546 1362.5933 -2619.1907
v 3753.2546 1434.0933 -2619.1907
v 3471.3533 1362.5933 -2577.2788
v 3471.3533 1434.0933 -2577.2788
v 3322.9841 1362.5933 -2555.2200
v 3322.9841 1434.0933 -2555.2200
v 3336.7593 1326.7399 -2557.2681
v 3174.6150 1362.5933 -2533.1611
v 3174.6150 1434.0933 -2533.1611
v 3026.2458 1362.5933 -2511.1023
v 3026.2458 1434.0933 -2511.1023
v 3159.7781 1362.5933 -2530.9553
v 3159.7781 1434.0933 -2530.9553
v 2877.8767 1362.5933 -2489.0435
v 2877.8767 1434.0933 -2489.0435
v 2729.5076 1362.5933 -2466.9846
v 2729.5076 1434.0933 -2466.9846
v 2714.6707 1362.5933 -2464.7788
v 2714.6707 1434.0933 -2464.7788
v 4377.8447 1470.0417 -2712.0515
v 2401.7349 1470.0417 -2418.2529
v 4213.1992 1520.0933 -2687.5730
v 4213.1992 1591.5933 -2687.5730
v 4346.7314 1520.0933 -2707.4258
v 4346.7314 1591.5933 -2707.4258
v 4346.7314 1498.5863 -2707.4258
v 4227.4790 1484.2292 -2689.6960
v 4064.8298 1520.0933 -2665.5142
v 4064.8298 1591.5933 -2665.5142
v 4198.3623 1520.0933 -2685.3669
v 4198.3623 1591.5933 -2685.3669
v 4198.3623 1498.5863 -2685.3669
v 4079.1101 1484.2292 -2667.6372
v 4064.8298 1498.6664 -2665.5142
v 2432.7690 1520.0933 -2422.8669
v 2432.7690 1591.5933 -2422.8669
v 2566.3015 1520.0933 -2442.7200
v 2566.3015 1591.5933 -2442.7200
v 2566.3015 1498.5863 -2442.7200
v 2552.1003 1484.2292 -2440.6086
v 3916.4607 1520.0933 -2643.4553
v 3916.4607 1591.5933 -2643.4553
v 4035.7920 1484.2292 -2661.1968
v 3930.7410 1484.2292 -2645.5784
v 3768.0916 1520.0933 -2621.3965
v 3768.0916 1591.5933 -2621.3965
v 3768.0916 1498.6664 -2621.3965
v 3619.7224 1520.0933 -2599.3376
v 3619.7224 1591.5933 -2599.3376
v 3753.2546 1520.0933 -2619.1907
v 3753.2546 1591.5933 -2619.1907
v 3753.2546 1498.5863 -2619.1907
v 3634.0024 1484.2292 -2601.4607
v 3471.3533 1520.0933 -2577.2788
v 3471.3533 1591.5933 -2577.2788
v 3590.6846 1484.2292 -2595.0205
v 3485.6333 1484.2292 -2579.4019
v 3322.9841 1520.0933 -2555.2200
v 3322.9841 1591.5933 -2555.2200
v 3337.2642 1484.2292 -2557.3430
v 3322.9841 1498.6664 -2555.2200
v 3174.6150 1520.0933 -2533.1611
v 3174.6150 1591.5933 -2533.1611
v 3174.6150 1498.6664 -2533.1611
v 3026.2458 1520.0933 -2511.1023
v 3026.2458 1591.5933 -2511.1023
v 3159.7781 1520.0933 -2530.9553
v 3159.7781 1591.5933 -2530.9553
v 3040.5259 1484.2292 -2513.2253
v 3145.5771 1484.2292 -2528.8440
v 2877.8767 1520.0933 -2489.0435
v 2877.8767 1591.5933 -2489.0435
v 2997.2080 1484.2292 -2506.7852
v 2892.1567 1484.2292 -2491.1665
v 2877.8767 1498.6664 -2489.0435
v 2729.5076 1520.0933 -2466.9846
v 2729.5076 1591.5933 -2466.9846
v 2743.7876 1484.2292 -2469.1077
v 2714.6707 1520.0933 -2464.7788
v 2714.6707 1591.5933 -2464.7788
v 2714.6707 1498.5863 -2464.7788
v 4377.3398 1627.5311 -2711.9766
v 2402.2400 1627.5311 -2418.3281
v 4213.1992 1677.5933 -2687.5730
v 4213.1992 1749.0931 -2687.5730
v 4346.7314 1677.5933 -2707.4258
v 4346.7314 1749.0931 -2707.4258
v 4213.1992 1674.5933 -2687.5730
v 4346.7314 1674.5933 -2707.4258
v 4064.8298 1677.5933 -2665.5142
v 4064.8298 1749.0931 -2665.5142
v 4198.3623 1677.5933 -2685.3669
v 4198.3623 1749.0931 -2685.3669
v 4183.6562 1641.7188 -2683.1807
v 4079.6150 1641.7188 -2667.7122
v 4064.8298 1656.6664 -2665.5142
v 2432.7690 1677.5933 -2422.8669
v 2432.7690 1749.0931 -2422.8669
v 2566.3015 1677.5933 -2442.7200
v 2566.3015 1749.0931 -2442.7200
v 2551.5955 1641.7188 -2440.5334
v 2447.5542 1641.7188 -2425.0652
v 2566.3015 1656.5863 -2442.7200
v 3916.4607 1677.5933 -2643.4553
v 3916.4607 1749.0931 -2643.4553
v 3916.4607 1674.5933 -2643.4553
v 4035.2871 1641.7188 -2661.1218
v 3768.0916 1677.5933 -2621.3965
v 3768.0916 1749.0931 -2621.3965
v 3768.0916 1656.6664 -2621.3965
v 3619.7224 1677.5933 -2599.3376
v 3619.7224 1749.0931 -2599.3376
v 3753.2546 1677.5933 -2619.1907
v 3753.2546 1749.0931 -2619.1907
v 3619.7224 1674.5933 -2599.3376
v 3753.2546 1674.5933 -2619.1907
v 3471.3533 1677.5933 -2577.2788
v 3471.3533 1749.0931 -2577.2788
v 3590.1797 1641.7188 -2594.9453
v 3486.1384 1641.7188 -2579.4771
v 3322.9841 1677.5933 -2555.2200
v 3322.9841 1749.0931 -2555.2200
v 3322.9841 1674.5933 -2555.2200
v 3337.7693 1641.7188 -2557.4182
v 3174.6150 1677.5933 -2533.1611
v 3174.6150 1749.0931 -2533.1611
v 3174.6150 1656.6664 -2533.1611
v 3026.2458 1677.5933 -2511.1023
v 3026.2458 1749.0931 -2511.1023
v 3159.7781 1677.5933 -2530.9553
v 3159.7781 1749.0931 -2530.9553
v 3026.2458 1656.6664 -2511.1023
v 3159.7781 1674.5933 -2530.9553
v 2877.8767 1677.5933 -2489.0435
v 2877.8767 1749.0931 -2489.0435
v 2996.7029 1641.7188 -2506.7100
v 2892.6619 1641.7188 -2491.2417
v 2877.8767 1656.6664 -2489.0435
v 2729.5076 1677.5933 -2466.9846
v 2729.5076 1749.0931 -2466.9846
v 2744.2925 1641.7188 -2469.1829
v 2714.6707 1677.5933 -2464.7788
v 2714.6707 1749.0931 -2464.7788
v 2714.6707 1674.5933 -2464.7788
v 4376.8345 1785.0205 -2711.9014
v 4213.1992 1835.0933 -2687.5730
v 4213.1992 1906.5933 -2687.5730
v 4346.7314 1835.0933 -2707.4258
v 4346.7314 1906.5933 -2707.4258
v 4064.8298 1835.0933 -2665.5142
v 4064.8298 1906.5933 -2665.5142
v 4198.3623 1835.0933 -2685.3669
v 4198.3623 1906.5933 -2685.3669
v 4080.1201 1799.2081 -2667.7874
v 2432.7690 1835.0933 -2422.8669
v 2432.7690 1906.5933 -2422.8669
v 2566.3015 1835.0933 -2442.7200
v 2566.3015 1906.5933 -2442.7200
v 2551.0903 1799.2081 -2440.4585
v 2448.0593 1799.2081 -2425.1404
v 3916.4607 1835.0933 -2643.4553
v 3916.4607 1906.5933 -2643.4553
v 4034.7820 1799.2081 -2661.0466
v 3768.0916 1835.0933 -2621.3965
v 3768.0916 1906.5933 -2621.3965
v 3619.7224 1835.0933 -2599.3376
v 3619.7224 1906.5933 -2599.3376
v 3753.2546 1835.0933 -2619.1907
v 3753.2546 1906.5933 -2619.1907
v 3471.3533 1835.0933 -2577.2788
v 3471.3533 1906.5933 -2577.2788
v 3589.6746 1799.2081 -2594.8701
v 3322.9841 1835.0933 -2555.2200
v 3322.9841 1906.5933 -2555.2200
v 3338.2742 1799.2081 -2557.4932
v 3174.6150 1835.0933 -2533.1611
v 3174.6150 1906.5933 -2533.1611
v 3026.2458 1835.0933 -2511.1023
v 3026.2458 1906.5933 -2511.1023
v 3159.7781 1835.0933 -2530.9553
v 3159.7781 1906.5933 -2530.9553
v 2877.8767 1835.0933 -2489.0435
v 2877.8767 1906.5933 -2489.0435
v 2996.1980 1799.2081 -2506.6350
v 2893.1667 1799.2081 -2491.3167
v 2729.5076 1835.0933 -2466.9846
v 2729.5076 1906.5933 -2466.9846
v 2714.6707 1835.0933 -2464.7788
v 2714.6707 1906.5933 -2464.7788
v 4376.8584 1799.2081 -2711.9050
v 4376.3296 1942.5100 -2711.8264
v 4213.1992 1992.5933 -2687.5730
v 4213.1992 2064.0933 -2687.5730
v 4346.7314 1992.5933 -2707.4258
v 4346.7314 2064.0933 -2707.4258
v 4064.8298 1992.5933 -2665.5142
v 4064.8298 2064.0933 -2665.5142
v 4198.3623 1992.5933 -2685.3669
v 4198.3623 2064.0933 -2685.3669
v 4080.6250 1956.6975 -2667.8625
v 2432.7690 1992.5933 -2422.8669
v 2432.7690 2064.0933 -2422.8669
v 2566.3015 1992.5933 -2442.7200
v 2566.3015 2064.0933 -2442.7200
v 2550.5854 1956.6975 -2440.3833
v 2448.5642 1956.6975 -2425.2153
v 3916.4607 1992.5933 -2643.4553
v 3916.4607 2064.0933 -2643.4553
v 4034.2769 1956.6975 -2660.9717
v 3768.0916 1992.5933 -2621.3965
v 3768.0916 2064.0933 -2621.3965
v 3619.7224 1992.5933 -2599.3376
v 3619.7224 2064.0933 -2599.3376
v 3753.2546 1992.5933 -2619.1907
v 3753.2546 2064.0933 -2619.1907
v 3471.3533 1992.5933 -2577.2788
v 3471.3533 2064.0933 -2577.2788
v 3589.1694 1956.6975 -2594.7952
v 3322.9841 1992.5933 -2555.2200
v 3322.9841 2064.0933 -2555.2200
v 3338.7793 1956.6975 -2557.5684
v 3174.6150 1992.5933 -2533.1611
v 3174.6150 2064.0933 -2533.1611
v 3026.2458 1992.5933 -2511.1023
v 3026.2458 2064.0933 -2511.1023
v 3159.7781 1992.5933 -2530.9553
v 3159.7781 2064.0933 -2530.9553
v 2877.8767 1992.5933 -2489.0435
v 2877.8767 2064.0933 -2489.0435
v 2995.6929 1956.6975 -2506.5598
v 2893.6719 1956.6975 -2491.3918
v 2729.5076 1992.5933 -2466.9846
v 2729.5076 2064.0933 -2466.9846
v 2714.6707 1992.5933 -2464.7788
v 2714.6707 2064.0933 -2464.7788
v 4377.3633 1956.6975 -2711.9800
v 4375.8247 2099.9995 -2711.7512
v 4361.5684 2217.2375 -2709.6318
v 4361.5684 2150.0933 -2709.6318
v 4375.8247 2249.9995 -2711.7512
v 4361.5684 2235.5864 -2709.6318
v 2417.9321 2217.2375 -2420.6611
v 2417.9321 2150.0933 -2420.6611
v 2417.9321 2235.6663 -2420.6611
v 4213.1992 2217.2375 -2687.5730
v 4213.1992 2150.0933 -2687.5730
v 4213.1992 2235.5864 -2687.5730
v 4198.3623 2217.2375 -2685.3669
v 4198.3623 2150.0933 -2685.3669
v 4064.8298 2217.2375 -2665.5142
v 4064.8298 2150.0933 -2665.5142
v 4064.8298 2235.5864 -2665.5142
v 4079.0864 2249.9995 -2667.6335
v 4184.1851 2249.9995 -2683.2593
v 2566.3015 2217.2375 -2442.7200
v 2566.3015 2150.0933 -2442.7200
v 2552.1240 2249.9995 -2440.6121
v 2566.3015 2235.6663 -2442.7200
v 3916.4607 2217.2375 -2643.4553
v 3916.4607 2150.0933 -2643.4553
v 3916.4607 2235.5864 -2643.4553
v 4035.8157 2249.9995 -2661.2004
v 3768.0916 2217.2375 -2621.3965
v 3768.0916 2150.0933 -2621.3965
v 3782.3481 2249.9995 -2623.5161
v 3753.2546 2217.2375 -2619.1907
v 3753.2546 2150.0933 -2619.1907
v 3619.7224 2217.2375 -2599.3376
v 3619.7224 2150.0933 -2599.3376
v 3739.0774 2249.9995 -2617.0828
v 3633.9788 2249.9995 -2601.4573
v 3471.3533 2217.2375 -2577.2788
v 3471.3533 2150.0933 -2577.2788
v 3590.7083 2249.9995 -2595.0239
v 3485.6096 2249.9995 -2579.3984
v 3322.9841 2217.2375 -2555.2200
v 3322.9841 2150.0933 -2555.2200
v 3322.9841 2235.5864 -2555.2200
v 3337.2405 2249.9995 -2557.3396
v 3174.6150 2217.2375 -2533.1611
v 3174.6150 2150.0933 -2533.1611
v 3188.8713 2249.9995 -2535.2808
v 3159.7781 2217.2375 -2530.9553
v 3159.7781 2150.0933 -2530.9553
v 3026.2458 2217.2375 -2511.1023
v 3026.2458 2150.0933 -2511.1023
v 3159.7781 2235.6663 -2530.9553
v 3040.5022 2249.9995 -2513.2219
v 2877.8767 2217.2375 -2489.0435
v 2877.8767 2150.0933 -2489.0435
v 2997.2317 2249.9995 -2506.7886
v 2892.1331 2249.9995 -2491.1631
v 2877.8767 2235.5864 -2489.0435
v 2729.5076 2217.2375 -2466.9846
v 2729.5076 2150.0933 -2466.9846
v 2743.7639 2249.9995 -2469.1042
v 2714.6707 2217.2375 -2464.7788
v 2714.6707 2150.0933 -2464.7788
v 2714.6707 2235.6663 -2464.7788
v 4081.1301 2114.1870 -2667.9375
v 2449.0693 2114.1870 -2425.2905
v 2550.0803 2114.1870 -2440.3083
v 3932.7610 2114.1870 -2645.8787
v 4033.7720 2114.1870 -2660.8965
v 3588.6646 2114.1870 -2594.7200
v 3339.2844 2114.1870 -2557.6433
v 2894.1768 2114.1870 -2491.4670
v 2995.1877 2114.1870 -2506.4849
v 4213.1992 2327.7839 -2687.5730
v 4346.7314 2327.7839 -2707.4258
v 4064.8298 2327.7839 -2665.5142
v 4198.3623 2327.7839 -2685.3669
v 2449.0693 2264.1870 -2425.2905
v 2432.7690 2327.7839 -2422.8669
v 2566.3015 2327.7839 -2442.7200
v 3933.0552 2264.1870 -2643.9004
v 3916.4607 2327.7839 -2643.4553
v 3768.0916 2327.7839 -2621.3965
v 3619.7224 2327.7839 -2599.3376
v 3753.2546 2327.7839 -2619.1907
v 3471.3533 2327.7839 -2577.2788
v 3339.2844 2264.1870 -2557.6433
v 3322.9841 2327.7839 -2555.2200
v 3174.6150 2327.7839 -2533.1611
v 3159.7781 2327.7839 -2530.9553
v 3026.2458 2327.7839 -2511.1023
v 2877.8767 2327.7839 -2489.0435
v 2729.5076 2327.7839 -2466.9846
v 2714.6707 2327.7839 -2464.7788
v 4079.5913 1942.5100 -2667.7087
v 4080.0964 1785.0205 -2667.7839
v 2551.6191 1942.5100 -2440.5371
v 2447.5305 1942.5100 -2425.0618
v 2448.0356 1785.0205 -2425.1367
v 2551.1140 1785.0205 -2440.4619
v 2449.0457 1470.0417 -2425.2869
v 3337.2405 2099.9995 -2557.3396
v 4035.3108 1942.5100 -2661.1252
v 3932.5500 1956.6975 -2643.8254
v 3590.2034 1942.5100 -2594.9487
v 3337.7456 1942.5100 -2557.4146
v 3339.0735 1956.6975 -2555.5901
v 2996.7266 1942.5100 -2506.7136
v 2892.6382 1942.5100 -2491.2380
v 4034.8057 1785.0205 -2661.0503
v 3589.6982 1785.0205 -2594.8738
v 3338.2505 1785.0205 -2557.4897
v 2893.1431 1785.0205 -2491.3132
v 2996.2217 1785.0205 -2506.6384
v 3932.5264 1627.5311 -2643.8218
v 3338.7556 1627.5311 -2557.5647
v 3932.7373 1470.0417 -2645.8752
v 3339.2605 1470.0417 -2557.6399
v 4098.1304 2332.8867 -2637.1023
v 2726.4573 1249.2839 -2433.1685
v 2716.5659 2332.2839 -2431.6978
v 2712.1301 1245.1555 -2431.0383
v 2726.4573 2332.2839 -2433.1685
v 4097.6216 1248.3351 -2637.0266
v 2263.4045 3517.7839 -2389.0933
v 1968.5709 3517.7839 -2345.7644
v 1970.7769 3517.7839 -2330.9275
v 12.3774 3517.7839 -2039.2563
v 2261.8606 3517.7839 -2399.4790
v 8.6274 3517.7839 -2064.4790
v 2232.4805 2413.7839 -2393.0891
v 2232.4805 2519.5933 -2393.0891
v 2232.4805 2486.7397 -2393.0891
v 2232.7747 2486.7397 -2391.1108
v 2232.7747 2637.1355 -2391.1108
v 2232.4805 2644.2292 -2393.0891
v 2232.4805 2677.0933 -2393.0891
v 2232.7747 2794.6250 -2391.1108
v 2232.4805 2801.7188 -2393.0891
v 2232.4805 2834.5933 -2393.0891
v 2232.4805 2594.0933 -2393.0891
v 2232.4805 2959.2080 -2393.0891
v 2232.7747 2959.2080 -2391.1108
v 2232.4070 2912.0933 -2393.5837
v 2232.4805 2751.5933 -2393.0891
v 2232.7747 3109.6038 -2391.1108
v 2232.4805 3116.6975 -2393.0891
v 2232.4805 3102.5100 -2393.0891
v 2232.7747 3102.5100 -2391.1108
v 2232.4805 3224.0933 -2393.0891
v 2232.1865 3487.7839 -2395.0674
v 2232.7747 3267.0933 -2391.1108
v 2232.7747 3274.1870 -2391.1108
v 2232.4805 3274.1870 -2393.0891
v 2232.4070 3380.2375 -2393.5837
v 2232.4805 3409.9995 -2393.0891
v 2232.7747 3409.9995 -2391.1108
v 38.5953 3409.9995 -2066.9126
v 38.5953 3380.2375 -2066.9126
v 38.3012 3487.7839 -2068.8909
v 38.8894 3267.0933 -2064.9343
v 38.5953 3274.1870 -2066.9126
v 38.5218 3149.5933 -2067.4072
v 38.8894 3102.5100 -2064.9343
v 38.5953 2995.0933 -2066.9126
v 38.5953 2912.0933 -2066.9126
v 38.5218 2834.5933 -2067.4072
v 38.5953 2801.7188 -2066.9126
v 38.5953 2754.5933 -2066.9126
v 38.5953 2680.0933 -2066.9126
v 38.3012 2413.7839 -2068.8909
v 38.8894 2637.1355 -2064.9343
v 38.5218 2519.5933 -2067.4072
v 38.5953 2486.7397 -2066.9126
v 38.5218 2597.0933 -2067.4072
v 1776.9774 2436.5933 -2325.3669
v 1643.4452 2436.5933 -2305.5142
v 1643.4452 2455.5864 -2305.5142
v 1760.2750 2472.5522 -2322.8838
v 1925.3466 2436.5933 -2347.4258
v 1908.6443 2472.5522 -2344.9426
v 1808.5958 2472.5522 -2330.0679
v 1495.0760 2436.5933 -2283.4553
v 1495.0760 2455.5864 -2283.4553
v 1611.9059 2472.5522 -2300.8250
v 1480.2391 2436.5933 -2281.2493
v 1346.7069 2436.5933 -2261.3965
v 1346.7069 2455.5864 -2261.3965
v 1363.4884 2472.5522 -2263.8914
v 1463.5367 2472.5522 -2278.7661
v 1198.3376 2436.5933 -2239.3376
v 1215.1193 2472.5522 -2241.8325
v 1049.9685 2436.5933 -2217.2788
v 1166.7985 2472.5522 -2234.6484
v 1066.7501 2472.5522 -2219.7737
v 901.5994 2436.5933 -2195.2200
v 918.3809 2472.5522 -2197.7148
v 901.5994 2455.5864 -2195.2200
v 753.2302 2436.5933 -2173.1611
v 753.2302 2455.5864 -2173.1611
v 738.3933 2436.5933 -2170.9553
v 604.8611 2436.5933 -2151.1023
v 604.8611 2455.5864 -2151.1023
v 721.6910 2472.5522 -2168.4719
v 456.4919 2436.5933 -2129.0435
v 573.3218 2472.5522 -2146.4131
v 473.2734 2472.5522 -2131.5386
v 456.4919 2455.5864 -2129.0435
v 308.1228 2436.5933 -2106.9846
v 324.9043 2472.5522 -2109.4797
v 293.2858 2436.5933 -2104.7788
v 159.7536 2436.5933 -2084.9258
v 293.2858 2455.6663 -2104.7788
v 176.5351 2472.5522 -2087.4209
v 2073.7158 2436.5933 -2369.4846
v 1956.9650 2472.5522 -2352.1267
v 2057.0134 2472.5522 -2367.0015
v 2073.7158 2455.6663 -2369.4846
v 128.2143 2472.5522 -2080.2368
v 1940.1835 2522.5933 -2349.6318
v 1940.1835 2594.0933 -2349.6318
v 2073.7158 2522.5933 -2369.4846
v 2073.7158 2594.0933 -2369.4846
v 1791.8143 2522.5933 -2327.5730
v 1791.8143 2594.0933 -2327.5730
v 159.7536 2522.5933 -2084.9258
v 159.7536 2594.0933 -2084.9258
v 293.2858 2522.5933 -2104.7788
v 293.2858 2594.0933 -2104.7788
v 1643.4452 2522.5933 -2305.5142
v 1643.4452 2594.0933 -2305.5142
v 1776.9774 2522.5933 -2325.3669
v 1776.9774 2594.0933 -2325.3669
v 1495.0760 2522.5933 -2283.4553
v 1495.0760 2594.0933 -2283.4553
v 1346.7069 2522.5933 -2261.3965
v 1346.7069 2594.0933 -2261.3965
v 1480.2391 2522.5933 -2281.2493
v 1480.2391 2594.0933 -2281.2493
v 1198.3376 2522.5933 -2239.3376
v 1198.3376 2594.0933 -2239.3376
v 1049.9685 2522.5933 -2217.2788
v 1049.9685 2594.0933 -2217.2788
v 901.5994 2522.5933 -2195.2200
v 901.5994 2594.0933 -2195.2200
v 753.2302 2522.5933 -2173.1611
v 753.2302 2594.0933 -2173.1611
v 604.8611 2522.5933 -2151.1023
v 604.8611 2594.0933 -2151.1023
v 738.3933 2522.5933 -2170.9553
v 738.3933 2594.0933 -2170.9553
v 456.4919 2522.5933 -2129.0435
v 456.4919 2594.0933 -2129.0435
v 308.1228 2522.5933 -2106.9846
v 308.1228 2594.0933 -2106.9846
v 2104.8291 2630.0417 -2374.1104
v 144.9167 2613.6663 -2082.7200
v 128.7193 2630.0417 -2080.3118
v 1940.1835 2680.0933 -2349.6318
v 1940.1835 2751.5933 -2349.6318
v 2073.7158 2680.0933 -2369.4846
v 2073.7158 2751.5933 -2369.4846
v 2059.5149 2644.2292 -2367.3733
v 1954.4636 2644.2292 -2351.7549
v 1940.1835 2658.6663 -2349.6318
v 1791.8143 2680.0933 -2327.5730
v 1791.8143 2751.5933 -2327.5730
v 1806.0945 2644.2292 -2329.6960
v 159.7536 2680.0933 -2084.9258
v 159.7536 2751.5933 -2084.9258
v 293.2858 2680.0933 -2104.7788
v 293.2858 2751.5933 -2104.7788
v 293.2858 2658.5864 -2104.7788
v 1643.4452 2680.0933 -2305.5142
v 1643.4452 2751.5933 -2305.5142
v 1776.9774 2680.0933 -2325.3669
v 1776.9774 2751.5933 -2325.3669
v 1776.9774 2658.5864 -2325.3669
v 1657.7253 2644.2292 -2307.6372
v 1495.0760 2680.0933 -2283.4553
v 1495.0760 2751.5933 -2283.4553
v 1495.0760 2658.6663 -2283.4553
v 1614.4073 2644.2292 -2301.1968
v 1346.7069 2680.0933 -2261.3965
v 1346.7069 2751.5933 -2261.3965
v 1480.2391 2680.0933 -2281.2493
v 1480.2391 2751.5933 -2281.2493
v 1480.2391 2658.5864 -2281.2493
v 1360.9869 2644.2292 -2263.5195
v 1346.7069 2658.6663 -2261.3965
v 1198.3376 2680.0933 -2239.3376
v 1198.3376 2751.5933 -2239.3376
v 1212.6178 2644.2292 -2241.4607
v 1049.9685 2680.0933 -2217.2788
v 1049.9685 2751.5933 -2217.2788
v 1169.2999 2644.2292 -2235.0205
v 1064.2487 2644.2292 -2219.4019
v 901.5994 2680.0933 -2195.2200
v 901.5994 2751.5933 -2195.2200
v 901.5994 2658.6663 -2195.2200
v 915.8795 2644.2292 -2197.3430
v 753.2302 2680.0933 -2173.1611
v 753.2302 2751.5933 -2173.1611
v 767.5103 2644.2292 -2175.2842
v 604.8611 2680.0933 -2151.1023
v 604.8611 2751.5933 -2151.1023
v 738.3933 2680.0933 -2170.9553
v 738.3933 2751.5933 -2170.9553
v 738.3933 2658.5864 -2170.9553
v 619.1412 2644.2292 -2153.2253
v 456.4919 2680.0933 -2129.0435
v 456.4919 2751.5933 -2129.0435
v 575.8232 2644.2292 -2146.7852
v 470.7720 2644.2292 -2131.1665
v 456.4919 2658.6663 -2129.0435
v 308.1228 2680.0933 -2106.9846
v 308.1228 2751.5933 -2106.9846
v 322.4029 2644.2292 -2109.1077
v 2104.3242 2787.5312 -2374.0354
v 129.2243 2787.5312 -2080.3870
v 1940.1835 2837.5933 -2349.6318
v 1940.1835 2909.0933 -2349.6318
v 2073.7158 2837.5933 -2369.4846
v 2073.7158 2909.0933 -2369.4846
v 2059.0098 2801.7188 -2367.2983
v 1954.9686 2801.7188 -2351.8298
v 1940.1835 2816.6663 -2349.6318
v 1791.8143 2837.5933 -2327.5730
v 1791.8143 2909.0933 -2327.5730
v 1806.5995 2801.7188 -2329.7710
v 159.7536 2837.5933 -2084.9258
v 159.7536 2909.0933 -2084.9258
v 293.2858 2837.5933 -2104.7788
v 293.2858 2909.0933 -2104.7788
v 278.5799 2801.7188 -2102.5923
v 174.5387 2801.7188 -2087.1240
v 1643.4452 2837.5933 -2305.5142
v 1643.4452 2909.0933 -2305.5142
v 1776.9774 2837.5933 -2325.3669
v 1776.9774 2909.0933 -2325.3669
v 1776.9774 2816.5864 -2325.3669
v 1658.2303 2801.7188 -2307.7122
v 1495.0760 2837.5933 -2283.4553
v 1495.0760 2909.0933 -2283.4553
v 1495.0760 2816.6663 -2283.4553
v 1613.9023 2801.7188 -2301.1218
v 1346.7069 2837.5933 -2261.3965
v 1346.7069 2909.0933 -2261.3965
v 1480.2391 2837.5933 -2281.2493
v 1480.2391 2909.0933 -2281.2493
v 1480.2391 2816.5864 -2281.2493
v 1361.4919 2801.7188 -2263.5947
v 1346.7069 2816.6663 -2261.3965
v 1198.3376 2837.5933 -2239.3376
v 1198.3376 2909.0933 -2239.3376
v 1213.1228 2801.7188 -2241.5359
v 1049.9685 2837.5933 -2217.2788
v 1049.9685 2909.0933 -2217.2788
v 1168.7949 2801.7188 -2234.9453
v 1064.7537 2801.7188 -2219.4771
v 901.5994 2837.5933 -2195.2200
v 901.5994 2909.0933 -2195.2200
v 901.5994 2816.6663 -2195.2200
v 916.3845 2801.7188 -2197.4182
v 753.2302 2837.5933 -2173.1611
v 753.2302 2909.0933 -2173.1611
v 753.2302 2816.6663 -2173.1611
v 604.8611 2837.5933 -2151.1023
v 604.8611 2909.0933 -2151.1023
v 738.3933 2837.5933 -2170.9553
v 738.3933 2909.0933 -2170.9553
v 723.6874 2801.7188 -2168.7688
v 619.6462 2801.7188 -2153.3005
v 456.4919 2837.5933 -2129.0435
v 456.4919 2909.0933 -2129.0435
v 471.2770 2801.7188 -2131.2417
v 456.4919 2816.6663 -2129.0435
v 575.3182 2801.7188 -2146.7100
v 308.1228 2837.5933 -2106.9846
v 308.1228 2909.0933 -2106.9846
v 308.1228 2816.6663 -2106.9846
v 2103.8191 2945.0205 -2373.9602
v 129.7294 2945.0205 -2080.4619
v 1940.1835 2995.0933 -2349.6318
v 1940.1835 3066.5933 -2349.6318
v 2073.7158 3066.5933 -2369.4846
v 1955.4736 2959.2080 -2351.9050
v 2058.5049 2959.2080 -2367.2231
v 1791.8143 2995.0933 -2327.5730
v 1791.8143 3066.5933 -2327.5730
v 159.7536 2995.0933 -2084.9258
v 159.7536 3066.5933 -2084.9258
v 293.2858 2995.0933 -2104.7788
v 293.2858 3066.5933 -2104.7788
v 1643.4452 2995.0933 -2305.5142
v 1643.4452 3066.5933 -2305.5142
v 1776.9774 2995.0933 -2325.3669
v 1776.9774 3066.5933 -2325.3669
v 1495.0760 2995.0933 -2283.4553
v 1495.0760 3066.5933 -2283.4553
v 1613.3972 2959.2080 -2301.0466
v 1346.7069 2995.0933 -2261.3965
v 1346.7069 3066.5933 -2261.3965
v 1480.2391 2995.0933 -2281.2493
v 1480.2391 3066.5933 -2281.2493
v 1361.9969 2959.2080 -2263.6697
v 1198.3376 2995.0933 -2239.3376
v 1198.3376 3066.5933 -2239.3376
v 1049.9685 2995.0933 -2217.2788
v 1049.9685 3066.5933 -2217.2788
v 1168.2899 2959.2080 -2234.8701
v 901.5994 2995.0933 -2195.2200
v 901.5994 3066.5933 -2195.2200
v 916.8895 2959.2080 -2197.4932
v 753.2302 2995.0933 -2173.1611
v 753.2302 3066.5933 -2173.1611
v 604.8611 2995.0933 -2151.1023
v 604.8611 3066.5933 -2151.1023
v 738.3933 2995.0933 -2170.9553
v 738.3933 3066.5933 -2170.9553
v 456.4919 2995.0933 -2129.0435
v 456.4919 3066.5933 -2129.0435
v 471.7820 2959.2080 -2131.3167
v 574.8132 2959.2080 -2146.6350
v 308.1228 2995.0933 -2106.9846
v 308.1228 3066.5933 -2106.9846
v 130.2344 3102.5100 -2080.5371
v 1940.1835 3152.5933 -2349.6318
v 1940.1835 3224.0933 -2349.6318
v 2073.7158 3152.5933 -2369.4846
v 2073.7158 3224.0933 -2369.4846
v 2057.9998 3116.6975 -2367.1482
v 1955.9786 3116.6975 -2351.9800
v 1791.8143 3152.5933 -2327.5730
v 1791.8143 3224.0933 -2327.5730
v 159.7536 3152.5933 -2084.9258
v 159.7536 3224.0933 -2084.9258
v 293.2858 3152.5933 -2104.7788
v 293.2858 3224.0933 -2104.7788
v 1643.4452 3152.5933 -2305.5142
v 1643.4452 3224.0933 -2305.5142
v 1776.9774 3152.5933 -2325.3669
v 1776.9774 3224.0933 -2325.3669
v 1495.0760 3152.5933 -2283.4553
v 1495.0760 3224.0933 -2283.4553
v 1612.8922 3116.6975 -2300.9717
v 1346.7069 3152.5933 -2261.3965
v 1346.7069 3224.0933 -2261.3965
v 1480.2391 3152.5933 -2281.2493
v 1480.2391 3224.0933 -2281.2493
v 1362.5020 3116.6975 -2263.7449
v 1198.3376 3152.5933 -2239.3376
v 1198.3376 3224.0933 -2239.3376
v 1049.9685 3152.5933 -2217.2788
v 1049.9685 3224.0933 -2217.2788
v 1167.7848 3116.6975 -2234.7952
v 901.5994 3152.5933 -2195.2200
v 901.5994 3224.0933 -2195.2200
v 917.3945 3116.6975 -2197.5684
v 753.2302 3152.5933 -2173.1611
v 753.2302 3224.0933 -2173.1611
v 604.8611 3152.5933 -2151.1023
v 604.8611 3224.0933 -2151.1023
v 738.3933 3152.5933 -2170.9553
v 738.3933 3224.0933 -2170.9553
v 456.4919 3152.5933 -2129.0435
v 456.4919 3224.0933 -2129.0435
v 574.3082 3116.6975 -2146.5598
v 472.2870 3116.6975 -2131.3918
v 308.1228 3152.5933 -2106.9846
v 308.1228 3224.0933 -2106.9846
v 129.2007 3116.6975 -2080.3833
v 130.7394 3259.9995 -2080.6121
v 2088.5527 3377.2375 -2371.6904
v 2088.5527 3310.0933 -2371.6904
v 2102.8091 3409.9995 -2373.8101
v 144.9167 3377.2375 -2082.7200
v 144.9167 3310.0933 -2082.7200
v 144.9167 3395.6663 -2082.7200
v 130.7394 3409.9995 -2080.6121
v 1940.1835 3377.2375 -2349.6318
v 1940.1835 3310.0933 -2349.6318
v 1940.1835 3395.5864 -2349.6318
v 1954.4399 3409.9995 -2351.7512
v 2059.5383 3409.9995 -2367.3770
v 1791.8143 3377.2375 -2327.5730
v 1791.8143 3310.0933 -2327.5730
v 1791.8143 3395.5864 -2327.5730
v 293.2858 3377.2375 -2104.7788
v 293.2858 3310.0933 -2104.7788
v 279.1086 3409.9995 -2102.6709
v 1776.9774 3377.2375 -2325.3669
v 1776.9774 3310.0933 -2325.3669
v 1643.4452 3377.2375 -2305.5142
v 1643.4452 3310.0933 -2305.5142
v 1643.4452 3395.5864 -2305.5142
v 1762.8002 3409.9995 -2323.2593
v 1495.0760 3377.2375 -2283.4553
v 1495.0760 3310.0933 -2283.4553
v 1614.4310 3409.9995 -2301.2004
v 1509.3325 3409.9995 -2285.5750
v 1480.2391 3377.2375 -2281.2493
v 1480.2391 3310.0933 -2281.2493
v 1346.7069 3377.2375 -2261.3965
v 1346.7069 3310.0933 -2261.3965
v 1466.0619 3409.9995 -2279.1416
v 1360.9633 3409.9995 -2263.5161
v 1346.7069 3395.5864 -2261.3965
v 1198.3376 3377.2375 -2239.3376
v 1198.3376 3310.0933 -2239.3376
v 1212.5941 3409.9995 -2241.4573
v 1049.9685 3377.2375 -2217.2788
v 1049.9685 3310.0933 -2217.2788
v 1049.9685 3395.5864 -2217.2788
v 1169.3235 3409.9995 -2235.0239
v 901.5994 3377.2375 -2195.2200
v 901.5994 3310.0933 -2195.2200
v 915.8558 3409.9995 -2197.3396
v 901.5994 3395.5864 -2195.2200
v 753.2302 3377.2375 -2173.1611
v 753.2302 3310.0933 -2173.1611
v 767.4866 3409.9995 -2175.2808
v 738.3933 3377.2375 -2170.9553
v 738.3933 3310.0933 -2170.9553
v 604.8611 3377.2375 -2151.1023
v 604.8611 3310.0933 -2151.1023
v 724.2161 3409.9995 -2168.8474
v 619.1175 3409.9995 -2153.2219
v 456.4919 3377.2375 -2129.0435
v 456.4919 3310.0933 -2129.0435
v 575.8469 3409.9995 -2146.7886
v 470.7483 3409.9995 -2131.1631
v 456.4919 3395.5864 -2129.0435
v 308.1228 3377.2375 -2106.9846
v 308.1228 3310.0933 -2106.9846
v 308.1228 3395.5864 -2106.9846
v 1956.4836 3274.1870 -2352.0552
v 2057.4949 3274.1870 -2367.0730
v 1612.3872 3274.1870 -2300.8965
v 1363.0071 3274.1870 -2263.8198
v 1167.2798 3274.1870 -2234.7200
v 917.8995 3274.1870 -2197.6433
v 472.7921 3274.1870 -2131.4670
v 573.8032 3274.1870 -2146.4849
v 128.6956 3274.1870 -2080.3083
v 1940.1835 3487.7839 -2349.6318
v 2073.7158 3487.7839 -2369.4846
v 2153.3923 3409.9995 -2379.3086
v 1791.8143 3487.7839 -2327.5730
v 159.7536 3487.7839 -2084.9258
v 293.2858 3487.7839 -2104.7788
v 1776.9774 3440.5864 -2325.3669
v 1643.4452 3440.6663 -2305.5142
v 1495.0760 3440.6663 -2283.4553
v 1346.7069 3440.6663 -2261.3965
v 1480.2391 3487.7839 -2281.2493
v 1198.3376 3440.6663 -2239.3376
v 1049.9685 3487.7839 -2217.2788
v 901.5994 3440.6663 -2195.2200
v 753.2302 3440.6663 -2173.1611
v 604.8611 3487.7839 -2151.1023
v 738.3933 3487.7839 -2170.9553
v 753.5244 3395.5864 -2171.1829
v 753.5244 3290.6663 -2171.1829
v 753.5244 3487.7839 -2171.1829
v 456.4919 3440.6663 -2129.0435
v 308.1228 3440.6663 -2106.9846
v 1954.4399 3259.9995 -2351.7512
v 2059.5383 3259.9995 -2367.3770
v 2153.3923 3259.9995 -2379.3086
v 2153.3923 3274.1870 -2379.3086
v 1954.9449 3102.5100 -2351.8264
v 2059.0334 3102.5100 -2367.3018
v 2153.3923 3102.5100 -2379.3086
v 2153.3923 3116.6975 -2379.3086
v 2153.3923 2945.0205 -2379.3086
v 2153.3923 2787.5312 -2379.3086
v 2153.3923 2630.0417 -2379.3086
v 1614.4310 3259.9995 -2301.2004
v 1360.9633 3259.9995 -2263.5161
v 1169.3235 3259.9995 -2235.0239
v 915.8558 3259.9995 -2197.3396
v 753.5244 3132.6663 -2171.1829
v 753.5244 3245.5864 -2171.1829
v 470.7483 3259.9995 -2131.1631
v 575.8469 3259.9995 -2146.7886
v 1613.9260 3102.5100 -2301.1252
v 1361.4683 3102.5100 -2263.5911
v 1168.8185 3102.5100 -2234.9487
v 916.3608 3102.5100 -2197.4146
v 753.5244 2974.6663 -2171.1829
v 753.5244 3087.5864 -2171.1829
v 575.3419 3102.5100 -2146.7136
v 471.2534 3102.5100 -2131.2380
v 753.5244 2929.5864 -2171.1829
v 753.5244 2816.6663 -2171.1829
v 753.5244 2771.5864 -2171.1829
v 753.5244 2658.6663 -2171.1829
v 753.5244 2500.6663 -2171.1829
v 753.5244 2413.7839 -2171.1829
v 2153.3923 2472.5522 -2379.3086
v 1825.1146 3500.6812 -2299.1611
v 453.4417 2409.2839 -2095.2273
v 443.5504 3492.2839 -2093.7566
v 439.0994 3496.7839 -2093.0950
v 4536.4204 3517.7839 -2727.0344
v 4538.5527 3517.7839 -2712.6921
v 4241.5864 3517.7839 -2683.7056
v 2285.3928 3517.7839 -2377.1975
v 2283.1135 3517.7839 -2392.5291
v 4505.4961 2413.7839 -2731.0303
v 4505.4961 2519.5933 -2731.0303
v 4505.4961 2486.7397 -2731.0303
v 4505.7900 2637.1355 -2729.0520
v 4505.4961 2677.0933 -2731.0303
v 4505.7900 2794.6250 -2729.0520
v 4505.4961 2834.5933 -2731.0303
v 4505.4961 2594.0933 -2731.0303
v 4505.4961 2959.2080 -2731.0303
v 4505.4229 2912.0933 -2731.5249
v 4505.4961 2751.5933 -2731.0303
v 4505.7900 3109.6038 -2729.0520
v 4505.4961 3102.5100 -2731.0303
v 4505.4961 3224.0933 -2731.0303
v 4505.2021 3487.7839 -2733.0085
v 4505.7900 3274.1870 -2729.0520
v 4505.4229 3380.2375 -2731.5249
v 4505.4961 3409.9995 -2731.0303
v 2311.6108 3409.9995 -2404.8538
v 2311.6108 3380.2375 -2404.8538
v 2311.3167 3487.7839 -2406.8320
v 2311.9050 3267.0933 -2402.8755
v 2311.6108 3274.1870 -2404.8538
v 2311.5374 3149.5933 -2405.3484
v 2311.9050 3102.5100 -2402.8755
v 2311.6108 2995.0933 -2404.8538
v 2311.6108 2912.0933 -2404.8538
v 2311.5374 2834.5933 -2405.3484
v 2311.6108 2801.7188 -2404.8538
v 2311.6108 2754.5933 -2404.8538
v 2311.6108 2680.0933 -2404.8538
v 2311.3167 2413.7839 -2406.8320
v 2311.9050 2637.1355 -2402.8755
v 2311.5374 2519.5933 -2405.3484
v 2311.6108 2486.7397 -2404.8538
v 2311.5374 2597.0933 -2405.3484
v 4049.9929 2436.5933 -2663.3081
v 3916.4607 2436.5933 -2643.4553
v 3916.4607 2455.5864 -2643.4553
v 3933.2424 2472.5522 -2645.9502
v 4033.2905 2472.5522 -2660.8250
v 4049.9929 2455.6663 -2663.3081
v 4198.3623 2436.5933 -2685.3669
v 4181.6597 2472.5522 -2682.8838
v 4081.6116 2472.5522 -2668.0090
v 3768.0916 2436.5933 -2621.3965
v 3768.0916 2455.5864 -2621.3965
v 3753.2546 2436.5933 -2619.1907
v 3619.7224 2436.5933 -2599.3376
v 3619.7224 2455.5864 -2599.3376
v 3736.5522 2472.5522 -2616.7073
v 3471.3533 2436.5933 -2577.2788
v 3588.1831 2472.5522 -2594.6484
v 3488.1348 2472.5522 -2579.7737
v 3322.9841 2436.5933 -2555.2200
v 3339.7656 2472.5522 -2557.7148
v 3322.9841 2455.5864 -2555.2200
v 3174.6150 2436.5933 -2533.1611
v 3191.3965 2472.5522 -2535.6562
v 3159.7781 2436.5933 -2530.9553
v 3026.2458 2436.5933 -2511.1023
v 3026.2458 2455.5864 -2511.1023
v 3143.0757 2472.5522 -2528.4719
v 2877.8767 2436.5933 -2489.0435
v 2877.8767 2455.5864 -2489.0435
v 2894.6582 2472.5522 -2491.5386
v 2994.7065 2472.5522 -2506.4131
v 2746.2891 2472.5522 -2469.4797
v 2581.1384 2436.5933 -2444.9258
v 2597.9199 2472.5522 -2447.4209
v 2697.9683 2472.5522 -2462.2957
v 2432.7690 2436.5933 -2422.8669
v 2549.5991 2472.5522 -2440.2368
v 2449.5508 2472.5522 -2425.3621
v 2432.7690 2455.5864 -2422.8669
v 4346.7314 2436.5933 -2707.4258
v 4213.1992 2436.5933 -2687.5730
v 4213.1992 2455.5864 -2687.5730
v 4330.0288 2472.5522 -2704.9426
v 4378.3496 2472.5522 -2712.1267
v 4213.1992 2522.5933 -2687.5730
v 4213.1992 2594.0933 -2687.5730
v 4346.7314 2522.5933 -2707.4258
v 4346.7314 2594.0933 -2707.4258
v 4064.8298 2522.5933 -2665.5142
v 4064.8298 2594.0933 -2665.5142
v 4198.3623 2522.5933 -2685.3669
v 4198.3623 2594.0933 -2685.3669
v 2432.7690 2522.5933 -2422.8669
v 2432.7690 2594.0933 -2422.8669
v 2566.3015 2522.5933 -2442.7200
v 2566.3015 2594.0933 -2442.7200
v 3916.4607 2522.5933 -2643.4553
v 3916.4607 2594.0933 -2643.4553
v 3768.0916 2522.5933 -2621.3965
v 3768.0916 2594.0933 -2621.3965
v 3619.7224 2522.5933 -2599.3376
v 3619.7224 2594.0933 -2599.3376
v 3753.2546 2522.5933 -2619.1907
v 3753.2546 2594.0933 -2619.1907
v 3471.3533 2522.5933 -2577.2788
v 3471.3533 2594.0933 -2577.2788
v 3322.9841 2522.5933 -2555.2200
v 3322.9841 2594.0933 -2555.2200
v 3336.7593 2486.7397 -2557.2681
v 3174.6150 2522.5933 -2533.1611
v 3174.6150 2594.0933 -2533.1611
v 3026.2458 2522.5933 -2511.1023
v 3026.2458 2594.0933 -2511.1023
v 3159.7781 2522.5933 -2530.9553
v 3159.7781 2594.0933 -2530.9553
v 2877.8767 2522.5933 -2489.0435
v 2877.8767 2594.0933 -2489.0435
v 2729.5076 2522.5933 -2466.9846
v 2729.5076 2594.0933 -2466.9846
v 2714.6707 2522.5933 -2464.7788
v 2714.6707 2594.0933 -2464.7788
v 4377.8447 2630.0417 -2712.0515
v 4361.5684 2613.5864 -2709.6318
v 2417.9321 2613.6663 -2420.6611
v 4213.1992 2680.0933 -2687.5730
v 4213.1992 2751.5933 -2687.5730
v 4346.7314 2680.0933 -2707.4258
v 4346.7314 2751.5933 -2707.4258
v 4227.4790 2644.2292 -2689.6960
v 4064.8298 2680.0933 -2665.5142
v 4064.8298 2751.5933 -2665.5142
v 4198.3623 2680.0933 -2685.3669
v 4198.3623 2751.5933 -2685.3669
v 4198.3623 2658.5864 -2685.3669
v 4079.1101 2644.2292 -2667.6372
v 4064.8298 2658.6663 -2665.5142
v 2432.7690 2680.0933 -2422.8669
v 2432.7690 2751.5933 -2422.8669
v 2566.3015 2680.0933 -2442.7200
v 2566.3015 2751.5933 -2442.7200
v 2566.3015 2658.5864 -2442.7200
v 2552.1003 2644.2292 -2440.6086
v 3916.4607 2680.0933 -2643.4553
v 3916.4607 2751.5933 -2643.4553
v 4035.7920 2644.2292 -2661.1968
v 3930.7410 2644.2292 -2645.5784
v 3768.0916 2680.0933 -2621.3965
v 3768.0916 2751.5933 -2621.3965
v 3768.0916 2658.6663 -2621.3965
v 3619.7224 2680.0933 -2599.3376
v 3619.7224 2751.5933 -2599.3376
v 3753.2546 2680.0933 -2619.1907
v 3753.2546 2751.5933 -2619.1907
v 3753.2546 2658.5864 -2619.1907
v 3634.0024 2644.2292 -2601.4607
v 3471.3533 2680.0933 -2577.2788
v 3471.3533 2751.5933 -2577.2788
v 3590.6846 2644.2292 -2595.0205
v 3485.6333 2644.2292 -2579.4019
v 3322.9841 2680.0933 -2555.2200
v 3322.9841 2751.5933 -2555.2200
v 3337.2642 2644.2292 -2557.3430
v 3322.9841 2658.6663 -2555.2200
v 3174.6150 2680.0933 -2533.1611
v 3174.6150 2751.5933 -2533.1611
v 3174.6150 2658.6663 -2533.1611
v 3026.2458 2680.0933 -2511.1023
v 3026.2458 2751.5933 -2511.1023
v 3159.7781 2680.0933 -2530.9553
v 3159.7781 2751.5933 -2530.9553
v 3040.5259 2644.2292 -2513.2253
v 3145.5771 2644.2292 -2528.8440
v 2877.8767 2680.0933 -2489.0435
v 2877.8767 2751.5933 -2489.0435
v 2997.2080 2644.2292 -2506.7852
v 2892.1567 2644.2292 -2491.1665
v 2877.8767 2658.6663 -2489.0435
v 2729.5076 2680.0933 -2466.9846
v 2729.5076 2751.5933 -2466.9846
v 2743.7876 2644.2292 -2469.1077
v 2714.6707 2680.0933 -2464.7788
v 2714.6707 2751.5933 -2464.7788
v 2714.6707 2658.5864 -2464.7788
v 4377.3398 2787.5312 -2711.9766
v 2402.2400 2787.5312 -2418.3281
v 4213.1992 2837.5933 -2687.5730
v 4213.1992 2909.0933 -2687.5730
v 4346.7314 2837.5933 -2707.4258
v 4346.7314 2909.0933 -2707.4258
v 4346.7314 2816.5864 -2707.4258
v 4227.9844 2801.7188 -2689.7710
v 4064.8298 2837.5933 -2665.5142
v 4064.8298 2909.0933 -2665.5142
v 4198.3623 2837.5933 -2685.3669
v 4198.3623 2909.0933 -2685.3669
v 4183.6562 2801.7188 -2683.1807
v 4079.6150 2801.7188 -2667.7122
v 4064.8298 2816.6663 -2665.5142
v 2432.7690 2837.5933 -2422.8669
v 2432.7690 2909.0933 -2422.8669
v 2566.3015 2837.5933 -2442.7200
v 2566.3015 2909.0933 -2442.7200
v 2551.5955 2801.7188 -2440.5334
v 2447.5542 2801.7188 -2425.0652
v 2566.3015 2816.5864 -2442.7200
v 3916.4607 2837.5933 -2643.4553
v 3916.4607 2909.0933 -2643.4553
v 4035.2871 2801.7188 -2661.1218
v 3931.2458 2801.7188 -2645.6536
v 3768.0916 2837.5933 -2621.3965
v 3768.0916 2909.0933 -2621.3965
v 3768.0916 2816.6663 -2621.3965
v 3619.7224 2837.5933 -2599.3376
v 3619.7224 2909.0933 -2599.3376
v 3753.2546 2837.5933 -2619.1907
v 3753.2546 2909.0933 -2619.1907
v 3753.2546 2816.5864 -2619.1907
v 3634.5076 2801.7188 -2601.5359
v 3471.3533 2837.5933 -2577.2788
v 3471.3533 2909.0933 -2577.2788
v 3590.1797 2801.7188 -2594.9453
v 3486.1384 2801.7188 -2579.4771
v 3322.9841 2837.5933 -2555.2200
v 3322.9841 2909.0933 -2555.2200
v 3337.7693 2801.7188 -2557.4182
v 3322.9841 2816.6663 -2555.2200
v 3174.6150 2837.5933 -2533.1611
v 3174.6150 2909.0933 -2533.1611
v 3174.6150 2816.6663 -2533.1611
v 3026.2458 2837.5933 -2511.1023
v 3026.2458 2909.0933 -2511.1023
v 3159.7781 2837.5933 -2530.9553
v 3159.7781 2909.0933 -2530.9553
v 3026.2458 2816.6663 -2511.1023
v 3145.0720 2801.7188 -2528.7688
v 2877.8767 2837.5933 -2489.0435
v 2877.8767 2909.0933 -2489.0435
v 2996.7029 2801.7188 -2506.7100
v 2892.6619 2801.7188 -2491.2417
v 2877.8767 2816.6663 -2489.0435
v 2729.5076 2837.5933 -2466.9846
v 2729.5076 2909.0933 -2466.9846
v 2744.2925 2801.7188 -2469.1829
v 2714.6707 2837.5933 -2464.7788
v 2714.6707 2909.0933 -2464.7788
v 2699.9646 2801.7188 -2462.5923
v 4376.8345 2945.0205 -2711.9014
v 2402.7449 2945.0205 -2418.4031
v 4213.1992 2995.0933 -2687.5730
v 4213.1992 3066.5933 -2687.5730
v 4346.7314 2995.0933 -2707.4258
v 4346.7314 3066.5933 -2707.4258
v 4064.8298 2995.0933 -2665.5142
v 4064.8298 3066.5933 -2665.5142
v 4198.3623 2995.0933 -2685.3669
v 4198.3623 3066.5933 -2685.3669
v 4080.1201 2959.2080 -2667.7874
v 2432.7690 3066.5933 -2422.8669
v 2566.3015 2995.0933 -2442.7200
v 2566.3015 3066.5933 -2442.7200
v 2551.0903 2959.2080 -2440.4585
v 2448.0593 2959.2080 -2425.1404
v 3916.4607 2995.0933 -2643.4553
v 3916.4607 3066.5933 -2643.4553
v 4034.7820 2959.2080 -2661.0466
v 3768.0916 2995.0933 -2621.3965
v 3768.0916 3066.5933 -2621.3965
v 3619.7224 2995.0933 -2599.3376
v 3619.7224 3066.5933 -2599.3376
v 3753.2546 2995.0933 -2619.1907
v 3753.2546 3066.5933 -2619.1907
v 3471.3533 2995.0933 -2577.2788
v 3471.3533 3066.5933 -2577.2788
v 3589.6746 2959.2080 -2594.8701
v 3322.9841 2995.0933 -2555.2200
v 3322.9841 3066.5933 -2555.2200
v 3338.2742 2959.2080 -2557.4932
v 3174.6150 2995.0933 -2533.1611
v 3174.6150 3066.5933 -2533.1611
v 3026.2458 2995.0933 -2511.1023
v 3026.2458 3066.5933 -2511.1023
v 3159.7781 2995.0933 -2530.9553
v 3159.7781 3066.5933 -2530.9553
v 2877.8767 2995.0933 -2489.0435
v 2877.8767 3066.5933 -2489.0435
v 2996.1980 2959.2080 -2506.6350
v 2893.1667 2959.2080 -2491.3167
v 2729.5076 2995.0933 -2466.9846
v 2729.5076 3066.5933 -2466.9846
v 2714.6707 2995.0933 -2464.7788
v 2714.6707 3066.5933 -2464.7788
v 4376.3296 3102.5100 -2711.8264
v 4213.1992 3152.5933 -2687.5730
v 4213.1992 3224.0933 -2687.5730
v 4346.7314 3152.5933 -2707.4258
v 4346.7314 3224.0933 -2707.4258
v 4064.8298 3152.5933 -2665.5142
v 4064.8298 3224.0933 -2665.5142
v 4198.3623 3152.5933 -2685.3669
v 4198.3623 3224.0933 -2685.3669
v 4080.6250 3116.6975 -2667.8625
v 2432.7690 3152.5933 -2422.8669
v 2432.7690 3224.0933 -2422.8669
v 2566.3015 3152.5933 -2442.7200
v 2566.3015 3224.0933 -2442.7200
v 2550.5854 3116.6975 -2440.3833
v 2448.5642 3116.6975 -2425.2153
v 3916.4607 3152.5933 -2643.4553
v 3916.4607 3224.0933 -2643.4553
v 4034.2769 3116.6975 -2660.9717
v 3768.0916 3152.5933 -2621.3965
v 3768.0916 3224.0933 -2621.3965
v 3619.7224 3152.5933 -2599.3376
v 3619.7224 3224.0933 -2599.3376
v 3753.2546 3152.5933 -2619.1907
v 3753.2546 3224.0933 -2619.1907
v 3471.3533 3152.5933 -2577.2788
v 3471.3533 3224.0933 -2577.2788
v 3589.1694 3116.6975 -2594.7952
v 3322.9841 3152.5933 -2555.2200
v 3322.9841 3224.0933 -2555.2200
v 3338.7793 3116.6975 -2557.5684
v 3174.6150 3152.5933 -2533.1611
v 3174.6150 3224.0933 -2533.1611
v 3026.2458 3152.5933 -2511.1023
v 3026.2458 3224.0933 -2511.1023
v 3159.7781 3152.5933 -2530.9553
v 3159.7781 3224.0933 -2530.9553
v 2877.8767 3152.5933 -2489.0435
v 2877.8767 3224.0933 -2489.0435
v 2995.6929 3116.6975 -2506.5598
v 2893.6719 3116.6975 -2491.3918
v 2729.5076 3152.5933 -2466.9846
v 2729.5076 3224.0933 -2466.9846
v 2714.6707 3152.5933 -2464.7788
v 2714.6707 3224.0933 -2464.7788
v 4377.3633 3116.6975 -2711.9800
v 4375.8247 3259.9995 -2711.7512
v 4361.5684 3377.2375 -2709.6318
v 4361.5684 3310.0933 -2709.6318
v 4375.8247 3409.9995 -2711.7512
v 4361.5684 3395.5864 -2709.6318
v 2417.9321 3377.2375 -2420.6611
v 2417.9321 3310.0933 -2420.6611
v 2417.9321 3395.6663 -2420.6611
v 4213.1992 3377.2375 -2687.5730
v 4213.1992 3310.0933 -2687.5730
v 4213.1992 3395.5864 -2687.5730
v 4198.3623 3377.2375 -2685.3669
v 4198.3623 3310.0933 -2685.3669
v 4064.8298 3377.2375 -2665.5142
v 4064.8298 3310.0933 -2665.5142
v 4064.8298 3395.5864 -2665.5142
v 4079.0864 3409.9995 -2667.6335
v 4184.1851 3409.9995 -2683.2593
v 2566.3015 3377.2375 -2442.7200
v 2566.3015 3310.0933 -2442.7200
v 2552.1240 3409.9995 -2440.6121
v 2566.3015 3395.6663 -2442.7200
v 3916.4607 3377.2375 -2643.4553
v 3916.4607 3310.0933 -2643.4553
v 3916.4607 3395.5864 -2643.4553
v 4035.8157 3409.9995 -2661.2004
v 3768.0916 3377.2375 -2621.3965
v 3768.0916 3310.0933 -2621.3965
v 3782.3481 3409.9995 -2623.5161
v 3753.2546 3377.2375 -2619.1907
v 3753.2546 3310.0933 -2619.1907
v 3619.7224 3377.2375 -2599.3376
v 3619.7224 3310.0933 -2599.3376
v 3739.0774 3409.9995 -2617.0828
v 3633.9788 3409.9995 -2601.4573
v 3471.3533 3377.2375 -2577.2788
v 3471.3533 3310.0933 -2577.2788
v 3590.7083 3409.9995 -2595.0239
v 3485.6096 3409.9995 -2579.3984
v 3322.9841 3377.2375 -2555.2200
v 3322.9841 3310.0933 -2555.2200
v 3322.9841 3395.5864 -2555.2200
v 3337.2405 3409.9995 -2557.3396
v 3174.6150 3377.2375 -2533.1611
v 3174.6150 3310.0933 -2533.1611
v 3188.8713 3409.9995 -2535.2808
v 3159.7781 3377.2375 -2530.9553
v 3159.7781 3310.0933 -2530.9553
v 3026.2458 3377.2375 -2511.1023
v 3026.2458 3310.0933 -2511.1023
v 3159.7781 3395.6663 -2530.9553
v 3040.5022 3409.9995 -2513.2219
v 2877.8767 3377.2375 -2489.0435
v 2877.8767 3310.0933 -2489.0435
v 2997.2317 3409.9995 -2506.7886
v 2892.1331 3409.9995 -2491.1631
v 2877.8767 3395.5864 -2489.0435
v 2729.5076 3377.2375 -2466.9846
v 2729.5076 3310.0933 -2466.9846
v 2743.7639 3409.9995 -2469.1042
v 2714.6707 3377.2375 -2464.7788
v 2714.6707 3310.0933 -2464.7788
v 2714.6707 3395.6663 -2464.7788
v 4081.1301 3274.1870 -2667.9375
v 2449.0693 3274.1870 -2425.2905
v 2550.0803 3274.1870 -2440.3083
v 3932.7610 3274.1870 -2645.8787
v 4033.7720 3274.1870 -2660.8965
v 3588.6646 3274.1870 -2594.7200
v 3339.2844 3274.1870 -2557.6433
v 2894.1768 3274.1870 -2491.4670
v 2995.1877 3274.1870 -2506.4849
v 4377.8687 3274.1870 -2712.0552
v 4213.1992 3487.7839 -2687.5730
v 4346.7314 3487.7839 -2707.4258
v 4064.8298 3487.7839 -2665.5142
v 4198.3623 3487.7839 -2685.3669
v 2449.0693 3424.1870 -2425.2905
v 2432.7690 3487.7839 -2422.8669
v 2566.3015 3487.7839 -2442.7200
v 3933.0552 3424.1870 -2643.9004
v 3916.4607 3440.6663 -2643.4553
v 3768.0916 3440.6663 -2621.3965
v 3619.7224 3440.6663 -2599.3376
v 3753.2546 3487.7839 -2619.1907
v 3471.3533 3440.6663 -2577.2788
v 3339.2844 3424.1870 -2557.6433
v 3322.9841 3487.7839 -2555.2200
v 3174.6150 3440.6663 -2533.1611
v 3159.7781 3487.7839 -2530.9553
v 3026.2458 3440.6663 -2511.1023
v 2877.8767 3487.7839 -2489.0435
v 2729.5076 3440.6663 -2466.9846
v 2714.6707 3487.7839 -2464.7788
v 4079.0864 3259.9995 -2667.6335
v 4079.5913 3102.5100 -2667.7087
v 2552.1240 3259.9995 -2440.6121
v 2551.6191 3102.5100 -2440.5371
v 2447.5305 3102.5100 -2425.0618
v 2449.0457 2630.0417 -2425.2869
v 4035.8157 3259.9995 -2661.2004
v 3590.7083 3259.9995 -2595.0239
v 3337.2405 3259.9995 -2557.3396
v 3339.5784 3274.1870 -2555.6650
v 2892.1331 3259.9995 -2491.1631
v 2997.2317 3259.9995 -2506.7886
v 4035.3108 3102.5100 -2661.1252
v 3932.5500 3116.6975 -2643.8254
v 3590.2034 3102.5100 -2594.9487
v 3337.7456 3102.5100 -2557.4146
v 3339.0735 3116.6975 -2555.5901
v 2996.7266 3102.5100 -2506.7136
v 2892.6382 3102.5100 -2491.2380
v 3932.5264 2787.5312 -2643.8218
v 3338.7556 2787.5312 -2557.5647
v 3932.7373 2630.0417 -2645.8752
v 3339.2605 2630.0417 -2557.6399
v 4098.1304 3500.6812 -2637.1023
v 4097.4946 3493.3367 -2637.0078
v 2726.4573 2409.2839 -2433.1685
v 2716.5659 3492.2839 -2431.6978
v 2712.1301 2405.1555 -2431.0383
v 2712.1150 3496.7839 -2431.0361
v 4100.3560 3492.2839 -2637.4331
v 2726.4573 3492.2839 -2433.1685
v 4097.6216 2408.3350 -2637.0266
v 3944.1262 243.7839 -74.7000
v 3955.6836 247.8672 -76.7000
v 3952.1511 247.5898 -84.6195
v 3953.6270 240.9902 -83.7557
v 587.5917 247.7839 -0.7000
v 585.5917 247.2480 -3.2000
v 587.5917 247.7839 -99.7000
v 585.5917 247.2480 -99.7000
v 591.5310 244.4785 -82.4763
v 588.9598 247.5427 -82.4242
v 4090.6262 247.7839 -0.7000
v 4088.6262 247.2480 -3.2000
v 4090.6262 247.7839 -99.7000
v 4088.6262 247.2480 -99.7000
v 4094.5654 244.4785 -82.4763
v 4091.9941 247.5427 -82.4242
v 3950.6262 387.7839 -0.7000
v 3950.6262 387.7839 -99.7000
v 3954.5654 384.4785 -82.4763
v 4090.6262 387.7839 -0.7000
v 4090.6262 387.7839 -99.7000
v 4094.5654 384.4785 -82.4763
v 727.5917 247.7839 -0.7000
v 725.5917 247.2480 -3.2000
v 727.5917 247.7839 -99.7000
v 725.5917 247.2480 -99.7000
v 731.5310 244.4785 -82.4763
v 728.9598 247.5427 -82.4242
v 587.5917 387.7839 -0.7000
v 587.5917 387.7839 -99.7000
v 591.5310 384.4785 -82.4763
v 727.5917 387.7839 -0.7000
v 727.5917 387.7839 -99.7000
v 731.5310 384.4785 -82.4763
v 727.5917 3287.7839 -0.7000
v 727.5917 3287.7839 -99.7000
v 731.5310 3284.4785 -82.4763
v 587.5917 3287.7839 -0.7000
v 587.5917 3287.7839 -99.7000
v 591.5310 3284.4785 -82.4763
v 727.5917 3147.7839 -0.7000
v 727.5917 3147.7839 -99.7000
v 731.5310 3144.4785 -82.4763
v 4090.6262 3287.7839 -0.7000
v 4090.6262 3287.7839 -99.7000
v 4094.5654 3284.4785 -82.4763
v 3950.6262 3287.7839 -0.7000
v 3950.6262 3287.7839 -99.7000
v 3954.5654 3284.4785 -82.4763
v 4090.6262 3147.7839 -0.7000
v 4090.6262 3147.7839 -99.7000
v 4094.5654 3144.4785 -82.4763
v 3950.6262 3147.7839 -0.7000
v 3950.6262 3147.7839 -99.7000
v 3954.5654 3144.4785 -82.4763
v 587.5917 3147.7839 -0.7000
v 587.5917 3147.7839 -99.7000
v 591.5310 3144.4785 -82.4763
v 2891.6753 333.7839 -2270.5005
v 2883.4531 333.7839 -2279.1782
v 2908.3914 333.7839 -2409.6680
v 2891.6753 3233.7839 -2270.5005
v 2883.4531 3233.7839 -2279.1782
v 2908.3914 3233.7839 -2409.6680
v 807.5918 463.7839 -70.7000
v 807.5918 163.7839 -70.7000
v 807.5918 463.7839 -370.7000
v 807.5918 163.7839 -370.7000
v 507.5918 463.7839 -70.7000
v 507.5918 463.7839 -370.7000
v 507.5918 163.7839 -70.7000
v 507.5918 163.7839 -370.7000
v 657.5917 308.7839 -70.7000
v 657.5917 308.7839 -170.7000
v 4170.6260 463.7839 -70.7000
v 4170.6260 163.7839 -70.7000
v 4170.6260 463.7839 -370.7000
v 4170.6260 163.7839 -370.7000
v 3870.6262 463.7839 -70.7000
v 3870.6262 463.7839 -370.7000
v 3870.6262 163.7839 -70.7000
v 3870.6262 163.7839 -370.7000
v 4020.6262 308.7839 -70.7000
v 4020.6262 308.7839 -170.7000
v 807.5918 3363.7839 -70.7000
v 807.5918 3063.7839 -70.7000
v 807.5918 3363.7839 -370.7000
v 807.5918 3063.7839 -370.7000
v 507.5918 3363.7839 -70.7000
v 507.5918 3363.7839 -370.7000
v 507.5918 3063.7839 -70.7000
v 507.5918 3063.7839 -370.7000
v 657.5917 3208.7839 -70.7000
v 654.3778 3217.6143 -70.7000
v 657.5917 3208.7839 -170.7000
v 660.8057 3217.6143 -170.7000
v 4170.6260 3363.7839 -70.7000
v 4170.6260 3063.7839 -70.7000
v 4170.6260 3363.7839 -370.7000
v 4170.6260 3063.7839 -370.7000
v 3870.6262 3363.7839 -70.7000
v 3870.6262 3363.7839 -370.7000
v 3870.6262 3063.7839 -70.7000
v 3870.6262 3063.7839 -370.7000
v 4020.6262 3208.7839 -70.7000
v 4017.4121 3217.6143 -70.7000
v 4020.6262 3208.7839 -170.7000
v 4023.8401 3217.6143 -170.7000
v 4100.6260 3263.7820 -1804.8822
v 4100.6260 263.7821 -1804.6969
v 4070.6262 3263.7820 -1804.8822
v 4070.6262 263.7821 -1804.6969
v 4070.6262 308.7843 -1768.6997
v 4070.6262 263.7858 -1744.6969
v 4070.6262 3178.9800 -1777.8770
v 4070.6262 3263.7859 -1744.8822
v 4070.6262 368.9799 -1777.7034
v 4070.6262 3159.1877 -1771.0190
v 4100.6260 3263.7859 -1744.8822
v 4100.6260 263.7858 -1744.6969
v 417.6851 74.7839 -2128.3289
v 472.1415 60.7839 -2102.0515
v 467.5091 63.7839 -2133.2090
v 467.1415 3506.7839 -2135.6819
v 472.1415 3520.7839 -2102.0515
v 467.5091 3517.7839 -2133.2090
v 1851.9203 3506.7839 -2341.5642
v 1856.9203 3520.7839 -2307.9338
v 1851.9203 74.7839 -2341.5642
v 1856.9203 60.7839 -2307.9338
v 2692.6790 74.7839 -2466.5642
v 2742.1353 74.7839 -2473.9170
v 2742.1353 3506.7839 -2473.9170
v 2692.6790 3506.7839 -2466.5642
v 4126.9141 3506.7839 -2679.7993
v 4077.4578 3506.7839 -2672.4465
v 4077.4578 74.7839 -2672.4465
v 4126.9141 74.7839 -2679.7993
v 2890.2559 330.7839 -2283.6379
v 4024.6262 325.2839 -1866.6282
v 4060.6665 383.7839 -1871.5331
v 4060.6665 333.7839 -1871.5331
v 4043.4434 333.7839 -1824.5930
v 2868.3914 3283.7839 -2309.0029
v 4060.6665 3283.7839 -1871.5331
v 4060.6665 3233.7839 -1871.5331
v 4035.4299 3233.7839 -1855.2729
v 607.5917 293.7839 -2074.7000
v 607.5917 333.7839 -2074.7000
v 607.5917 333.7839 -74.7000
v 660.5917 333.7839 -1213.5038
v 707.5918 333.7839 -74.7000
v 707.5918 293.7839 -2074.7000
v 557.5917 413.7839 -70.7000
v 757.5918 413.7839 -70.7000
v 557.5917 213.7839 -70.7000
v 757.5918 213.7839 -70.7000
v 715.0918 413.7839 -74.7000
v 557.5917 356.2839 -74.7000
v 757.5918 356.2839 -74.7000
v 607.5917 3193.7839 -2074.7000
v 607.5917 3193.7839 -74.7000
v 607.5917 3233.7839 -2074.7000
v 607.5917 3233.7839 -74.7000
v 660.5917 3233.7839 -1213.5038
v 707.5918 3233.7839 -74.7000
v 707.5918 3193.7839 -2074.7000
v 707.5918 3193.7839 -74.7000
v 557.5917 3313.7839 -70.7000
v 757.5918 3313.7839 -70.7000
v 557.5917 3113.7839 -70.7000
v 757.5918 3113.7839 -70.7000
v 557.5917 3256.2839 -74.7000
v 757.5918 3256.2839 -74.7000
v 3970.6262 293.7839 -2574.7000
v 3970.6262 316.7839 -1685.8961
v 3970.6262 319.7839 -1768.7000
v 3970.6262 315.8361 -1663.0619
v 3970.6262 333.7839 -74.7000
v 4070.6262 333.7839 -2574.7000
v 4070.6262 333.7839 -74.7000
v 4070.6262 318.3802 -1684.5568
v 4070.6262 314.8258 -1662.7911
v 4070.6262 293.7839 -2574.7000
v 3920.6262 413.7839 -70.7000
v 4120.6260 413.7839 -70.7000
v 3920.6262 213.7839 -70.7000
v 4120.6260 213.7839 -70.7000
v 4078.1262 413.7839 -74.7000
v 3920.6262 356.2839 -74.7000
v 4120.6260 356.2839 -74.7000
v 3970.6262 3193.7839 -2574.7000
v 3970.6262 3193.7839 -74.7000
v 3970.6262 3216.7839 -1685.8961
v 3970.6262 3217.6406 -1685.2963
v 3970.6262 3219.7839 -1768.7000
v 3970.6262 3215.8359 -1663.0619
v 3970.6262 3217.6406 -1664.1038
v 3970.6262 3211.7319 -1763.0619
v 3970.6262 3233.7839 -74.7000
v 4070.6262 3233.7839 -2574.7000
v 4070.6262 3233.7839 -74.7000
v 4070.6262 3218.3801 -1684.5568
v 4070.6262 3216.7839 -1685.8961
v 4070.6262 3214.8259 -1662.7911
v 4070.6262 3193.7839 -74.7000
v 4070.6262 3217.6406 -1664.1038
v 4070.6262 3193.7839 -2574.7000
v 3920.6262 3313.7839 -70.7000
v 4120.6260 3313.7839 -70.7000
v 3920.6262 3113.7839 -70.7000
v 4120.6260 3113.7839 -70.7000
v 3920.6262 3256.2839 -74.7000
v 4120.6260 3256.2839 -74.7000
v 463.6795 1220.5339 -2135.1670
v 468.6060 1220.5339 -2102.0312
v 426.0735 1220.5339 -2095.7078
v 1848.4584 1220.5339 -2341.0493
v 1853.3849 1220.5339 -2307.9136
v 1805.9259 1220.5339 -2334.7258
v 2738.6733 1220.5339 -2473.4023
v 2743.5999 1220.5339 -2440.2666
v 2696.1409 1220.5339 -2467.0789
v 2701.0674 1220.5339 -2433.9431
v 4123.4521 1220.5339 -2679.2847
v 4128.3789 1220.5339 -2646.1489
v 4080.9197 1220.5339 -2672.9612
v 4085.8462 1220.5339 -2639.8254
v 463.6795 2380.5339 -2135.1670
f 769 543 541
f 1457 1439 1394
f 3314 3325 3316
f 1441 1448 1699
f 1742 1998 2000
f 2912 2913 2908
f 2473 2414 2421
f 2239 2314 2318
f 1378 1385 1386
f 1749 2100 2098
f 2797 2799 2795
f 2833 2898 2835
f 2028 2135 2039
f 2216 2516 2514
f 2211 2341 2343
f 2690 2970 2972
f 1513 1514 1515
f 1745 2046 2042
f 273 279 272
f 2947 2951 2948
f 1751 2114 2111
f 101 119 206
f 1754 2059 2055
f 349 576 333
f 1205 1204 813
f 806 783 793
f 1279 1280 1281
f 2048 2051 1753
f 2822 2828 2681
f 1068 1021 1066
f 2964 2689 2924
f 596 560 562
f 1753 1754 1752
f 1186 1187 1185
f 330 526 528
f 2699 3054 3050
f 676 673 672
f 934 933 935
f 1115 806 809
f 268 285 270
f 1524 1529 1262
f 3342 3340 3337
f 2690 2990 2698
f 2649 2530 2650
f 1147 1151 1153
f 720 683 721
f 3041 3040 3042
f 3207 3204 3205
f 3246 3252 3247
f 1291 1341 1336
f 2850 2849 2852
f 467 461 331
f 2896 2895 2898
f 1284 1516 1550
f 1313 1415 1314
f 2218 2216 2636
f 1751 2073 2086
f 559 560 561
f 293 262 282
f 2022 1742 1980
f 2400 2459 2401
f 1747 2079 2081
f 352 545 549
f 1753 2060 2064
f 1642 1645 1681
f 2361 2426 2363
f 1472 1466 1465
f 2233 2427 2431
f 3249 3252 3248
f 141 131 144
f 2340 2342 2344
f 1687 1645 1685
f 2475 2479 2476
f 2784 2789 2785
f 1766 1837 1835
f 3285 3286 3287
f 2976 3107 3108
f 1601 1282 1286
f 284 39 287
f 517 594 593
f 2020 2063 2014
f 1551 1553 1269
f 2439 2372 2376
f 2683 2866 2858
f 49 51 48
f 3238 3236 3239
f 2495 2603 2604
f 2369 2365 2235
f 1090 1094 1091
f 1518 1564 1563
f 1260 1441 1447
f 1266 1397 1399
f 50 67 53
f 2804 2803 2805
f 762 761 764
f 2447 2445 2440
f 1280 1286 1281
f 2689 2926 2928
f 2689 2945 2941
f 2261 2259 2262
f 725 696 698
f 2666 2267 2270
f 1406 1414 1407
f 2570 2569 2571
f 2378 2443 2381
f 3343 3339 3250
f 1163 1161 1160
f 190 3275 3314
f 514 457 455
f 1707 1488 1715
f 1552 1554 1272
f 1863 1857 1851
f 2689 2941 2943
f 1740 1945 1940
f 817 1045 803
f 2862 2860 2856
f 825 865 862
f 949 953 824
f 1185 1187 1184
f 709 708 641
f 2086 2129 2087
f 2035 2033 1753
f 2043 2048 2044
f 2227 2521 2524
f 1916 1918 1740
f 1485 1489 1716
f 2473 2475 2231
f 828 905 901
f 1282 1578 1581
f 193 190 3315
f 1736 1855 1853
f 784 790 783
f 2860 2861 2683
f 2878 2864 2870
f 1729 1250 1727
f 1161 1163 1191
f 1872 1874 1875
f 3198 274 261
f 26 24 23
f 1310 1312 1308
f 2705 2857 2706
f 1760 1890 1894
f 2578 2576 2579
f 3248 3252 3247
f 3017 3016 3015
f 2402 2338 2336
f 468 475 322
f 1085 1089 805
f 1749 2080 2077
f 2736 2734 2708
f 2725 2728 2677
f 2752 2753 2754
f 1116 1122 1199
f 2516 2514 2519
f 2344 2334 2248
f 762 633 726
f 759 324 505
f 1664 1636 1633
f 336 316 315
f 2286 2291 2287
f 2556 2544 2228
f 2054 2058 2056
f 2947 2949 2944
f 656 652 657
f 2294 2280 2292
f 2796 2814 2768
f 1361 1404 1357
f 2956 2959 2952
f 71 75 49
f 1092 1041 1043
f 1852 2167 1823
f 309 310 311
f 3034 3032 3033
f 64 57 66
f 33 26 34
f 2715 2769 2761
f 2393 2392 2326
f 355 356 357
f 1057 1061 1102
f 1098 1099 1191
f 2359 2307 2306
f 801 981 983
f 2303 2307 2207
f 801 1000 996
f 1653 1594 1658
f 714 715 665
f 124 137 126
f 308 307 309
f 151 150 149
f 953 950 951
f 1419 1365 1317
f 1008 1012 820
f 341 673 675
f 1877 1882 1741
f 2359 2362 2363
f 104 3266 3267
f 1419 1418 1365
f 1981 1922 1927
f 2551 2550 2613
f 2950 2954 2952
f 764 588 586
f 464 468 475
f 3150 3136 3137
f 125 140 141
f 1836 1837 1834
f 969 970 973
f 808 1141 1143
f 1432 1371 1325
f 2972 2968 2966
f 1530 1577 1579
f 3006 3008 2698
f 2706 2829 2687
f 2811 2810 2812
f 529 473 471
f 354 503 457
f 805 1073 1071
f 2372 2371 2376
f 1888 2184 1891
f 1530 1532 1284
f 1464 1400 1399
f 123 139 124
f 1749 2104 2100
f 903 905 828
f 2198 2207 2197
f 68 288 67
f 2221 2540 2547
f 723 630 762
f 2487 2491 2459
f 981 1024 1025
f 762 750 748
f 2045 2044 2046
f 816 817 813
f 2132 2074 2087
f 1884 1883 1887
f 2249 2252 2256
f 2533 2537 2505
f 3277 3275 3278
f 824 973 931
f 2075 2089 2073
f 1022 1023 799
f 1190 1191 1192
f 2175 2010 2014
f 2387 2389 2385
f 867 862 865
f 1539 1545 1546
f 2387 2388 2389
f 3037 3033 2692
f 2995 2954 2955
f 1879 1886 1880
f 2122 2123 2119
f 2267 2268 2237
f 3027 3022 3021
f 821 1002 1005
f 2095 2098 1749
f 196 203 197
f 2885 2887 2889
f 863 864 862
f 2104 2108 1757
f 3349 3187 3337
f 3031 3028 3029
f 1755 2014 2010
f 3128 3127 3133
f 3002 3068 3063
f 2030 1984 2029
f 360 435 439
f 2530 2528 2229
f 641 335 600
f 470 471 472
f 2182 1886 1890
f 2688 2968 2690
f 3011 3018 3020
f 3127 3128 3129
f 2739 2786 2844
f 2071 2141 1746
f 337 338 753
f 803 1043 1039
f 1481 1417 1419
f 806 1209 1211
f 348 631 635
f 1873 1872 1875
f 1759 1969 1972
f 2650 2631 2629
f 3045 3049 2696
f 2252 2249 2197
f 616 620 571
f 1351 1349 1295
f 1133 1219 1174
f 1969 1972 1975
f 1917 1916 1918
f 2686 2879 2883
f 597 598 599
f 1270 1471 1465
f 190 209 232
f 2113 2111 2112
f 349 584 588
f 1273 1677 1679
f 3166 3169 3289
f 1865 2183 1875
f 445 510 447
f 354 481 485
f 3074 2977 3016
f 93 118 106
f 1785 1838 1836
f 3319 3318 3317
f 2565 2561 2220
f 2013 1969 1966
f 339 674 672
f 140 125 141
f 2692 3040 3042
f 1921 1936 1922
f 1253 1362 1293
f 2835 2779 2733
f 2858 2860 2862
f 3113 3079 3046
f 2312 2313 2310
f 3230 3228 3231
f 457 455 354
f 143 124 142
f 1732 1779 1777
f 1432 1435 1433
f 3044 3039 3041
f 1852 1870 2167
f 341 657 652
f 2745 2748 2708
f 2236 2371 2373
f 823 950 946
f 1406 1407 1408
f 2425 2426 2422
f 350 349 559
f 1959 1966 1960
f 318 409 325
f 948 892 949
f 2225 2582 2578
f 1627 1632 1275
f 2696 3070 3067
f 2995 2999 2700
f 2701 2948 2951
f 1427 1434 1428
f 708 652 645
f 1043 1039 1036
f 3069 3066 3062
f 218 222 120
f 1641 1635 1642
f 2687 2816 2820
f 2942 2888 2886
f 853 902 903
f 344 686 690
f 2913 2916 2704
f 2577 2623 2574
f 1901 1900 1896
f 2320 2321 2318
f 163 202 197
f 1581 1580 1535
f 2952 2959 2958
f 2698 3008 2977
f 1907 1906 1909
f 729 730 711
f 2094 2091 2095
f 456 455 457
f 2053 2057 1754
f 204 229 40
f 368 366 361
f 1901 1896 1898
f 2795 2680 2684
f 661 660 659
f 2505 2602 2601
f 350 575 326
f 2518 2655 2476
f 1540 1585 1708
f 1387 1388 1380
f 230 218 231
f 1287 1296 1291
f 361 362 317
f 948 949 944
f 1934 1933 1914
f 2233 2235 2237
f 152 164 167
f 1189 1091 1094
f 540 542 492
f 937 933 800
f 1475 1473 1478
f 1876 1877 1872
f 1679 1634 1576
f 681 674 679
f 870 871 869
f 3198 261 3197
f 2167 1871 1823
f 664 663 665
f 499 396 439
f 778 319 320
f 2428 2427 2429
f 464 465 417
f 1745 2046 2044
f 2376 2371 2372
f 2470 2416 2414
f 2318 2319 2314
f 345 650 343
f 1113 1120 1122
f 2956 2960 2962
f 589 590 585
f 1139 1142 810
f 3002 3006 3008
f 2700 2989 2688
f 2839 2845 2707
f 1258 1408 1406
f 70 73 225
f 821 1011 1015
f 2088 2075 2144
f 2555 2543 2225
f 1283 1585 1587
f 1392 1391 1393
f 2353 2347 2346
f 1304 1302 1297
f 1478 1482 1481
f 3011 3012 3018
f 2699 3050 3054
f 637 638 631
f 1541 1539 1285
f 2225 2595 2600
f 2894 3124 2897
f 1576 1578 1664
f 2988 3094 3038
f 2233 2434 2436
f 2214 2451 2456
f 1187 1186 1144
f 2997 3002 2998
f 2689 2945 2701
f 1700 1378 1257
f 676 740 741
f 2773 2777 2678
f 1766 1844 1840
f 3197 261 274
f 1161 1159 819
f 2997 2999 2700
f 208 197 196
f 1900 1896 1897
f 2206 2387 2394
f 2237 1251 2226
f 1769 1770 1771
f 829 834 833
f 318 426 358
f 2044 2100 2046
f 3141 3144 3140
f 3284 3286 3285
f 1368 1320 1322
f 1883 1881 1882
f 791 2187 1730
f 2980 2984 2981
f 3310 3311 3312
f 1181 1220 1180
f 2656 2476 2479
f 192 182 178
f 1291 1313 1252
f 2029 2031 2027
f 2324 2241 2238
f 2662 2439 2438
f 2539 2503 2227
f 1741 1886 1760
f 3137 3313 3314
f 2107 2104 2108
f 815 1103 1099
f 1281 1285 1287
f 1708 1538 1707
f 2823 2822 2827
f 1012 1016 1018
f 2851 2854 2706
f 3162 3145 3144
f 1977 1978 1979
f 1424 1425 1420
f 531 575 570
f 527 522 473
f 725 698 746
f 2047 2050 1754
f 2996 3000 2998
f 526 531 330
f 2025 2067 2022
f 89 91 9
f 2233 2445 2399
f 3251 3250 3336
f 2849 2788 2741
f 1185 1187 1186
f 644 341 645
f 1007 1012 1008
f 2891 2892 2885
f 2657 2481 2661
f 3098 2996 3060
f 2513 2519 2514
f 2226 2627 2632
f 2708 13 12
f 1084 1088 804
f 828 905 903
f 2459 2492 2491
f 2277 2279 2339
f 2007 2008 2004
f 87 111 88
f 2755 2759 2795
f 2874 2931 2877
f 1747 2097 2099
f 825 311 813
f 1290 1420 1424
f 88 111 112
f 2720 2761 2763
f 1507 1506 1508
f 3230 3229 3228
f 2032 1753 2033
f 934 990 921
f 1264 1477 1470
f 769 583 536
f 2912 2849 2846
f 2533 2609 2529
f 3248 3252 3249
f 2507 2605 2561
f 365 448 367
f 1193 1165 1194
f 339 664 668
f 3025 3026 3021
f 3015 3016 2696
f 212 226 211
f 205 119 220
f 2207 2202 2203
f 790 315 783
f 474 470 471
f 986 989 975
f 178 182 192
f 295 281 297
f 3031 3089 3103
f 2745 13 2708
f 1474 1465 1467
f 1110 1111 1114
f 107 81 99
f 617 718 719
f 2216 2507 2509
f 154 181 183
f 2429 2430 2365
f 1431 1429 1430
f 1092 1041 1045
f 939 937 945
f 2687 2829 2706
f 1671 1668 1606
f 3178 3175 3193
f 229 221 230
f 1113 1114 1120
f 2230 2476 2474
f 770 538 773
f 350 577 575
f 1342 1344 1253
f 205 220 221
f 3047 3041 3048
f 828 911 909
f 2873 2871 2704
f 1478 1473 1474
f 324 505 507
f 350 589 585
f 1414 1482 1478
f 1280 1612 1657
f 2481 2478 2432
f 748 749 762
f 1071 1082 805
f 1282 1596 1562
f 2729 2773 2726
f 1266 1388 1381
f 27 23 22
f 2302 2306 2198
f 1465 1466 1459
f 178 193 192
f 3198 3282 3246
f 2010 2055 2008
f 2240 2239 2285
f 3018 3011 2693
f 1596 1282 1601
f 9 92 94
f 1761 1760 1866
f 1931 1929 1758
f 2066 2160 2127
f 1048 1093 1227
f 2315 2319 2381
f 568 564 333
f 2588 2585 2586
f 1386 1389 1380
f 1948 1949 1942
f 1983 1924 1922
f 1483 1488 1484
f 2221 2547 2552
f 3 6 5
f 2846 2845 2849
f 70 223 224
f 1356 1360 1253
f 987 1223 1222
f 649 650 735
f 2233 2420 2206
f 1513 1515 1285
f 1740 1936 1922
f 770 773 774
f 1012 1232 1008
f 1560 1601 1613
f 2931 2934 2920
f 2683 2860 2858
f 2697 2701 2702
f 2771 2772 2769
f 442 450 448
f 1733 1820 1818
f 1242 1237 829
f 2117 2121 1757
f 163 169 185
f 1416 1421 1417
f 1052 1056 818
f 1288 1457 1442
f 2872 2933 2874
f 2823 2894 2893
f 2203 2357 2236
f 2365 2426 2361
f 803 1036 1025
f 350 561 593
f 302 300 301
f 1781 1830 1831
f 2443 2378 2381
f 162 163 151
f 330 513 521
f 186 219 217
f 1077 1063 1032
f 1761 1889 1885
f 2534 2535 2528
f 941 999 1001
f 801 1019 1064
f 784 2190 791
f 3187 3347 3346
f 2129 2130 2066
f 2206 2389 2387
f 1281 316 1251
f 802 923 915
f 2506 2511 2507
f 803 1043 1041
f 3285 3286 203
f 2730 2725 2728
f 900 904 826
f 1081 1085 1082
f 2279 2280 2294
f 333 576 349
f 318 410 418
f 679 682 684
f 2046 2151 2096
f 810 1148 1144
f 1999 1945 1943
f 2248 2247 2246
f 1458 1393 1391
f 2737 2736 2708
f 2696 3016 2699
f 2483 2485 2435
f 1855 1854 1856
f 2000 1996 1999
f 108 95 103
f 1295 1367 1369
f 2848 2849 2843
f 3315 3248 3319
f 1065 804 803
f 1162 1158 1160
f 1911 1934 1975
f 3100 3064 3101
f 2746 2751 2767
f 611 609 334
f 334 603 597
f 1606 1604 1605
f 346 711 643
f 1054 1053 1055
f 2677 2725 2724
f 1733 1817 1738
f 2730 2732 2781
f 2276 2339 2384
f 2406 2404 2210
f 271 279 280
f 2493 2230 2229
f 422 423 424
f 1802 1870 1803
f 3205 3200 3202
f 829 1244 1243
f 1719 1425 1424
f 1859 1872 1736
f 1014 1013 964
f 1163 1167 1166
f 704 699 344
f 915 918 924
f 1906 1902 1903
f 652 653 709
f 2210 2404 2410
f 1453 1287 1454
f 2589 2591 2225
f 2071 1748 2072
f 1802 1803 1870
f 1756 2013 2009
f 2407 2396 2393
f 879 878 882
f 673 669 715
f 1755 1987 1989
f 2687 2823 2825
f 2594 2593 2589
f 338 641 341
f 882 878 879
f 510 505 759
f 1017 1015 1011
f 816 1090 804
f 1527 1704 1525
f 2877 2857 2876
f 81 9 86
f 169 171 172
f 1761 1902 1907
f 1280 1635 1639
f 1204 1205 1133
f 2715 2769 2818
f 2072 2070 2069
f 1644 1640 1286
f 2980 2981 2969
f 331 478 354
f 1616 1618 1277
f 3356 3357 3358
f 2542 2540 2541
f 172 171 169
f 26 33 34
f 2220 2569 2565
f 38 39 32
f 361 366 317
f 665 715 669
f 1358 1359 1360
f 626 584 629
f 1826 1827 1818
f 1791 1789 1762
f 352 353 357
f 1878 1876 1872
f 817 1063 1061
f 2299 2297 2207
f 2662 2438 2657
f 1584 1644 1640
f 2089 2086 2087
f 2197 2257 2253
f 2185 2190 784
f 225 228 229
f 635 590 639
f 2083 2084 2079
f 3317 3248 3315
f 3248 3316 3315
f 2790 2741 2744
f 2984 2988 2690
f 2474 2655 2518
f 1988 2166 2165
f 2745 2708 2748
f 564 568 573
f 2211 2341 2347
f 330 509 508
f 860 858 861
f 842 891 893
f 1164 1161 1165
f 2359 2363 2362
f 2602 2600 2601
f 67 68 296
f 330 531 526
f 677 676 678
f 1258 1396 1398
f 151 166 163
f 1383 1448 1441
f 1755 2012 2008
f 2393 2396 2407
f 3150 3137 3136
f 2833 2832 2835
f 963 969 964
f 2919 2861 2923
f 2702 2962 2931
f 1674 1619 1675
f 2237 2262 2259
f 1283 1585 1589
f 2699 3057 3059
f 3317 3315 3318
f 2629 2631 2588
f 2203 2332 2342
f 1814 1816 1812
f 2898 2895 2896
f 710 603 566
f 2542 2222 2221
f 318 424 422
f 2546 2225 2224
f 2322 2202 2207
f 884 883 873
f 317 376 357
f 805 1089 1085
f 1943 2001 1999
f 885 884 886
f 2008 2011 2012
f 1262 1529 1524
f 128 140 125
f 2890 2893 2894
f 233 236 237
f 1660 1661 1552
f 1759 1934 1914
f 536 583 580
f 3269 96 3132
f 1011 1015 1017
f 1766 1844 1842
f 2395 2450 2388
f 3354 3353 3355
f 2007 2011 1756
f 3041 3045 2693
f 209 194 190
f 2998 3114 3002
f 913 932 931
f 1955 2182 1890
f 2589 2590 2591
f 2696 2699 2697
f 1464 1461 1462
f 2751 2765 2796
f 1593 1589 1283
f 1186 1091 1090
f 1266 1397 1403
f 1922 1921 1927
f 3020 3019 2972
f 3027 3026 3025
f 2422 2420 2421
f 378 426 427
f 1466 1472 1264
f 3093 3044 3047
f 279 3298 283
f 902 904 854
f 2495 2612 2549
f 1032 1079 1077
f 131 127 129
f 1459 1466 1460
f 1321 1722 1322
f 1824 1849 1764
f 3048 3096 3095
f 1092 1045 1086
f 709 708 753
f 347 606 608
f 910 886 911
f 496 770 774
f 2041 2045 1743
f 2523 2479 2478
f 2549 2547 2548
f 2109 2108 2051
f 2230 2458 2460
f 348 635 639
f 2617 2545 2616
f 2004 2008 2005
f 623 624 621
f 527 473 475
f 2448 2390 2454
f 8 12 10
f 2744 2741 12
f 1762 1783 1732
f 2231 2487 2491
f 2695 2696 2697
f 2158 2122 2123
f 2660 2484 2488
f 920 921 922
f 2459 2460 2504
f 2381 2377 2378
f 1739 2001 1997
f 327 447 331
f 2708 2745 13
f 1290 1427 1429
f 3247 3244 3245
f 2395 2396 2407
f 1912 1801 1804
f 2461 2462 2463
f 1729 1250 1731
f 1410 1404 1401
f 802 943 938
f 1749 2091 2082
f 3068 3071 2699
f 185 232 206
f 1818 1826 1733
f 1739 1997 1999
f 1743 2043 2045
f 3204 3200 3205
f 1036 1039 1043
f 715 712 614
f 353 542 538
f 1288 1442 1457
f 47 79 48
f 2944 2949 2947
f 2331 2286 2247
f 1280 1632 1275
f 1838 1788 1836
f 353 532 530
f 1214 1215 813
f 1645 1642 1643
f 1762 1760 1761
f 1830 1834 1733
f 966 907 967
f 2473 2475 2477
f 816 1102 1098
f 549 548 516
f 1118 814 819
f 1984 2023 2025
f 2520 2518 2522
f 2216 2495 2501
f 3134 3131 3129
f 2077 2024 2030
f 2699 2698 2697
f 564 568 615
f 2098 2101 2046
f 425 421 420
f 3225 3220 3222
f 2216 2507 2511
f 2929 2927 2865
f 1754 2057 2055
f 369 372 317
f 1040 1045 1041
f 729 640 730
f 174 3275 3277
f 1861 1860 1862
f 6 3 7
f 283 288 68
f 2048 2108 2104
f 2025 2022 1984
f 76 75 48
f 352 536 533
f 2346 2347 2340
f 256 258 259
f 2381 2318 2319
f 1880 1951 1950
f 2889 2883 2884
f 713 665 663
f 1035 1036 1024
f 2250 2300 2251
f 1081 1082 1070
f 1738 1835 1831
f 1413 1416 1290
f 256 136 269
f 250 249 248
f 1286 1282 1281
f 1988 1987 1989
f 1784 1830 1781
f 2079 2084 2085
f 1738 1831 1833
f 743 720 684
f 1269 1271 1267
f 635 640 636
f 1758 1767 1762
f 2684 2681 2677
f 2761 2769 2678
f 1721 1368 1722
f 2684 2680 2681
f 1388 1447 1381
f 1766 1823 1825
f 362 363 464
f 1828 1832 1733
f 2859 2861 2686
f 1800 1799 1801
f 993 990 797
f 549 545 352
f 1474 1475 1473
f 508 756 509
f 326 572 570
f 1651 1688 1683
f 269 3336 3337
f 2345 2348 2349
f 1051 1055 817
f 2716 2715 2717
f 2690 2990 2986
f 2009 2010 2011
f 1982 2170 2040
f 1509 1505 1510
f 211 226 212
f 1905 1906 1900
f 1740 2021 1739
f 2287 2291 2334
f 712 714 665
f 1068 1065 1023
f 2690 2986 2988
f 1507 1508 1262
f 2439 2438 2372
f 336 334 335
f 3315 193 3316
f 1068 1067 1069
f 1505 1444 1451
f 816 1030 817
f 93 114 86
f 1809 1810 1811
f 1021 983 1027
f 2685 2927 2921
f 1573 1571 1576
f 1754 2065 2063
f 2366 2363 2311
f 523 765 519
f 1314 1363 1415
f 2004 2006 2001
f 2697 3099 3100
f 1683 1684 1650
f 846 899 847
f 2703 2905 2903
f 188 187 180
f 3002 3114 2998
f 357 405 398
f 2056 2119 2157
f 23 43 24
f 2938 2935 2685
f 2237 2271 2268
f 2279 2294 2339
f 2179 2180 1966
f 210 137 209
f 545 772 541
f 623 627 624
f 2002 2005 1755
f 2348 2346 2340
f 2987 2983 2980
f 3301 3302 3303
f 1651 1650 1646
f 2544 2505 2611
f 486 431 386
f 2496 2497 2213
f 719 617 616
f 2839 2846 2840
f 1498 1500 1434
f 875 919 877
f 2229 2502 2504
f 1246 315 1250
f 1145 1142 1141
f 744 689 724
f 1182 1082 1081
f 575 577 350
f 1379 1295 1292
f 1314 1309 1313
f 475 425 476
f 1762 1799 1795
f 2277 2237 2278
f 2757 2755 2754
f 815 1107 1103
f 280 287 288
f 1136 1134 1135
f 853 903 961
f 1868 1867 1869
f 3126 2831 2835
f 1947 1944 1945
f 2519 2579 2607
f 2870 2803 2808
f 2956 2957 2952
f 1906 1796 1846
f 667 666 737
f 835 882 878
f 1031 1033 1029
f 2939 2938 2942
f 2992 2947 2948
f 3038 3034 3032
f 3001 2957 2956
f 720 622 624
f 2236 2371 2377
f 844 841 840
f 2829 2894 2823
f 2460 2458 2230
f 2707 2853 2811
f 644 655 646
f 1136 1207 1182
f 2547 2541 2548
f 1018 1060 1012
f 2328 2327 2322
f 2356 2303 2302
f 2010 2174 2175
f 1008 1010 820
f 2681 2799 2797
f 821 975 986
f 1478 1481 1288
f 2228 2601 2556
f 2230 2486 2482
f 698 696 725
f 1285 1543 1539
f 2590 2593 2650
f 793 868 869
f 2720 2721 2761
f 686 683 687
f 240 253 254
f 3060 3056 3058
f 2054 2058 2115
f 1240 1239 787
f 573 568 572
f 2001 2002 1997
f 1275 1617 1615
f 1285 1539 1541
f 717 715 712
f 1123 1124 1125
f 3239 3236 3237
f 962 905 961
f 713 737 658
f 477 478 470
f 2641 2215 2640
f 2097 2098 2099
f 2520 2475 2476
f 552 558 566
f 3145 3144 3291
f 1442 1457 1458
f 2189 2188 2186
f 2889 2825 2890
f 1858 1815 1863
f 1804 1849 1850
f 1396 1400 1401
f 128 129 127
f 432 430 358
f 124 139 123
f 376 378 479
f 2096 2095 2046
f 2117 2115 1757
f 860 855 858
f 1285 1515 1547
f 616 621 334
f 786 788 785
f 1274 1272 1690
f 2225 2595 2591
f 2298 2297 2299
f 2227 2519 2216
f 2855 13 2747
f 2246 2281 2197
f 1629 1677 1678
f 1023 1021 1068
f 1451 1450 1452
f 2024 2023 1984
f 774 437 496
f 805 1082 1071
f 1755 2012 2010
f 2457 2230 2458
f 2549 2548 2547
f 2523 2524 2520
f 2601 2596 2228
f 1756 1986 1988
f 2197 7 2242
f 290 289 303
f 356 459 443
f 2585 2582 2586
f 2836 2837 2832
f 1552 1551 1506
f 886 884 828
f 454 354 455
f 2353 2346 2354
f 1586 1666 1590
f 1938 1937 1927
f 1562 1594 1516
f 245 246 235
f 2277 2278 2237
f 212 72 69
f 197 202 200
f 805 1089 1087
f 2373 2371 2236
f 663 667 713
f 2233 2434 2440
f 3058 3062 2696
f 1917 1918 1744
f 1946 1951 1737
f 3223 3225 3222
f 283 246 273
f 519 569 563
f 378 479 427
f 1586 1683 1651
f 1590 1656 1688
f 2217 2612 2615
f 841 842 840
f 862 863 931
f 2696 3045 2693
f 813 311 315
f 206 119 101
f 2815 2820 2816
f 2056 2060 1753
f 1325 1324 1327
f 1086 1091 1087
f 3084 3020 3083
f 2020 2065 2066
f 245 246 248
f 1702 1586 1588
f 2557 2556 2555
f 997 938 945
f 1198 1078 1077
f 3310 3312 3137
f 3053 3050 3054
f 317 401 365
f 1573 1628 1626
f 2615 2618 2217
f 694 697 762
f 2788 2742 2741
f 649 661 647
f 2983 2980 2688
f 2465 2467 2410
f 3197 274 3199
f 1434 1503 1499
f 2848 2789 2849
f 1894 1954 1890
f 152 170 153
f 1756 2011 2007
f 579 577 575
f 2426 2361 2363
f 670 671 666
f 2686 2888 2883
f 2002 2047 2049
f 2237 2268 2267
f 2801 2758 2757
f 3001 3122 2957
f 1036 1182 1081
f 1363 1365 1295
f 1761 1898 1896
f 122 147 123
f 1252 1313 1291
f 1706 1532 1535
f 2738 2784 2843
f 2865 2937 2925
f 2245 2298 2344
f 1786 1892 1788
f 1191 1161 1159
f 2606 2571 2569
f 2935 2881 2879
f 988 986 989
f 1314 1415 1363
f 2339 2294 2295
f 3295 3162 3163
f 1947 1883 1882
f 1881 1880 1882
f 2629 2587 2630
f 2349 2348 2340
f 528 531 570
f 317 315 311
f 235 247 236
f 2213 2518 2513
f 1946 1942 1943
f 2870 3123 2881
f 2870 2880 3123
f 2461 2465 2470
f 2691 3091 3092
f 1543 1502 1515
f 2235 2378 2383
f 634 725 726
f 3120 2994 2989
f 1975 1973 1974
f 2572 2621 2622
f 1330 1374 1375
f 507 505 324
f 358 436 432
f 325 322 317
f 2769 2770 2761
f 1260 1463 1467
f 978 977 979
f 2796 2768 2766
f 1422 1424 1420
f 1754 2047 1743
f 317 322 327
f 2821 2819 2815
f 1195 1107 1106
f 1318 1422 1320
f 770 538 535
f 2599 2591 2595
f 2299 2291 2207
f 1375 1436 1371
f 2024 2026 1745
f 2102 2101 2097
f 961 966 965
f 141 125 122
f 1749 2098 2100
f 2306 2309 2307
f 2895 2900 2896
f 1066 1067 1068
f 2216 2514 2516
f 678 681 740
f 1576 1571 1573
f 2667 2284 2199
f 3074 3016 3029
f 1296 1287 1453
f 2687 2825 2820
f 341 665 669
f 218 219 231
f 2947 2900 2950
f 1631 1628 1627
f 2847 2789 2848
f 3289 3145 3166
f 764 584 581
f 1008 1052 1006
f 1280 1639 1643
f 357 387 384
f 2494 2495 2496
f 328 326 329
f 333 573 568
f 2781 2733 2779
f 2911 2910 2846
f 533 582 577
f 757 556 553
f 1744 1923 1915
f 233 234 235
f 2699 3016 2698
f 11 91 9
f 1185 1183 1043
f 37 32 38
f 331 473 467
f 2384 2339 2381
f 333 558 566
f 3089 3031 3030
f 691 687 351
f 774 777 390
f 82 104 110
f 2331 2329 2322
f 1842 1846 1766
f 2730 2779 2777
f 1896 1903 1897
f 241 258 238
f 1323 1324 1291
f 2715 2761 2717
f 1394 1439 1440
f 3184 3181 3344
f 3316 3318 3151
f 60 73 71
f 2549 2550 2540
f 1552 1661 1554
f 1590 1666 1586
f 2502 2503 2504
f 2509 2501 2508
f 2341 2412 2408
f 2470 2473 2468
f 3332 3328 3333
f 1738 1735 1736
f 924 918 919
f 399 414 415
f 109 104 83
f 1996 1995 1999
f 498 544 499
f 1530 1576 1575
f 2408 2341 2345
f 1124 1177 1126
f 3018 3012 3019
f 1656 1652 1653
f 713 667 737
f 1767 1961 1956
f 806 1202 1201
f 986 975 989
f 1886 1951 1880
f 2448 2452 2208
f 3023 3035 3025
f 2989 2945 3119
f 279 3300 3298
f 374 377 422
f 812 1118 819
f 3020 3086 3083
f 1447 1449 1448
f 792 789 791
f 324 527 525
f 354 481 478
f 1011 1014 1007
f 1801 1799 1762
f 2721 2720 2718
f 3326 3157 3321
f 1511 1512 1505
f 2420 2421 2413
f 1766 1848 1846
f 1922 2176 1981
f 571 620 573
f 1155 1158 812
f 536 580 581
f 1270 1459 1461
f 2408 2411 2417
f 3137 3322 3314
f 2264 2310 2366
f 548 544 353
f 2429 2427 2423
f 2572 2569 2568
f 2501 2500 2508
f 2007 1960 2009
f 3289 3144 3145
f 2217 2618 2619
f 2809 2811 2813
f 1108 1109 1197
f 1264 1477 1287
f 2526 2523 2229
f 2229 2536 2504
f 2980 2939 2987
f 2417 2411 2353
f 684 682 683
f 3285 3287 3145
f 798 877 875
f 2726 2727 2729
f 1180 1135 1181
f 2029 2028 2030
f 218 222 221
f 2637 2218 2636
f 478 534 530
f 1150 1212 1153
f 160 161 151
f 2827 2826 2774
f 2835 2778 2780
f 1762 1795 1799
f 1162 1163 1215
f 961 957 958
f 366 779 782
f 2075 1751 1750
f 2208 2448 2450
f 540 545 541
f 1145 1209 1210
f 3248 3317 3316
f 1433 1439 1434
f 1512 1511 1519
f 2365 2429 2366
f 392 389 388
f 1463 1397 1401
f 2217 2221 2222
f 3299 3301 3297
f 2882 2883 2878
f 1828 1829 1826
f 465 453 448
f 2102 2105 2150
f 2515 2511 2510
f 2567 2560 2564
f 1191 1216 1163
f 1578 1636 1664
f 2028 2082 2131
f 2812 2877 2854
f 2391 2385 2643
f 1736 1859 1861
f 2615 7 1246
f 2194 2668 2191
f 2255 2256 2254
f 2969 2936 2980
f 1501 1502 1496
f 1287 1456 1502
f 2472 2468 2470
f 2650 2587 2524
f 2524 2587 2583
f 1225 1152 1188
f 3030 3087 3089
f 1039 1036 803
f 3124 2829 2833
f 1285 1539 1543
f 1893 1894 1889
f 813 1119 811
f 26 40 41
f 1599 1276 1275
f 377 374 373
f 1290 1289 1390
f 1375 1440 1437
f 903 907 828
f 1854 1920 1856
f 2366 2364 2365
f 2692 3012 3019
f 2258 2256 2255
f 1762 1764 1765
f 2912 2846 2849
f 1828 1826 1733
f 1413 1419 1416
f 194 193 190
f 326 563 565
f 1121 1124 810
f 156 174 175
f 616 617 618
f 359 358 405
f 790 791 784
f 2081 2082 2090
f 2643 2205 2385
f 3025 3023 3024
f 2821 2772 2771
f 156 177 180
f 3059 3063 2699
f 512 513 507
f 1305 1312 1306
f 1539 1717 1543
f 661 649 735
f 1983 1977 1979
f 87 114 111
f 3334 3329 3328
f 331 452 463
f 1751 2128 2125
f 1746 2154 1752
f 2039 2091 2092
f 2231 2473 2208
f 3324 3154 3320
f 416 417 418
f 2706 2857 2810
f 151 161 160
f 1101 1191 1192
f 329 326 330
f 1803 1808 1824
f 1060 1061 1056
f 2925 2937 2935
f 267 264 266
f 1390 1391 1392
f 1364 1367 1365
f 312 315 316
f 2459 2458 2460
f 98 107 99
f 1456 1515 1457
f 822 969 964
f 1258 1396 1402
f 2502 2227 2503
f 1754 2059 2063
f 1747 2079 2076
f 3200 3201 3202
f 2092 2149 2148
f 3089 3031 2977
f 162 163 197
f 1765 1808 1762
f 982 976 978
f 1280 1648 1652
f 1063 1061 1057
f 2837 2836 2838
f 1517 1518 1519
f 224 223 70
f 1839 1843 1764
f 144 145 146
f 1025 1036 1083
f 3201 3206 3203
f 1072 1074 1070
f 97 116 96
f 1376 1377 1374
f 2527 2524 2227
f 271 280 272
f 742 718 681
f 2158 2123 2124
f 2345 2349 2348
f 968 969 963
f 1707 1541 1708
f 2435 2490 2483
f 2771 2769 2678
f 1860 1925 1862
f 1400 1300 1355
f 2977 3029 3008
f 2828 2835 2832
f 1286 1636 1640
f 2494 2496 2213
f 2714 2717 2718
f 817 1057 1061
f 1668 1669 1599
f 2348 2349 2345
f 3312 3314 190
f 2013 2018 2014
f 1787 1785 1786
f 586 631 725
f 1058 1059 1052
f 246 278 273
f 1075 815 1076
f 2592 2609 2596
f 737 666 738
f 762 726 694
f 335 619 614
f 2323 2335 2336
f 3328 3329 3332
f 907 970 965
f 1785 1787 1838
f 2413 2414 2415
f 1599 1597 1598
f 265 253 254
f 2091 2042 2095
f 1277 1626 1622
f 1731 315 792
f 2033 1753 2074
f 358 430 428
f 445 447 331
f 898 949 896
f 820 985 987
f 819 814 815
f 2700 3005 3001
f 711 706 705
f 1442 1458 1391
f 566 603 558
f 578 623 720
f 1050 1051 1047
f 2706 2833 2829
f 2756 2679 2755
f 414 412 358
f 1096 1097 1093
f 2227 2521 2519
f 3195 185 206
f 1282 1578 1576
f 1657 1652 1280
f 353 354 357
f 811 812 813
f 2208 2214 2217
f 2417 2411 2408
f 1756 2011 2009
f 1930 1973 1767
f 2235 2378 2372
f 1374 1328 1329
f 2523 2479 2482
f 1767 1973 1970
f 2935 2936 2925
f 828 901 898
f 517 515 550
f 2561 2509 2507
f 2004 1957 2007
f 506 514 455
f 918 875 924
f 392 388 393
f 1885 1890 1886
f 1760 1899 1894
f 754 333 554
f 2410 2404 2210
f 9 89 86
f 1045 1227 1048
f 1045 1048 817
f 2731 2835 2733
f 1411 1410 1412
f 2217 2622 2621
f 1127 1125 1126
f 3081 3063 3059
f 1290 1427 1433
f 3125 2817 2818
f 2681 2687 2677
f 2198 2306 2239
f 2429 2433 2427
f 1894 1893 1895
f 2018 2020 1755
f 552 597 602
f 1788 1839 1836
f 1841 1843 1764
f 1743 2047 1754
f 146 141 144
f 92 95 108
f 2090 2091 2094
f 1640 1581 1642
f 122 128 125
f 1707 1493 1491
f 2220 2553 2559
f 3008 3072 3103
f 1437 1375 1330
f 83 102 101
f 2690 2692 2691
f 2857 2877 2876
f 820 1010 1006
f 3169 3163 3290
f 2693 3011 3018
f 869 833 924
f 2399 2397 2233
f 38 25 35
f 1715 1488 1487
f 1335 1333 1334
f 1742 2002 1755
f 1737 1925 1927
f 2133 2087 2035
f 987 1031 1032
f 961 966 967
f 156 176 155
f 1415 1418 1419
f 2285 2292 2280
f 1915 1916 1917
f 2351 2422 2419
f 157 177 179
f 599 602 597
f 2259 2363 2261
f 2139 2138 2056
f 808 1141 1138
f 1566 1618 1616
f 155 173 153
f 2075 2073 2074
f 1860 1937 1938
f 1767 1928 1930
f 1656 1653 1652
f 2706 2846 2851
f 357 397 394
f 2821 2723 2826
f 141 132 140
f 47 62 61
f 3007 3005 3001
f 891 892 893
f 2068 2026 2070
f 2811 2812 2853
f 1123 1128 1129
f 2407 2405 2406
f 2282 2283 2247
f 13 12 2708
f 2077 2070 1749
f 1031 1029 818
f 1235 936 888
f 1780 1783 1732
f 2547 2540 2221
f 1447 1443 1444
f 935 888 838
f 1086 1087 1184
f 999 947 1234
f 1965 1971 1966
f 38 36 35
f 189 156 175
f 802 917 915
f 851 854 848
f 3285 3291 3294
f 1496 1497 1490
f 1981 2176 1936
f 1477 1480 1287
f 123 127 122
f 1129 1128 1127
f 2506 2466 2515
f 110 99 105
f 2280 2279 2278
f 813 820 825
f 951 1002 953
f 807 1110 810
f 1520 1565 1566
f 1733 1834 1830
f 1629 1626 1625
f 684 683 682
f 2475 2428 2480
f 973 861 864
f 25 39 38
f 2677 2752 2753
f 2092 2091 2090
f 1732 1809 1810
f 2203 2357 2350
f 1817 1816 1812
f 2192 2194 2193
f 1290 1438 1392
f 454 455 456
f 428 431 429
f 2691 2195 2672
f 706 736 752
f 1495 1498 1499
f 508 756 755
f 2950 2952 2954
f 3224 3220 3225
f 2103 2104 2107
f 913 884 828
f 2974 2698 2975
f 1208 1210 806
f 333 576 571
f 2989 2987 3118
f 2903 2909 2703
f 2870 2869 2803
f 350 583 587
f 2237 2259 2262
f 3238 3240 3236
f 806 1201 1207
f 1755 2002 1742
f 3316 3154 3324
f 649 647 648
f 2849 2788 2789
f 475 372 375
f 1624 1617 1621
f 997 993 938
f 726 696 694
f 1848 1847 1800
f 1812 1732 1809
f 197 199 201
f 662 663 664
f 802 923 921
f 1628 1633 1277
f 354 492 494
f 916 917 800
f 265 274 260
f 760 322 321
f 2232 2432 2437
f 2377 2378 2371
f 30 29 31
f 1568 1564 1272
f 1552 1661 1690
f 798 881 875
f 474 475 476
f 711 562 607
f 49 74 71
f 530 527 529
f 2873 2874 2916
f 3288 207 3163
f 3346 3190 3187
f 1182 1082 1085
f 2438 2436 2437
f 2918 2916 2917
f 2596 2599 2533
f 108 120 102
f 1106 1107 1102
f 2700 2999 2995
f 709 707 708
f 2705 2857 2877
f 1751 2111 2107
f 1716 1487 1489
f 718 720 721
f 2650 2530 2531
f 1053 1055 817
f 822 972 969
f 1707 1539 1541
f 2769 2772 2770
f 1224 932 884
f 2236 2235 2335
f 296 68 298
f 1005 1009 1006
f 1846 1845 1796
f 793 801 806
f 666 665 664
f 2540 2550 2551
f 1789 1791 1794
f 1280 1635 1632
f 1906 1909 1912
f 312 316 315
f 1547 1543 1285
f 2831 3126 2834
f 1585 1592 1589
f 1756 2017 2013
f 499 459 504
f 209 190 210
f 1792 1795 1762
f 177 179 156
f 26 33 27
f 704 706 703
f 85 94 9
f 2843 2847 2848
f 2056 2157 2119
f 38 39 25
f 961 903 966
f 178 177 175
f 900 901 897
f 1190 1097 1096
f 3139 3137 3136
f 915 978 917
f 288 299 298
f 1267 1271 1693
f 2073 2074 1751
f 2834 3126 2835
f 2393 2396 2387
f 564 609 712
f 2644 2322 2202
f 1993 2038 2170
f 2894 2893 2889
f 2429 2430 2426
f 2641 2496 2213
f 2331 2246 2247
f 3161 3163 3160
f 2229 2523 2526
f 1960 1962 1758
f 2376 2315 2314
f 326 551 557
f 1747 1749 2069
f 799 1026 1020
f 2881 2884 2889
f 190 187 184
f 1305 1298 1252
f 1000 1044 1045
f 1175 1067 1066
f 581 626 628
f 326 554 333
f 1984 2022 1980
f 2495 2497 2216
f 829 1238 104
f 282 262 286
f 2594 2627 2529
f 2220 2569 2571
f 2777 2780 2778
f 2216 2516 2511
f 870 924 875
f 199 200 197
f 425 420 375
f 3251 3254 3249
f 2228 2576 2220
f 2040 2038 2027
f 409 322 325
f 1457 1455 1456
f 1357 1353 1261
f 382 486 386
f 1248 1249 1246
f 1733 1818 1820
f 32 29 31
f 495 501 499
f 2698 2977 2975
f 345 752 736
f 1733 1834 1764
f 499 391 396
f 2708 2731 2728
f 1388 1387 1389
f 1410 1312 1308
f 1164 1165 1169
f 899 849 897
f 1829 1827 1738
f 1220 1201 1127
f 1150 1148 1186
f 2217 2195 2197
f 2450 2448 2454
f 2227 2503 2505
f 2203 2325 2332
f 1270 1450 1443
f 709 597 552
f 793 830 836
f 757 330 509
f 420 421 416
f 808 1147 812
f 1052 1059 1056
f 2575 2580 2581
f 3214 3218 3210
f 2001 2005 2002
f 2342 2332 2203
f 1470 1477 1529
f 2703 2896 2900
f 2197 7 2246
f 174 176 156
f 324 518 520
f 1883 1778 1779
f 397 399 459
f 468 469 421
f 3281 3279 3280
f 510 511 505
f 2657 2482 2481
f 2237 2262 2265
f 349 594 562
f 808 1113 1120
f 1438 1439 1433
f 1412 1415 1406
f 913 931 1224
f 2330 2329 2331
f 522 518 324
f 3212 3211 3213
f 787 104 1245
f 1757 2121 2126
f 1468 1467 1463
f 662 666 667
f 2206 2394 2405
f 1342 1343 1344
f 1460 1711 1517
f 2046 2100 2098
f 1690 1554 1272
f 1494 1487 1492
f 3280 253 3281
f 612 604 335
f 2685 2935 2925
f 187 180 175
f 841 842 844
f 1125 1126 1134
f 1197 1198 1173
f 2696 3049 3045
f 2156 2119 2157
f 2858 2860 2683
f 263 264 266
f 924 922 923
f 1277 1610 1616
f 3001 3006 3002
f 1258 1406 1408
f 1215 1163 1216
f 1914 1934 1933
f 1390 1394 1395
f 1272 1558 1552
f 1747 2103 1751
f 1272 1277 1273
f 2962 2932 2963
f 2132 2035 2033
f 1229 996 1000
f 1197 1170 1195
f 831 838 832
f 1916 1919 1925
f 1176 1202 1122
f 1561 1559 1283
f 2213 2497 2216
f 44 45 46
f 1759 1975 1934
f 3246 3250 3251
f 1404 1405 1357
f 266 264 267
f 217 137 210
f 3035 3034 3090
f 2685 2935 2938
f 1585 1586 1587
f 597 604 598
f 1747 2097 2094
f 287 280 273
f 554 334 333
f 3314 3316 3137
f 2237 2268 2271
f 1699 1260 1259
f 2111 2108 2112
f 2677 2672 1727
f 2513 2514 2515
f 1519 1511 1505
f 713 710 709
f 2220 2553 2548
f 3043 3040 3039
f 1333 1334 1291
f 1915 1917 1744
f 108 103 109
f 597 558 603
f 762 723 724
f 2761 2770 2762
f 1314 1311 1310
f 419 417 325
f 734 780 779
f 769 763 583
f 1078 1109 815
f 2507 2565 2605
f 1580 1581 1577
f 2407 2396 2333
f 3336 3250 3343
f 776 432 385
f 2300 2304 2198
f 2225 2544 2228
f 2232 2441 2446
f 335 622 617
f 852 854 851
f 3017 3030 3031
f 206 185 3195
f 1584 1581 1282
f 22 21 23
f 904 903 905
f 3328 3332 3335
f 433 431 360
f 611 603 334
f 1832 1831 1833
f 76 60 56
f 326 557 565
f 122 128 127
f 1197 1174 1219
f 545 549 517
f 12 8 13
f 1190 1192 1159
f 206 220 119
f 2712 2783 2780
f 816 1106 1102
f 794 895 826
f 820 1010 1008
f 1984 2027 2029
f 2359 2306 2307
f 1144 1186 1148
f 2367 2363 2366
f 348 347 605
f 1753 2035 2033
f 1031 1030 1032
f 674 675 679
f 3133 3135 1728
f 2697 2195 2691
f 268 282 304
f 797 990 980
f 1745 2048 1753
f 824 965 970
f 2995 2953 2997
f 3217 3214 3215
f 231 219 186
f 1872 1877 1873
f 830 838 831
f 185 172 174
f 417 465 419
f 2708 2734 2731
f 367 410 406
f 1989 2020 1755
f 1443 1451 1444
f 1853 1854 1855
f 1759 1954 1958
f 2393 2331 2326
f 357 394 391
f 2042 2041 2000
f 948 944 892
f 2005 2050 2051
f 1160 1161 1164
f 352 536 539
f 1052 1053 1054
f 163 162 164
f 2375 2316 2317
f 2849 2789 2788
f 3335 269 266
f 163 165 169
f 797 990 993
f 2381 2339 2384
f 266 3282 3335
f 2494 2456 2508
f 1679 1576 1634
f 2623 2580 2624
f 1273 1674 1675
f 2507 2511 2516
f 2714 2715 2716
f 2123 2116 2124
f 3051 3049 3050
f 1803 1824 1825
f 2028 2027 1982
f 2363 2362 2307
f 38 36 37
f 107 99 110
f 551 555 508
f 331 473 471
f 176 174 3276
f 3338 3336 3342
f 1539 1545 1543
f 938 937 939
f 184 185 186
f 421 417 325
f 2056 2058 1753
f 2376 2379 2380
f 184 187 232
f 169 168 153
f 517 515 352
f 2515 2471 2470
f 2923 2924 2685
f 3066 3069 3101
f 2976 3007 2700
f 3154 3151 3157
f 1736 1885 1879
f 1549 1513 1285
f 1879 1881 1883
f 2708 2740 2737
f 131 126 127
f 605 606 642
f 2096 2094 2095
f 1501 1496 1296
f 924 925 926
f 3015 3031 3028
f 2226 2196 2217
f 2701 2930 2932
f 1983 1976 1918
f 2996 3000 2698
f 1296 1483 1479
f 1282 1588 1584
f 2749 2751 2746
f 1335 1336 1350
f 3002 3063 3066
f 2532 2487 2488
f 2845 2851 2846
f 1656 1652 1657
f 103 101 83
f 1856 1920 1913
f 2237 2278 2277
f 1359 1358 1310
f 1420 1425 1421
f 649 647 650
f 1900 1904 1905
f 1668 1273 1669
f 3162 3166 3145
f 1751 2103 1747
f 2483 2439 2435
f 362 364 361
f 2412 2341 2411
f 2432 2428 2232
f 2932 2930 2701
f 379 381 483
f 189 174 156
f 1942 1949 1943
f 3172 3304 3305
f 2913 2914 2908
f 2803 2881 2880
f 1000 1045 1044
f 1716 1719 1720
f 1515 1456 1454
f 426 429 427
f 1171 1164 1169
f 674 673 675
f 280 303 302
f 2334 2291 2290
f 2949 2947 2944
f 2700 2999 2997
f 924 912 919
f 1890 1889 1892
f 2701 2955 2951
f 1112 1198 1076
f 341 645 652
f 344 693 690
f 2354 2346 2348
f 191 193 180
f 2706 2842 2840
f 229 41 228
f 598 600 335
f 1414 1413 1415
f 521 563 565
f 1811 1863 1815
f 1218 1219 813
f 2585 2578 2582
f 2881 2884 2878
f 2035 2034 1989
f 3058 3059 3062
f 2678 2684 2677
f 2185 2142 2186
f 1427 1429 1431
f 1401 1405 1404
f 3275 190 193
f 1296 1260 1288
f 1473 1478 1260
f 1848 1850 1766
f 2390 2389 2385
f 678 674 675
f 612 712 713
f 917 978 974
f 3139 3137 3138
f 1404 1402 1396
f 1262 1507 1505
f 1775 1820 1821
f 682 680 683
f 1410 1408 1409
f 2312 2310 2264
f 1960 1966 1758
f 2677 2724 2722
f 1289 1425 1430
f 397 394 357
f 1275 1617 1621
f 226 227 228
f 3151 3154 3150
f 3161 3163 3162
f 351 347 345
f 1788 1836 1837
f 1043 1041 1092
f 2393 2392 2391
f 1252 1298 1297
f 3287 203 207
f 326 570 572
f 1445 1446 1270
f 2990 2993 2698
f 1685 1686 1702
f 2977 3008 2698
f 326 333 336
f 423 427 325
f 1902 1904 1905
f 1457 1503 1499
f 698 702 751
f 2662 2433 2429
f 978 974 982
f 242 272 243
f 381 430 428
f 334 609 611
f 2559 2563 2509
f 280 302 39
f 872 794 795
f 363 418 364
f 2100 2044 2136
f 2208 2470 2468
f 813 1213 1214
f 2359 2356 2354
f 2211 2333 2343
f 448 453 465
f 945 839 842
f 181 157 178
f 3198 261 282
f 434 435 436
f 2418 2353 2351
f 3034 3091 2981
f 2105 2102 2099
f 2950 2907 2905
f 737 734 658
f 2699 3057 3054
f 3034 3038 3091
f 2985 2989 2688
f 404 408 318
f 1980 1978 1984
f 2803 2868 2805
f 2789 2852 2849
f 2939 2936 2689
f 712 665 713
f 1410 1308 1312
f 2854 2918 2855
f 394 396 391
f 3159 3162 3158
f 1736 1881 1879
f 357 384 387
f 955 1002 951
f 998 1042 1043
f 2227 2537 2505
f 1760 1911 1869
f 507 511 510
f 3246 3244 3247
f 3184 3187 3181
f 1011 1012 1007
f 1399 1463 1464
f 1374 1329 1330
f 289 136 292
f 271 243 273
f 1651 1655 1688
f 1939 1940 1935
f 10 12 13
f 495 435 389
f 298 300 302
f 3023 3022 3024
f 2470 2414 2472
f 2749 2746 2750
f 584 581 349
f 1277 1610 1605
f 525 530 324
f 1762 1786 1783
f 2465 2461 2208
f 2439 2434 2435
f 1299 1354 1300
f 2142 2189 2186
f 3232 3233 3234
f 2339 2383 2384
f 2892 2896 2703
f 493 492 494
f 52 58 51
f 1395 1394 1349
f 1298 1299 1401
f 699 696 700
f 1261 1347 1343
f 730 640 639
f 977 983 801
f 52 51 48
f 775 490 433
f 317 311 357
f 376 479 378
f 1037 1035 1024
f 2019 1931 1988
f 2231 2457 2459
f 535 537 532
f 1021 1020 983
f 1346 1347 1342
f 334 597 603
f 825 846 848
f 31 29 32
f 2650 2593 2631
f 2210 2388 2395
f 2486 2484 2230
f 1354 1353 1355
f 1005 1009 821
f 344 679 339
f 1272 1576 1571
f 1249 1726 1
f 514 515 516
f 1338 1339 1303
f 384 386 382
f 2232 2441 2435
f 2756 2755 2754
f 2516 2565 2507
f 1018 1016 1017
f 1563 1564 1565
f 354 494 489
f 287 299 288
f 725 632 631
f 1284 1530 1271
f 2103 2107 1751
f 1289 1421 1417
f 2323 2293 2292
f 1762 1767 1759
f 688 744 743
f 3226 3221 3228
f 1025 1070 1074
f 1260 1447 1452
f 1803 1804 1802
f 448 444 445
f 2056 2115 2058
f 1529 1531 1533
f 2060 2064 2121
f 39 272 280
f 2028 2142 2083
f 190 188 187
f 2938 2939 2935
f 3265 781 3264
f 86 100 84
f 1599 1607 1606
f 1253 1261 1252
f 2981 3033 3034
f 609 610 611
f 42 43 44
f 2664 2376 2375
f 774 496 495
f 2795 2801 2797
f 1476 1480 1477
f 2383 2378 2235
f 2254 2256 2252
f 1736 1872 1859
f 1754 2050 2047
f 2908 2909 2902
f 505 508 509
f 561 560 562
f 1595 1559 1516
f 2977 3106 2975
f 2024 2077 2026
f 1632 1635 1280
f 901 900 850
f 209 137 232
f 1740 1918 1916
f 1273 1250 1252
f 1433 1436 1437
f 2806 2795 2801
f 1753 2048 1745
f 212 197 163
f 2350 2352 2354
f 1829 1828 1778
f 350 580 577
f 3252 3253 3250
f 1259 1260 1699
f 3077 3033 3024
f 3108 2932 2930
f 228 41 40
f 2235 2365 2369
f 2677 1727 2708
f 2384 2321 2320
f 2754 2719 2806
f 982 974 978
f 327 472 466
f 2231 2491 2459
f 1866 1867 1868
f 725 696 726
f 552 554 333
f 197 151 162
f 353 516 506
f 994 998 801
f 339 341 644
f 2510 2511 2506
f 2066 2035 2129
f 55 54 56
f 739 741 336
f 1391 1390 1395
f 1230 1000 1003
f 1217 1167 1168
f 12 13 2708
f 2795 2684 2760
f 2903 2954 2905
f 1728 3135 1730
f 2811 2809 2707
f 2875 2876 2877
f 1701 1584 1583
f 511 510 445
f 314 1726 1249
f 2692 3082 3012
f 798 896 892
f 2838 2843 2844
f 1762 315 1752
f 593 594 589
f 1659 1673 1689
f 2920 2701 2930
f 706 752 751
f 2244 2245 2243
f 2459 2446 2401
f 2398 2459 2400
f 1521 1522 1517
f 2357 2361 2358
f 1970 1971 1965
f 1464 1450 1461
f 2 3364 1
f 1745 2039 2042
f 1740 1924 1922
f 1894 1899 1760
f 2362 2359 2307
f 76 77 78
f 2494 2501 2495
f 2885 2894 2891
f 3341 3340 3343
f 823 946 800
f 3072 3070 3028
f 2195 1250 2676
f 2661 2431 2662
f 2993 3113 2990
f 1678 1676 1624
f 2788 2791 2789
f 541 585 769
f 1147 1148 1151
f 2566 2562 2560
f 3066 3062 3063
f 1952 1953 1948
f 3339 3251 3250
f 1377 1440 1375
f 397 459 395
f 2340 2347 2341
f 175 156 180
f 2075 2088 2089
f 314 310 307
f 2083 2082 2028
f 2226 2546 2224
f 261 282 262
f 1682 1684 1281
f 3069 3103 3102
f 1293 1295 1348
f 2251 2296 2244
f 2674 2195 2676
f 1381 1380 1386
f 2614 2542 2222
f 3050 2993 3054
f 911 931 973
f 2935 2879 2881
f 1744 1944 1939
f 1081 1039 1084
f 507 512 520
f 394 391 357
f 2228 2544 2556
f 48 52 47
f 3043 3093 3094
f 2518 2515 2469
f 1868 1869 1910
f 1762 1795 1792
f 646 653 731
f 354 492 498
f 906 853 856
f 958 1013 1007
f 2793 2768 2813
f 476 475 474
f 817 1063 1032
f 583 584 580
f 2243 2345 2244
f 2316 2314 2239
f 1112 1076 1075
f 52 48 47
f 2856 2683 2682
f 57 54 56
f 31 30 29
f 798 881 879
f 2243 2245 2242
f 1000 1003 820
f 3161 3160 3163
f 2119 2118 2116
f 1111 1121 1114
f 31 33 34
f 2796 2813 3109
f 3187 3184 3190
f 1015 1011 969
f 348 349 345
f 2861 2860 2862
f 2090 2082 2091
f 2626 2628 2226
f 257 256 254
f 843 846 825
f 1804 1803 1824
f 981 1228 991
f 1149 1146 1209
f 938 943 802
f 2146 2088 2089
f 341 652 657
f 286 262 292
f 819 1170 1165
f 3199 274 261
f 2701 2955 2953
f 819 1173 1170
f 822 928 930
f 3308 3306 3304
f 2487 2489 2441
f 1533 1531 1529
f 1381 1383 1266
f 547 544 540
f 2894 2829 3124
f 3136 3137 3139
f 2007 1964 1962
f 1140 1138 1139
f 616 617 719
f 3309 3178 3301
f 1291 1323 1321
f 2197 2257 2237
f 640 636 347
f 1863 1851 1857
f 1283 1282 1559
f 1350 1348 1293
f 143 142 144
f 1906 1846 1796
f 1540 1585 1586
f 1846 1909 1906
f 695 696 699
f 918 914 924
f 2123 2119 2116
f 914 916 800
f 1284 1514 1516
f 2072 2069 2070
f 1824 1822 1764
f 508 555 556
f 883 828 884
f 991 1038 1035
f 817 1051 1048
f 1432 1325 1371
f 2564 2568 2221
f 1285 1543 1547
f 2239 2310 2308
f 2692 2690 3082
f 354 457 503
f 2333 2393 2326
f 1656 1653 1590
f 2703 2704 2708
f 322 442 448
f 2183 1874 1827
f 102 120 218
f 1599 1273 1276
f 2821 2818 2772
f 973 909 860
f 339 679 344
f 2868 2862 2863
f 143 123 144
f 955 960 822
f 1457 1501 1455
f 690 687 691
f 1383 1260 1266
f 163 185 205
f 718 721 680
f 1281 1689 1673
f 1475 1407 1473
f 1127 1206 1136
f 2515 2510 2506
f 621 624 622
f 334 609 613
f 791 2186 2188
f 521 513 520
f 541 592 585
f 238 237 239
f 1395 1390 1391
f 323 324 759
f 2815 2802 2808
f 345 349 350
f 741 671 676
f 586 638 637
f 266 3333 3330
f 712 714 715
f 537 532 485
f 32 28 39
f 372 370 369
f 2005 2051 2050
f 2976 2975 2977
f 2702 2920 2931
f 459 457 516
f 2809 2814 2796
f 717 676 741
f 2711 2751 2708
f 336 737 738
f 1892 1889 1890
f 1582 1580 1577
f 345 747 746
f 1757 2121 2117
f 3011 2692 3012
f 1286 1636 1633
f 27 32 28
f 642 606 643
f 132 128 140
f 363 417 464
f 2113 2109 2107
f 89 114 87
f 446 445 447
f 443 356 458
f 682 683 686
f 105 104 82
f 689 682 686
f 322 479 356
f 1813 1812 1811
f 3294 3291 3289
f 1972 1975 1759
f 990 994 991
f 2020 2034 2065
f 2213 2496 2494
f 1273 1668 1671
f 1671 1 1726
f 1766 1846 1848
f 1600 1614 1612
f 1286 1640 1644
f 3214 3210 3215
f 263 264 257
f 1455 1454 1456
f 939 945 796
f 2688 2980 2983
f 2687 2682 2683
f 497 503 498
f 2723 2715 2722
f 519 567 569
f 351 705 660
f 541 772 771
f 1638 1637 1634
f 545 589 591
f 3145 3143 3144
f 420 416 318
f 1184 1144 1185
f 90 93 106
f 2350 2357 2203
f 3022 3073 3024
f 131 127 126
f 1006 1010 1008
f 1630 1677 1629
f 1006 1054 1051
f 2496 2499 2494
f 1983 1922 1981
f 1741 1886 1880
f 1707 1538 1537
f 2316 2315 2317
f 1641 1637 1635
f 2423 2428 2424
f 587 586 588
f 1466 1460 1264
f 3007 2961 2962
f 1481 1414 1417
f 1515 1514 1516
f 1149 1146 1143
f 2927 2929 2925
f 733 340 646
f 1958 1964 1759
f 269 257 256
f 2952 2957 2953
f 324 512 520
f 1746 1743 1745
f 1153 1152 1151
f 2921 2923 2859
f 1077 1108 816
f 1554 1661 1598
f 17 14 16
f 3097 3052 3051
f 805 1087 1089
f 153 168 169
f 1266 1414 1407
f 2368 2369 2364
f 2818 2769 2715
f 1497 1496 1499
f 2935 2939 2936
f 1720 1373 1431
f 499 501 439
f 639 640 635
f 1819 1864 1821
f 995 999 797
f 353 535 532
f 1632 1637 1638
f 2710 2779 2782
f 663 665 341
f 729 751 703
f 1767 1948 1744
f 2516 2511 2515
f 2683 2864 2866
f 2641 2640 2452
f 1749 2098 2095
f 864 885 910
f 922 921 923
f 2838 2844 2843
f 3166 3287 3294
f 2152 2106 2048
f 1252 1308 1305
f 1023 1065 1027
f 2429 2433 2662
f 862 861 825
f 3251 3252 3249
f 122 135 134
f 2931 2933 2934
f 154 181 182
f 345 310 316
f 1252 1301 1302
f 474 423 479
f 3194 185 198
f 1727 1728 783
f 1885 1889 1761
f 2643 2205 2204
f 2197 2243 2249
f 823 959 954
f 1248 1247 1246
f 3028 3031 3072
f 2450 2451 2448
f 2230 2460 2492
f 2995 2999 2996
f 2208 2461 2463
f 2701 2961 2957
f 3306 3193 3178
f 1754 2065 2034
f 834 880 881
f 1070 1036 1081
f 193 3315 3316
f 2462 2653 2506
f 157 181 183
f 2468 2474 2469
f 2685 2923 2921
f 3360 3361 3362
f 1190 1096 1051
f 2925 2935 2937
f 2093 2092 2147
f 2877 2812 2875
f 100 118 293
f 211 228 40
f 89 87 90
f 2409 2403 2206
f 1897 1964 1899
f 1623 1619 1617
f 982 981 983
f 796 924 926
f 2366 2310 2311
f 3344 3190 3184
f 533 577 578
f 465 462 463
f 2944 2892 2894
f 804 1069 805
f 2310 2313 2311
f 856 855 859
f 2946 2944 2940
f 2688 2967 2965
f 2335 2339 2323
f 1260 1478 1288
f 750 697 747
f 729 700 727
f 1757 2108 2112
f 2970 2981 3110
f 66 63 64
f 1183 1085 1084
f 2542 2217 2222
f 1273 1678 1677
f 1943 1949 1740
f 29 30 31
f 179 177 156
f 1474 1471 1472
f 957 958 959
f 1690 1661 1552
f 19 14 16
f 1317 1365 1419
f 2832 2837 2833
f 2418 2351 2419
f 294 281 295
f 422 426 318
f 1464 1452 1388
f 87 88 11
f 3264 781 3265
f 2793 2813 2855
f 1863 1774 1775
f 1818 1827 1819
f 2710 2792 2767
f 1053 1098 1191
f 360 431 429
f 1989 2034 2020
f 2145 2075 1752
f 1090 1091 1186
f 438 392 393
f 796 949 824
f 424 423 425
f 793 839 836
f 908 859 860
f 1394 1440 1377
f 976 978 797
f 2708 12 2740
f 1534 1538 1535
f 2494 2450 2451
f 3267 1245 104
f 2417 2354 2353
f 389 434 435
f 1755 2020 2018
f 2703 2905 2900
f 440 438 358
f 389 392 438
f 964 1013 958
f 1446 1445 1441
f 2730 2729 2725
f 1647 1650 1702
f 355 477 327
f 1146 1149 1209
f 223 224 221
f 1760 1867 1869
f 522 527 324
f 127 133 126
f 1098 1099 1100
f 2408 2411 2412
f 1829 1875 1827
f 1086 1090 804
f 1865 1874 1872
f 1481 1479 1480
f 2991 2989 2985
f 2206 2403 2405
f 2112 2115 1757
f 2971 2927 2928
f 175 174 172
f 2506 2507 2508
f 2443 2442 2378
f 1982 2027 1984
f 3172 3178 3305
f 1107 1109 815
f 1441 1260 1383
f 2804 2807 2808
f 2239 2292 2294
f 2073 2087 2074
f 2726 2727 2724
f 2720 2763 2806
f 2208 2452 2214
f 1286 1649 1653
f 3037 3040 2692
f 356 495 499
f 2518 2473 2474
f 2921 2923 2685
f 1176 1177 1124
f 1273 1680 1281
f 2868 2863 2862
f 163 205 69
f 1415 1412 1410
f 2103 2110 2106
f 2818 2808 2762
f 1950 1951 1946
f 1740 1949 1943
f 110 104 121
f 2481 2478 2231
f 2615 2668 7
f 358 434 436
f 2818 2769 2770
f 1893 1898 1761
f 128 132 140
f 1343 1345 1261
f 570 576 571
f 203 3286 3284
f 1927 1865 1860
f 513 512 520
f 673 676 717
f 1025 1083 1070
f 172 171 155
f 1985 1981 1983
f 131 129 132
f 2934 2931 2702
f 2050 2051 2047
f 3314 3275 3316
f 1776 1775 1773
f 1433 1427 1432
f 402 403 365
f 627 720 624
f 2339 2338 2401
f 324 525 527
f 1872 1859 1865
f 1103 1195 1196
f 1283 1593 1561
f 2151 2149 2096
f 3095 3096 3097
f 2909 2958 2903
f 2610 2609 2592
f 238 259 233
f 1291 1333 1331
f 1293 1366 1364
f 3338 3250 3251
f 2952 2903 2906
f 1027 1065 1023
f 208 40 211
f 1540 1592 1591
f 2529 2651 2652
f 2950 2954 2995
f 866 862 867
f 2160 2159 2127
f 2533 2599 2632
f 174 176 3277
f 890 888 798
f 2366 2364 2360
f 502 497 355
f 1153 1151 1152
f 1314 1312 1311
f 1587 1585 1283
f 949 892 896
f 1964 1961 1962
f 136 270 285
f 3248 3249 3247
f 1518 1567 1569
f 816 1075 1030
f 1219 1218 1171
f 1745 2030 2024
f 307 310 309
f 1742 1993 1996
f 2843 2844 2785
f 1502 1503 1457
f 2236 2382 2337
f 3287 3286 3285
f 906 856 859
f 2981 3034 3033
f 313 305 314
f 522 461 467
f 2465 2470 2208
f 178 137 193
f 2106 2109 2154
f 798 894 890
f 2116 2117 2120
f 3055 3051 3049
f 3059 3061 2998
f 647 660 648
f 1857 1858 1853
f 2359 2306 2258
f 322 464 468
f 734 737 336
f 1652 1649 1653
f 2956 2912 2909
f 2386 2234 2402
f 892 891 841
f 1622 1626 1277
f 71 72 49
f 1061 1060 1018
f 1741 1873 1860
f 463 452 331
f 334 616 618
f 3038 3032 3036
f 2685 2924 2689
f 2712 2780 2783
f 999 997 995
f 2306 2308 2239
f 798 896 828
f 1044 1048 1045
f 2363 2307 2309
f 1369 1367 1295
f 2386 2402 2336
f 507 448 445
f 1271 1530 1284
f 991 1035 981
f 793 830 829
f 853 852 857
f 208 196 40
f 1553 1556 1551
f 1299 1352 1353
f 2230 2484 2486
f 2926 2936 3116
f 1552 1606 1668
f 2708 2731 2734
f 3320 3137 3154
f 2507 2645 2511
f 2450 2455 2463
f 2584 2624 2580
f 2114 2115 2116
f 1605 1558 1610
f 875 877 798
f 2708 1250 2697
f 2052 2050 2047
f 1474 1410 1409
f 124 138 137
f 288 67 280
f 839 836 793
f 1304 1301 1302
f 357 391 394
f 572 571 573
f 947 946 949
f 2509 2563 2618
f 729 727 632
f 1169 1165 1170
f 2584 2578 2585
f 2221 2560 2558
f 1273 1675 1676
f 987 1018 820
f 3210 3211 3212
f 3338 3342 3337
f 1392 1390 1290
f 1048 1047 1003
f 1116 1113 1114
f 1443 1445 1270
f 101 102 218
f 58 56 52
f 314 734 305
f 641 708 753
f 1075 1076 1112
f 1348 1349 1350
f 1303 1342 1343
f 1739 1742 1746
f 2745 2746 2813
f 1505 1451 1519
f 2688 2969 2971
f 1642 1635 1639
f 802 921 923
f 790 792 791
f 3324 3157 3316
f 1201 791 1241
f 2030 2143 2078
f 1634 1633 1576
f 2678 2775 2771
f 389 388 495
f 1752 1758 1762
f 2574 2570 2571
f 2661 2481 2432
f 1066 1072 804
f 2489 2490 2441
f 2241 2317 2313
f 2676 1250 1731
f 633 631 348
f 1773 1774 1768
f 1670 1599 1276
f 2178 1949 1953
f 949 947 999
f 2983 2987 2688
f 1115 1200 806
f 1573 1568 1572
f 3297 3303 3178
f 1730 17 15
f 2970 3024 2972
f 1959 1961 1767
f 2168 2108 2137
f 1895 1901 1900
f 360 437 433
f 396 395 440
f 3066 3063 3062
f 1266 1260 1252
f 1198 1133 1131
f 2687 2800 2798
f 1534 1484 1488
f 688 743 684
f 1434 1433 1437
f 2516 2572 2622
f 806 1210 1209
f 872 871 870
f 1641 1681 1680
f 2514 2646 2516
f 2703 2914 2909
f 2667 2199 2284
f 845 847 899
f 1758 1974 1971
f 543 541 352
f 1353 1405 1401
f 1865 1768 1773
f 2235 2374 2369
f 1296 1496 1490
f 3314 3322 3325
f 2706 2833 2837
f 2417 2418 2419
f 2845 2848 2849
f 1002 1004 951
f 2382 2377 2381
f 709 598 597
f 1544 1589 1592
f 2042 2046 1745
f 406 408 318
f 2461 2465 2467
f 2239 2308 2306
f 271 242 243
f 2155 2118 2156
f 2518 2521 2519
f 120 102 218
f 504 502 459
f 801 991 981
f 1419 1416 1417
f 1214 1162 1215
f 49 75 74
f 845 844 843
f 952 953 949
f 1793 1841 1842
f 366 734 779
f 3287 203 3286
f 711 705 730
f 1361 1357 1356
f 1989 2163 2164
f 2728 2730 2831
f 109 119 120
f 1272 1554 1277
f 2478 2480 2428
f 358 428 430
f 190 188 191
f 1745 2026 2024
f 2877 2873 2874
f 2450 2393 2388
f 2843 2738 2737
f 1441 1445 1446
f 1889 1894 1890
f 2497 2635 2636
f 100 118 282
f 1302 1671 1725
f 1111 805 1069
f 1502 1501 1503
f 2986 2990 2690
f 2354 2348 2345
f 1560 1562 1596
f 2155 2113 2054
f 360 413 415
f 1698 1262 1263
f 945 939 890
f 801 991 994
f 1280 1646 1643
f 2744 12 13
f 1631 1627 1628
f 2698 2975 2977
f 797 978 976
f 2208 2461 2465
f 2829 2833 2706
f 344 690 693
f 1253 1360 1356
f 1898 1897 1899
f 1758 1929 1931
f 67 297 281
f 1944 1943 1945
f 333 554 552
f 676 673 717
f 1908 1911 1760
f 2398 2397 2402
f 3025 3085 3026
f 261 304 282
f 1293 1372 1368
f 2328 2391 2385
f 626 630 627
f 2688 2971 2965
f 1143 1142 1144
f 1946 1947 1950
f 280 281 268
f 1873 1937 1860
f 2419 2422 2413
f 2614 2222 2542
f 2450 2453 2388
f 1312 1311 1358
f 2229 2532 2528
f 118 100 106
f 349 596 562
f 1659 1689 1688
f 574 572 528
f 1056 1061 1057
f 1935 1936 1921
f 991 1035 1036
f 1782 1781 1830
f 489 485 354
f 228 226 211
f 221 205 223
f 357 394 397
f 1419 1422 1423
f 717 716 719
f 810 1114 1121
f 2080 2131 2082
f 2229 2528 2530
f 2258 2308 2306
f 459 503 504
f 2920 2933 2934
f 2868 2866 2867
f 348 605 596
f 285 136 289
f 1537 1534 1285
f 1979 1980 1739
f 1294 1293 1341
f 2009 2013 1756
f 154 153 155
f 2125 2128 1751
f 1866 1760 1867
f 245 247 246
f 1283 1595 1284
f 1401 1353 1299
f 2498 2641 2494
f 1992 1936 1940
f 2806 2794 2795
f 1883 1833 1884
f 1382 1383 1258
f 995 1000 996
f 2967 2966 2968
f 3215 3210 3212
f 1104 1105 1098
f 712 715 714
f 331 324 317
f 825 848 846
f 1925 1920 1919
f 246 250 261
f 3163 3161 3162
f 803 1027 1021
f 1767 1952 1948
f 815 1109 1078
f 2914 2956 2909
f 1995 1996 1992
f 969 968 970
f 965 855 859
f 1021 1027 803
f 837 889 838
f 318 410 406
f 374 375 373
f 2700 3007 2976
f 1988 1931 1934
f 1599 1275 1597
f 31 27 32
f 2498 2496 2641
f 2237 2259 2257
f 617 622 718
f 981 1037 1024
f 2827 2773 2774
f 2584 2580 2578
f 250 251 252
f 3307 3178 3309
f 37 45 44
f 2118 2054 2115
f 24 40 42
f 2901 2837 2838
f 3327 3334 3328
f 689 686 690
f 1791 1792 1793
f 2076 2069 1747
f 1293 1348 1350
f 2487 2492 2488
f 2528 2659 2660
f 2453 2450 2454
f 355 491 493
f 427 429 360
f 1271 1527 1525
f 804 1068 1066
f 1883 1779 1782
f 2233 2431 2436
f 2253 2257 2197
f 71 73 72
f 2558 2560 2562
f 797 801 793
f 2187 2188 2189
f 1564 1662 1568
f 2953 3121 2997
f 1321 1723 1722
f 2082 2083 2028
f 3284 3283 3285
f 1053 1104 1105
f 213 137 209
f 200 199 197
f 288 246 67
f 532 478 481
f 725 746 698
f 2265 2666 2665
f 527 473 529
f 2030 2131 2028
f 2020 2018 2019
f 2107 2108 2111
f 1517 1466 1526
f 3187 3190 3346
f 862 866 863
f 3045 3042 3046
f 178 177 157
f 2374 2438 2662
f 1342 1338 1303
f 459 458 356
f 1163 1162 1160
f 1275 1277 1597
f 387 389 390
f 378 381 428
f 2700 2995 2992
f 825 873 865
f 1290 1292 1295
f 1743 2026 1745
f 820 1012 1008
f 2638 2639 2451
f 1432 1435 1436
f 1400 1347 1304
f 2796 2814 2813
f 283 287 288
f 358 434 438
f 2664 2312 2665
f 1932 1933 1934
f 1381 1386 1447
f 1144 1184 1187
f 230 213 214
f 639 635 348
f 1895 1900 1901
f 2874 2872 2703
f 2914 2913 2915
f 969 972 822
f 1267 1268 1269
f 1756 2019 2017
f 3243 3241 3242
f 1615 1617 1275
f 64 63 47
f 1720 1424 1426
f 2593 2628 2631
f 1699 1260 1441
f 755 756 508
f 1851 1736 1735
f 949 999 947
f 725 631 586
f 2521 2579 2580
f 1039 1043 803
f 492 491 495
f 288 298 68
f 1989 2037 2036
f 2513 2515 2518
f 2046 2136 2044
f 2966 2972 2690
f 1759 1914 1934
f 404 319 401
f 3130 3131 3134
f 1954 1890 1892
f 92 108 110
f 1588 1649 1647
f 1448 1449 1441
f 838 888 935
f 2025 2026 1743
f 2838 2783 2782
f 794 876 874
f 1859 1860 1861
f 1275 1609 1615
f 581 584 626
f 1323 1325 1326
f 419 411 325
f 377 426 422
f 711 730 562
f 2267 2268 2269
f 2520 2656 2523
f 2829 2828 2831
f 1540 1709 1710
f 1746 2150 2152
f 1940 1936 1740
f 2239 2310 2312
f 252 239 251
f 2925 2870 2865
f 2475 2480 2478
f 2402 2397 2398
f 2356 2302 2254
f 2060 2121 2138
f 1169 1172 812
f 798 894 892
f 2072 2141 2071
f 2868 2869 2870
f 2643 2385 2205
f 1975 1972 1908
f 267 269 257
f 2786 2785 2787
f 331 471 473
f 2211 2326 2333
f 926 936 1235
f 1008 1232 1231
f 1544 1592 1540
f 1643 1639 1280
f 124 138 126
f 973 970 965
f 1147 1154 1150
f 1958 1956 1964
f 344 704 659
f 2241 2311 2309
f 1025 1226 1083
f 2088 2144 2089
f 118 100 282
f 2470 2416 2417
f 1282 1576 1272
f 2206 2394 2387
f 3250 3341 3343
f 352 545 541
f 445 444 448
f 1291 1336 1334
f 830 935 838
f 1927 1926 1925
f 2838 2835 2783
f 1281 1684 1683
f 3298 3296 3299
f 2230 2484 2488
f 1728 3127 3133
f 1564 1568 1662
f 3029 3016 2699
f 2871 2703 2872
f 2335 2235 2336
f 2618 2562 2619
f 2366 2370 2368
f 157 183 154
f 2322 2327 2203
f 2920 2934 2702
f 766 531 528
f 1800 1796 1799
f 292 136 286
f 2233 2399 2445
f 575 576 570
f 2927 2926 2928
f 1333 1291 1334
f 2054 2053 2008
f 1982 2027 2028
f 335 600 598
f 1394 1392 1393
f 2140 2143 1746
f 2677 2686 2691
f 529 525 530
f 1530 1532 1705
f 2990 3046 3078
f 1472 1465 1474
f 1110 807 1111
f 627 723 724
f 2239 2241 2292
f 434 390 389
f 2331 2330 2329
f 2678 2775 2773
f 2035 2087 2089
f 1762 1786 1789
f 1790 1788 1789
f 2902 2903 2904
f 2314 2319 2315
f 1485 1486 1481
f 2335 2336 2337
f 1198 1078 1076
f 1034 1033 987
f 1740 1949 1758
f 2866 2865 2867
f 2760 2758 2801
f 1360 1359 1361
f 1732 1769 1777
f 2288 2287 2289
f 136 268 270
f 197 160 151
f 1602 1600 1601
f 3246 3282 3198
f 2478 2479 2475
f 2868 2863 2798
f 2009 2180 2179
f 1205 1132 1133
f 1411 1361 1359
f 985 1223 987
f 2808 2807 2806
f 325 417 419
f 2696 3049 3053
f 2408 2412 2411
f 1615 1616 1617
f 1760 1890 1886
f 1326 1373 1720
f 731 336 732
f 325 407 411
f 2108 2054 2112
f 2826 2827 2822
f 2712 2778 2684
f 1226 1036 1083
f 484 485 480
f 1264 1451 1444
f 609 610 712
f 2597 2598 2627
f 2021 1979 1739
f 1314 1310 1309
f 3023 3032 3034
f 2757 2759 2755
f 2831 2777 2730
f 2830 2826 2827
f 412 360 413
f 3309 3305 3307
f 1906 1795 1796
f 2664 2313 2312
f 122 135 125
f 2989 2944 2945
f 2813 2811 2812
f 2966 2968 2690
f 1439 1434 1289
f 2842 2901 2844
f 799 1044 818
f 2260 2261 2258
f 2944 2886 2892
f 3069 3068 3008
f 2733 2731 2734
f 332 333 754
f 3074 3029 3075
f 1097 1101 815
f 444 446 327
f 1759 1914 1760
f 867 865 873
f 2806 2795 2794
f 2627 2593 2594
f 1180 1220 1182
f 2041 2042 2038
f 753 338 641
f 529 471 525
f 2926 2936 2689
f 3325 3322 3320
f 60 58 59
f 1901 1958 1895
f 1252 1308 1309
f 156 179 157
f 1766 1850 1825
f 351 700 696
f 534 532 530
f 1657 1659 1656
f 195 204 196
f 1724 1254 1340
f 970 968 973
f 2359 2354 2356
f 356 360 357
f 2254 2256 2258
f 1463 1468 1467
f 2808 3125 2818
f 333 558 552
f 1166 1163 1167
f 2529 2652 2651
f 2228 2611 2227
f 2704 2913 2908
f 753 708 709
f 3151 3150 3321
f 3335 3348 3337
f 108 109 110
f 2529 2627 2594
f 1457 1503 1439
f 1253 1360 1358
f 347 632 634
f 168 170 153
f 819 1118 1131
f 2881 2816 2818
f 576 578 625
f 2366 2368 2364
f 313 314 312
f 3151 3318 3319
f 350 580 583
f 2401 2402 2399
f 2235 2372 2378
f 1083 1036 1070
f 2236 2238 2241
f 2008 2012 1755
f 2212 2215 2641
f 327 460 462
f 147 122 148
f 1643 1640 1644
f 2990 3078 2988
f 1632 1628 1633
f 817 1048 1051
f 1765 1764 1808
f 523 519 330
f 1384 1378 1345
f 1505 1447 1444
f 2689 2936 2926
f 816 1093 1090
f 339 644 651
f 3099 3061 3100
f 416 421 417
f 1526 1524 1528
f 2906 2912 2902
f 921 990 992
f 3046 3050 2699
f 1752 2160 2146
f 1029 1033 1034
f 2226 2633 2617
f 284 273 272
f 245 244 243
f 3314 3313 190
f 1978 1984 1742
f 2118 2115 2114
f 2519 2521 2227
f 2988 3043 3094
f 347 608 640
f 2678 2769 2771
f 3295 3290 3292
f 2092 2090 2091
f 2345 2296 2244
f 2705 2877 2857
f 1888 1831 1835
f 2751 2710 2765
f 1167 1163 1160
f 826 910 908
f 920 934 921
f 1233 990 934
f 1170 1173 819
f 360 431 433
f 1100 1101 1192
f 527 522 518
f 1281 1681 1682
f 793 839 840
f 3175 3178 3172
f 3322 3136 3320
f 1287 1484 1480
f 2828 2832 2707
f 285 136 304
f 2944 2947 2702
f 494 770 496
f 2067 2025 1743
f 1150 1143 1147
f 2228 2592 2590
f 972 1017 973
f 2051 2168 2048
f 2509 2553 2495
f 2513 2518 2213
f 2008 2012 2010
f 2214 2471 2469
f 668 665 669
f 698 693 695
f 1539 1495 1491
f 2436 2435 2437
f 1117 1133 1130
f 3195 3194 3275
f 1642 1640 1639
f 300 299 287
f 1262 1526 1524
f 2228 2596 2601
f 231 213 230
f 1742 1980 1978
f 919 916 917
f 1811 1774 1863
f 2474 2476 2655
f 66 50 61
f 334 621 348
f 1934 1869 1932
f 443 360 356
f 2574 2571 2570
f 2255 2254 2302
f 405 412 400
f 2684 2760 2758
f 2109 2108 2107
f 845 842 841
f 2030 2085 2143
f 3045 3049 3051
f 2677 2714 2713
f 2764 2762 2808
f 999 1234 1004
f 2790 2792 2710
f 214 213 230
f 239 240 238
f 1762 1802 1801
f 2483 2490 2489
f 1912 1910 1911
f 2457 2458 2459
f 2614 2222 2223
f 1515 1502 1457
f 248 249 250
f 2700 2992 2989
f 2464 2462 2214
f 1947 1941 1877
f 531 579 575
f 777 385 384
f 1900 1792 1793
f 1137 1206 1127
f 2940 2941 2942
f 2331 2334 2344
f 152 167 151
f 816 1108 1077
f 2085 2080 2079
f 1876 1872 1736
f 96 3130 3134
f 666 664 665
f 826 883 885
f 2547 2548 2552
f 3326 3151 3316
f 1590 1688 1656
f 800 922 914
f 2011 2010 2012
f 143 123 124
f 2284 2198 2199
f 3247 3252 3246
f 349 590 586
f 1958 1954 1894
f 2385 2205 2328
f 2899 2904 2704
f 1103 1107 1195
f 3021 3022 3023
f 2233 2397 2399
f 801 1064 799
f 660 648 351
f 184 186 206
f 1850 1870 1912
f 2843 2847 2845
f 2818 2821 2826
f 518 522 527
f 2239 2294 2320
f 2796 2765 2751
f 2869 2868 2803
f 430 433 431
f 2942 2946 2940
f 348 596 349
f 1313 1314 1415
f 1957 1962 1758
f 1287 1497 1502
f 3061 3059 3058
f 2229 2530 2526
f 491 492 493
f 1293 1366 1368
f 2414 2421 2210
f 252 251 250
f 152 167 164
f 764 588 633
f 1184 1087 1086
f 1975 1908 1912
f 1738 1835 1766
f 2220 2576 2571
f 2738 2739 2736
f 2764 2807 2806
f 646 339 644
f 562 639 594
f 957 964 958
f 2877 2812 2813
f 91 112 113
f 2684 2778 2774
f 2599 2595 2596
f 2134 2028 2039
f 769 538 770
f 2154 2152 2106
f 2277 2275 2237
f 25 35 22
f 2197 2252 2249
f 1730 15 1728
f 478 477 479
f 1627 1628 1632
f 1745 2030 2028
f 2843 2784 2738
f 2683 2887 2885
f 1073 1071 1220
f 351 680 341
f 3216 3214 3217
f 816 1096 1093
f 1845 1793 1797
f 818 1047 1050
f 1213 1211 1150
f 820 1018 1016
f 2712 2766 2768
f 1897 1967 1963
f 821 1011 1007
f 2478 2428 2429
f 551 552 553
f 1861 1864 1865
f 2014 2062 2010
f 926 829 882
f 1252 1298 1305
f 2242 7 2197
f 2270 2375 2664
f 2857 2876 2810
f 86 89 90
f 3121 2953 3122
f 51 69 70
f 1740 1922 1924
f 2906 2910 2911
f 1959 1960 1961
f 2171 1998 2002
f 1770 1826 1827
f 95 102 103
f 141 145 144
f 822 960 958
f 2699 3068 3063
f 443 459 458
f 1761 1910 1868
f 210 184 206
f 3298 3300 3299
f 2542 2613 2217
f 837 838 836
f 1482 1481 1478
f 2475 2477 2424
f 1133 1203 1119
f 1910 1869 1911
f 2249 2256 2250
f 2900 2905 2703
f 3014 3012 3011
f 266 3330 3331
f 3337 3340 3342
f 2505 2556 2557
f 2333 2334 2344
f 2969 2980 2688
f 822 964 969
f 931 913 824
f 1464 1452 1447
f 1176 1175 1111
f 2536 2537 2532
f 2971 2973 2969
f 163 164 165
f 2081 2092 2093
f 2961 2963 2701
f 2784 2786 2710
f 2284 2283 2282
f 2228 2556 2601
f 1271 1518 1520
f 71 74 75
f 2453 2454 2388
f 1447 1449 1381
f 700 703 729
f 1987 1989 2164
f 1573 1626 1568
f 1612 1613 1600
f 3258 3257 3256
f 2980 2935 2936
f 2989 2945 2944
f 1912 1804 1850
f 1573 1663 1571
f 2700 2701 2697
f 2048 2136 2046
f 860 861 973
f 2806 2807 2804
f 997 993 990
f 149 153 152
f 2018 2017 2019
f 1899 1958 1901
f 789 311 788
f 358 360 412
f 2835 2779 2780
f 2649 2528 2530
f 1015 1016 1011
f 2831 2828 2829
f 1877 1878 1883
f 2239 2320 2294
f 1456 1454 1287
f 1564 1618 1619
f 2743 2742 2738
f 2248 7 2242
f 516 548 544
f 1597 1277 1598
f 1282 1562 1594
f 3211 3216 3213
f 2543 2556 2544
f 2922 2927 2971
f 2685 2942 2938
f 1380 1381 1382
f 1880 1886 1741
f 1602 1600 1603
f 1753 2066 2064
f 2237 2275 2271
f 1730 3135 2713
f 355 493 488
f 1946 1882 1880
f 1899 1964 1958
f 3227 3224 3225
f 607 562 605
f 246 261 281
f 2962 2918 2917
f 1374 1370 1325
f 1736 1879 1881
f 236 249 237
f 325 417 421
f 652 645 341
f 2099 2103 1747
f 2210 2395 2406
f 1281 1683 1688
f 2320 2318 2239
f 2378 2447 2443
f 1686 1644 1584
f 618 617 619
f 2526 2527 2523
f 1596 1560 1282
f 2051 2054 2108
f 1739 1992 1995
f 2234 2386 2235
f 1284 1595 1516
f 987 1031 1018
f 843 844 840
f 889 887 794
f 2668 2194 2671
f 1749 2082 2080
f 2703 2892 2686
f 1627 1626 1628
f 1702 1587 1588
f 2056 2139 2117
f 802 943 941
f 2768 2793 2712
f 2220 2541 2548
f 2038 2042 2039
f 2239 2308 2310
f 2324 2339 2323
f 1777 1769 1732
f 2197 2243 2242
f 1449 1448 1381
f 2948 3119 2945
f 1205 1133 1198
f 248 247 245
f 929 930 971
f 1732 1780 1779
f 1872 1873 1859
f 1380 1388 1381
f 871 876 877
f 22 36 35
f 103 102 101
f 1406 1415 1413
f 2403 2404 2405
f 80 47 48
f 1063 1108 1197
f 2887 2886 2888
f 614 610 335
f 3297 3193 3306
f 1005 1006 1002
f 2103 2107 2109
f 2636 2635 2495
f 1958 1964 2007
f 1313 1315 1291
f 1406 1408 1410
f 2060 2059 2014
f 1937 1875 1873
f 1005 955 956
f 3009 2689 2964
f 1730 2187 11
f 2952 2954 2903
f 303 293 295
f 1062 1032 1063
f 3051 3050 2993
f 1099 1193 1194
f 157 177 178
f 683 722 687
f 1576 1633 1634
f 464 468 469
f 1615 1619 1620
f 3018 3021 2693
f 3042 3046 2692
f 3060 3057 3056
f 352 543 539
f 1249 1251 1247
f 748 691 749
f 2407 2333 2344
f 2542 2551 2613
f 3328 3190 3346
f 1729 1730 1731
f 2987 2942 2943
f 797 997 993
f 804 1090 1086
f 878 888 879
f 800 942 937
f 1378 1382 1258
f 1427 1431 1432
f 869 871 868
f 556 551 553
f 2294 2293 2295
f 282 294 118
f 1599 1669 1273
f 2495 2604 2636
f 1217 1166 1167
f 769 542 543
f 1760 1886 1741
f 3287 3286 203
f 1816 1817 1733
f 2228 2579 2583
f 2357 2360 2236
f 2688 2971 2969
f 2019 1975 1974
f 1322 1320 1318
f 2392 2391 2326
f 1261 1257 1258
f 463 461 331
f 1438 1433 1290
f 577 581 578
f 1783 1888 1785
f 1175 1066 1027
f 2010 2175 2014
f 1857 1855 1856
f 1112 1076 815
f 1089 1087 1184
f 1730 792 791
f 2376 2379 2377
f 2232 2233 2237
f 375 425 475
f 938 939 945
f 108 102 85
f 3064 3061 3065
f 3008 3029 3071
f 2956 2909 2912
f 1694 1269 1268
f 1534 1488 1707
f 2207 2289 2287
f 1935 1940 1936
f 1575 1576 1530
f 2066 2064 2020
f 2515 2470 2471
f 351 687 691
f 1817 1735 1738
f 2057 2056 2058
f 1575 1578 1576
f 233 259 242
f 2702 2947 2950
f 1931 1930 1934
f 1753 2064 2060
f 1520 1512 1271
f 205 223 69
f 793 843 840
f 1317 1314 1315
f 1848 1909 1846
f 573 618 717
f 1869 1868 1870
f 1700 1257 1256
f 803 1027 1025
f 2962 2960 2956
f 1295 1293 1291
f 1694 1267 1693
f 143 124 123
f 2371 2378 2372
f 2449 2457 2231
f 2105 2099 2106
f 581 580 536
f 1604 1605 1609
f 1694 1553 1269
f 1764 1822 1824
f 2469 2474 2518
f 2127 2126 2066
f 2274 2318 2381
f 720 722 724
f 1544 1548 1516
f 608 606 347
f 1900 1904 1902
f 3236 3240 3241
f 2505 2537 2504
f 1287 1480 1484
f 306 311 305
f 185 174 189
f 734 366 306
f 1342 1347 1343
f 1978 1977 1983
f 1296 1490 1492
f 2540 2220 2541
f 631 632 725
f 1977 1979 1739
f 2688 2989 2985
f 849 900 897
f 281 297 67
f 261 254 252
f 536 580 582
f 242 271 272
f 1452 1450 1464
f 3293 3289 3290
f 1539 1491 1495
f 2439 2442 2443
f 1197 1195 1196
f 1380 1382 1258
f 1794 1843 1844
f 309 311 306
f 109 105 110
f 2627 2598 2632
f 2896 2944 2892
f 1857 1851 1817
f 1438 1433 1437
f 1693 1271 1508
f 1019 1022 1064
f 642 648 660
f 1852 1866 1867
f 1485 1421 1422
f 2844 2786 2787
f 2677 2713 2719
f 3144 3145 3143
f 22 27 28
f 444 452 445
f 841 891 892
f 2772 2770 2684
f 1602 1601 1600
f 1437 1327 1330
f 823 927 929
f 976 977 978
f 1205 1133 1132
f 980 921 926
f 2494 2451 2456
f 757 509 508
f 1925 1923 1924
f 9 2187 2189
f 901 953 898
f 2702 2701 2920
f 400 412 413
f 61 65 66
f 2002 2048 2047
f 1576 1664 1578
f 2217 2624 2226
f 2701 2948 2945
f 1405 1396 1401
f 2487 2443 2441
f 2969 2973 2971
f 312 316 314
f 2227 2529 2531
f 2717 2761 2718
f 3247 3252 3248
f 1270 1476 1469
f 109 121 104
f 1963 1967 1968
f 802 947 822
f 325 423 425
f 208 211 207
f 1731 1250 1729
f 1285 1534 1537
f 817 1032 1030
f 1489 1487 1494
f 1750 1751 1752
f 888 887 838
f 2463 2395 2407
f 2206 2413 2415
f 21 22 23
f 2868 2806 2805
f 1571 1663 1573
f 404 402 403
f 191 193 190
f 2046 2136 2048
f 2213 2515 2513
f 1562 1613 1614
f 1260 1474 1473
f 557 558 551
f 1280 1601 1286
f 1332 1330 1331
f 1597 1604 1606
f 3335 3346 3348
f 961 905 903
f 2229 2526 2530
f 3175 3172 3304
f 1100 1053 1098
f 813 818 820
f 1535 1583 1580
f 794 895 891
f 2912 2915 2913
f 1266 1381 1388
f 441 439 360
f 798 879 881
f 1430 1494 1716
f 1788 1790 1839
f 521 519 330
f 2118 2119 2156
f 2796 2765 2766
f 1012 1060 1056
f 2227 2505 2537
f 3162 3144 3291
f 490 431 433
f 503 502 504
f 761 629 584
f 842 893 894
f 1602 1603 1672
f 3143 3145 3142
f 110 105 82
f 2208 2470 2465
f 1863 1864 1861
f 2504 2502 2229
f 51 73 70
f 1095 1093 1090
f 1631 1629 1625
f 662 656 339
f 2533 2596 2609
f 2133 2035 2033
f 2898 2901 2895
f 822 964 958
f 826 908 906
f 66 65 50
f 220 205 221
f 2072 2078 2140
f 3299 3306 3308
f 1525 1530 1271
f 1888 1885 1886
f 1376 1374 1293
f 1422 1367 1426
f 2232 2446 2400
f 2241 2311 2313
f 2237 2239 2240
f 318 408 406
f 2987 2939 2942
f 1290 1390 1392
f 589 594 590
f 3199 274 3197
f 855 856 852
f 1662 1564 1568
f 3290 3169 3293
f 533 577 531
f 1517 1522 1518
f 1231 1232 1012
f 2475 2426 2424
f 2401 2399 2400
f 2692 3022 3024
f 211 197 212
f 1992 1993 1981
f 1426 1721 1720
f 1971 1970 1972
f 66 65 63
f 681 680 679
f 2524 2527 2650
f 1526 1466 1472
f 2354 2256 2252
f 1271 1518 1522
f 546 544 547
f 1983 1925 1924
f 1583 1584 1580
f 1262 1517 1519
f 1439 1438 1440
f 326 575 350
f 1572 1571 1573
f 1295 1373 1369
f 1948 1953 1949
f 1089 1184 1185
f 2000 2045 2046
f 2066 2126 2064
f 981 1035 1037
f 2528 2535 2532
f 237 251 239
f 799 1024 1026
f 2331 2325 2326
f 2998 3114 3115
f 2922 2924 2689
f 1348 1295 1349
f 1412 1410 1411
f 2086 2087 2073
f 108 115 92
f 1281 1284 1285
f 1732 1769 1768
f 2287 2334 2331
f 2422 2419 2417
f 2678 2773 2775
f 2322 2327 2328
f 2662 2431 2433
f 356 490 496
f 717 741 676
f 246 277 278
f 1277 1598 1605
f 348 623 621
f 872 795 868
f 2675 3127 2673
f 3077 3024 2970
f 821 1017 1015
f 3028 3071 3029
f 1927 1938 2181
f 2831 2835 2834
f 1252 1260 1270
f 2992 2996 2993
f 2998 3081 3059
f 1499 1503 1457
f 1016 1015 1017
f 1753 2058 2054
f 2512 2510 2506
f 2231 2475 2473
f 348 635 631
f 2932 2963 2701
f 1519 1511 1262
f 2356 2359 2350
f 1340 1253 1254
f 1767 1965 1959
f 2191 2195 2192
f 1365 1364 1317
f 2231 2487 2483
f 2135 2028 2134
f 150 161 160
f 1725 1726 314
f 1282 1562 1596
f 1400 1297 1300
f 835 834 882
f 2443 2442 2439
f 2685 2942 2940
f 3345 3187 3347
f 1007 1014 1011
f 2326 2328 2211
f 1746 1727 1732
f 243 244 234
f 3287 3162 3163
f 1922 1936 2176
f 2426 2358 2361
f 990 1233 934
f 3137 3316 3151
f 1729 1731 1730
f 2686 2888 2886
f 1397 1463 1399
f 2649 2482 2658
f 2508 2507 2509
f 1253 1342 1346
f 326 557 551
f 2221 2570 2568
f 1700 1384 1378
f 2508 2456 2463
f 1576 1664 1633
f 339 664 662
f 56 55 54
f 2209 2208 2642
f 1020 1022 799
f 2173 2050 2052
f 706 704 705
f 22 28 25
f 1125 1136 1137
f 719 718 675
f 2220 2548 2553
f 2777 2778 2773
f 1510 1505 1507
f 802 934 938
f 3040 3043 2988
f 1214 1190 1162
f 2505 2503 2227
f 2684 2776 2772
f 3248 3247 3249
f 2505 2601 2533
f 1664 1576 1578
f 320 319 778
f 72 69 163
f 2591 2592 2595
f 1002 1006 1003
f 801 979 977
f 1519 1518 1520
f 2004 2178 1953
f 956 962 824
f 1024 1036 1025
f 1847 1845 1796
f 407 453 448
f 1070 1082 1071
f 2377 2379 2380
f 2956 2961 2957
f 2231 2459 2491
f 617 622 335
f 535 536 532
f 2873 2857 2871
f 1283 1284 1281
f 2523 2656 2479
f 3316 3275 193
f 1459 1460 1461
f 1524 1530 1525
f 711 730 729
f 157 181 178
f 2089 2144 2075
f 2374 2372 2235
f 518 524 522
f 805 1091 815
f 452 507 445
f 966 903 907
f 1246 1250 2191
f 1027 1074 1025
f 2586 2583 2587
f 438 441 439
f 659 647 344
f 736 735 345
f 232 137 231
f 848 854 956
f 1366 1369 1367
f 1419 1422 1416
f 1293 1370 1372
f 1631 1627 1634
f 1810 1774 1811
f 797 997 995
f 1291 1327 1331
f 1427 1428 1429
f 2811 2853 2855
f 1742 2002 1998
f 798 796 793
f 1680 1679 1634
f 1264 1472 1466
f 1266 1383 1381
f 2584 2625 2624
f 1516 1593 1544
f 2659 2484 2660
f 2821 2771 2723
f 59 58 52
f 2008 2057 2054
f 2507 2562 2561
f 2376 2268 2269
f 2419 2413 2414
f 1865 1864 1863
f 750 692 748
f 3329 3330 3331
f 672 673 674
f 930 928 822
f 2239 2306 2198
f 722 720 627
f 2927 2921 2859
f 1787 1786 1788
f 2790 2788 2741
f 2693 3021 3023
f 2837 2898 2833
f 1038 1039 1035
f 2797 2798 2799
f 2035 2089 2087
f 3321 3150 3323
f 577 578 575
f 2528 2529 2530
f 273 278 276
f 2712 2789 2785
f 1574 1570 1572
f 2448 2208 2390
f 2698 2700 2697
f 3299 3308 3301
f 986 985 987
f 381 379 383
f 1482 1414 1481
f 825 822 823
f 3150 3323 3322
f 357 310 345
f 1286 1633 1277
f 1792 1798 1793
f 1879 1888 1885
f 2161 1984 1982
f 723 691 687
f 2515 2514 2516
f 689 744 688
f 1467 1474 1260
f 902 906 826
f 651 656 658
f 2281 2246 2247
f 2575 2581 2577
f 1767 1956 1952
f 2226 2628 2627
f 1739 1983 1977
f 2523 2525 2520
f 1099 1101 815
f 490 488 496
f 2704 2916 2913
f 1198 1131 1133
f 2532 2535 2528
f 1877 1873 1741
f 2228 2596 2592
f 2327 2326 2328
f 3140 3144 3141
f 2487 2488 2483
f 1499 1498 1434
f 2727 2773 2775
f 2877 2876 2857
f 1782 1830 1832
f 1053 1104 1098
f 2078 2076 2077
f 2500 2501 2494
f 2693 3045 2696
f 3066 3063 3002
f 2435 2485 2437
f 268 281 282
f 362 371 363
f 2046 2042 2039
f 2901 2906 2907
f 2039 2148 2092
f 1860 1873 1741
f 3335 3333 3328
f 1045 1186 1090
f 3062 3059 3063
f 1822 1823 1824
f 2704 2705 2706
f 528 526 766
f 1652 1653 1657
f 1002 1004 999
f 2612 2549 2615
f 2710 2712 2765
f 798 888 879
f 1314 1364 1362
f 2357 2363 2360
f 236 247 248
f 1947 1877 1883
f 2835 2780 2779
f 893 892 894
f 816 815 1075
f 3279 253 3280
f 1796 1795 1799
f 1742 1743 1746
f 257 263 254
f 169 171 153
f 1077 1078 1108
f 2687 2816 2803
f 819 815 813
f 2357 2359 2362
f 753 338 337
f 2600 2596 2601
f 2542 2221 2540
f 3145 3163 3162
f 125 134 122
f 705 700 351
f 163 205 185
f 2992 3120 2989
f 926 920 921
f 1333 1394 1332
f 212 225 72
f 439 501 435
f 1220 1177 1176
f 459 504 441
f 1532 1578 1577
f 1383 1382 1378
f 1746 1740 1739
f 2713 3127 3129
f 1863 1858 1857
f 1810 1774 1732
f 1198 1133 1205
f 2463 2407 2406
f 573 568 564
f 1451 1452 1464
f 775 776 774
f 1619 1675 1564
f 1863 1861 1862
f 2044 2048 2136
f 2657 2438 2437
f 83 104 82
f 413 412 400
f 1590 1653 1666
f 2857 2705 2704
f 2548 2541 2220
f 3039 3040 3041
f 838 889 887
f 2227 2529 2533
f 1760 1903 1897
f 1764 1847 1845
f 1340 1339 1338
f 1285 1531 1534
f 365 401 317
f 1119 1133 1117
f 1502 1497 1287
f 874 876 871
f 2890 2894 2885
f 2826 2824 2825
f 2862 2856 2868
f 1040 1044 799
f 1149 1143 1150
f 607 605 348
f 1972 1970 1975
f 2839 2840 2841
f 496 437 435
f 2472 2468 2473
f 2529 2610 2592
f 609 614 610
f 2152 2048 2106
f 288 273 246
f 1773 1768 1865
f 2473 2421 2422
f 165 168 169
f 235 246 247
f 2432 2478 2428
f 2416 2409 2417
f 1016 1018 820
f 552 754 554
f 2547 2554 2549
f 2790 2791 2788
f 151 161 150
f 246 248 250
f 2260 2258 2261
f 1000 1044 1046
f 2564 2561 2565
f 2491 2487 2231
f 1993 2041 2038
f 770 542 769
f 770 542 540
f 2119 2117 2116
f 1770 1826 1818
f 2567 2566 2560
f 2599 2595 2600
f 2712 2780 2778
f 2197 2252 2253
f 1370 1371 1372
f 1283 1575 1269
f 2227 2505 2539
f 730 639 562
f 185 198 3196
f 703 700 699
f 3143 3145 3144
f 178 192 137
f 1157 1155 1156
f 2690 2981 2984
f 464 469 468
f 1248 1249 1247
f 2096 2092 2090
f 344 699 695
f 3014 2694 2693
f 2354 2352 2353
f 667 663 662
f 1515 1547 1543
f 495 501 500
f 1403 1397 1266
f 586 637 638
f 1888 1892 1891
f 428 429 426
f 908 909 906
f 1569 1567 1563
f 2362 2363 2357
f 15 14 17
f 66 68 57
f 824 913 931
f 3150 3151 3149
f 347 636 640
f 2427 2428 2423
f 233 243 234
f 1769 1770 1875
f 225 70 229
f 2358 2361 2235
f 1992 1940 1999
f 2396 2393 2333
f 796 935 939
f 1901 1898 1899
f 2229 2502 2538
f 523 528 330
f 1670 1276 1278
f 1994 1992 1981
f 2228 2583 2587
f 3290 3162 3292
f 1289 1428 1430
f 1289 1414 1266
f 2967 2968 2688
f 1271 1525 1527
f 2688 2987 2983
f 1262 1505 1511
f 2998 3100 3061
f 2820 2821 2826
f 261 252 250
f 3281 3282 253
f 442 322 409
f 1262 1517 1521
f 2274 2276 2320
f 3117 2980 2982
f 1635 1633 1636
f 906 907 902
f 1531 1714 1534
f 1888 1886 1951
f 1270 1260 1296
f 2528 2535 2534
f 2354 2252 2256
f 2995 2951 2950
f 1277 1605 1610
f 1495 1428 1432
f 1834 1835 1830
f 434 436 390
f 79 47 80
f 1737 1947 1946
f 185 198 189
f 1364 1365 1362
f 750 745 692
f 1648 1649 1652
f 2207 2305 2301
f 480 481 477
f 1201 1128 1127
f 995 1001 999
f 1138 1135 1139
f 951 950 953
f 2806 2807 2808
f 1340 1344 1253
f 1127 1126 1220
f 2286 2287 2288
f 2745 2747 13
f 2875 2812 2876
f 720 624 623
f 615 568 609
f 2870 2864 2865
f 1753 2058 2056
f 2718 2720 2721
f 878 887 794
f 995 997 1001
f 2226 2625 2626
f 2931 2932 2976
f 366 782 307
f 209 193 137
f 2699 3071 3068
f 670 666 664
f 1289 1439 1393
f 2273 2271 2274
f 2414 2413 2419
f 1182 1207 1136
f 2692 3046 2699
f 3316 193 3275
f 2060 2138 2056
f 3149 3151 3148
f 1007 1014 1013
f 3246 3250 3252
f 1255 1254 1724
f 1986 1755 1987
f 1760 1894 1890
f 808 1123 1125
f 1517 1521 1523
f 2365 2364 2366
f 2113 2107 2111
f 2657 2485 2483
f 2206 2420 2233
f 1197 1109 1078
f 475 472 473
f 1687 1682 1645
f 458 459 413
f 709 552 597
f 2710 2786 2782
f 3349 3345 3347
f 152 165 164
f 2944 2948 2945
f 354 489 494
f 849 897 898
f 3044 3043 3039
f 1573 1572 1527
f 2516 2622 2572
f 2974 2979 2976
f 2213 2506 2508
f 2226 2230 2231
f 2124 2121 2060
f 1227 1093 1095
f 1902 1903 1896
f 22 28 27
f 317 365 366
f 2322 2330 2331
f 451 452 444
f 2690 2968 2966
f 2684 2776 2774
f 530 532 353
f 322 448 453
f 1868 1866 1761
f 470 478 471
f 1876 1881 1736
f 774 776 777
f 2683 2878 2882
f 1261 1361 1357
f 798 892 894
f 2201 2202 2644
f 2940 2946 2944
f 82 9 81
f 521 513 330
f 641 338 335
f 1181 1126 1220
f 447 324 331
f 1751 2107 2111
f 1350 1336 1348
f 1371 1436 1435
f 2436 2434 2233
f 464 460 461
f 2696 3067 3062
f 2684 2778 2712
f 944 940 941
f 1280 1639 1635
f 784 1237 786
f 2898 2833 2835
f 447 446 442
f 1053 1105 1057
f 313 314 305
f 1344 1343 1345
f 1793 1842 1900
f 2594 2592 2591
f 1761 1885 1736
f 2354 2355 2356
f 812 1151 1147
f 1927 1921 1922
f 2785 2787 2712
f 1052 1057 1053
f 367 368 410
f 1151 1148 1152
f 1122 1121 1176
f 439 438 396
f 2889 2884 2820
f 508 509 330
f 1471 1470 1472
f 1293 1370 1374
f 1784 1834 1830
f 2420 2424 2421
f 2533 2601 2596
f 3109 2814 2796
f 47 62 64
f 1600 1613 1601
f 2898 2897 2833
f 1975 1972 1969
f 1745 2039 2028
f 256 268 136
f 800 796 823
f 3347 3187 3349
f 46 37 44
f 921 920 926
f 2298 2290 2198
f 2796 2766 2765
f 25 39 28
f 2865 2935 2937
f 1535 1580 1581
f 2258 2253 2257
f 445 448 507
f 1378 1382 1383
f 425 468 421
f 2221 2220 2540
f 1262 1511 1519
f 285 266 286
f 2689 2924 2922
f 494 542 770
f 2538 2502 2504
f 372 369 317
f 3320 3136 3137
f 731 732 646
f 2667 2199 2200
f 3011 3020 3014
f 816 1093 1096
f 1635 1636 1639
f 2241 2319 2315
f 2718 2719 2713
f 2203 2352 2346
f 926 935 936
f 1305 1308 1312
f 1283 1589 1585
f 2750 2746 2748
f 1196 1217 1168
f 1051 1055 1053
f 1505 1509 1510
f 3017 3015 2696
f 2217 2196 2195
f 2351 2358 2211
f 49 74 48
f 782 3256 3257
f 2241 2315 2317
f 2154 2051 2109
f 1108 1078 1109
f 190 193 209
f 2706 2854 2812
f 1759 1964 1963
f 2763 2762 2764
f 1900 1844 1842
f 237 249 250
f 2681 2824 2822
f 24 43 42
f 3078 3046 3042
f 360 435 437
f 1343 1384 1345
f 2608 2524 2583
f 2559 2561 2220
f 2767 2765 2710
f 976 978 915
f 3251 3339 3338
f 1185 1139 1183
f 566 564 611
f 2464 2456 2214
f 1280 1652 1657
f 2548 2603 2495
f 1549 1285 1513
f 1604 1609 1611
f 2859 2867 2686
f 2404 2467 2461
f 2701 2945 2689
f 669 673 341
f 1485 1486 1421
f 845 896 949
f 2465 2466 2461
f 3349 3181 3345
f 1785 1782 1781
f 10 9 11
f 71 75 76
f 2971 3009 2964
f 353 352 514
f 1284 1540 1542
f 1020 1021 1022
f 28 32 39
f 2228 2592 2596
f 1003 1049 1000
f 812 1164 1169
f 2784 2785 2786
f 153 171 169
f 2958 2959 2952
f 2971 2970 2972
f 571 576 616
f 479 478 530
f 443 413 360
f 1012 1059 1008
f 1295 1367 1365
f 1732 1774 1768
f 995 943 941
f 1246 7 1249
f 2451 2452 2214
f 762 630 761
f 2831 2777 2778
f 1306 1307 1305
f 2312 2310 2239
f 1085 1082 805
f 1951 1950 1947
f 2661 2432 2431
f 2343 2333 2211
f 2693 3039 3041
f 2412 2403 2408
f 724 627 626
f 1754 2032 2034
f 2495 2549 2612
f 585 591 589
f 1263 1264 1265
f 479 475 474
f 1963 1897 1900
f 2210 2404 2406
f 793 833 869
f 961 965 824
f 1855 1856 1736
f 3143 3142 3145
f 2800 2682 2687
f 2925 2926 2927
f 1470 1477 1264
f 679 685 681
f 819 1165 1170
f 2404 2403 2408
f 863 886 931
f 1011 964 965
f 3049 3046 3050
f 325 411 419
f 1078 1076 815
f 399 415 459
f 927 928 929
f 1183 1084 1043
f 1527 1572 1567
f 3314 3313 3137
f 1571 1576 1272
f 2722 2724 2677
f 599 554 601
f 1519 1464 1462
f 1253 1358 1360
f 1785 1781 1784
f 1732 1777 1769
f 2991 2987 2989
f 1008 1052 1053
f 1297 1298 1252
f 1333 1331 1291
f 2552 2548 2553
f 156 155 154
f 1764 1834 1733
f 85 83 82
f 1323 1324 1325
f 2712 2710 2708
f 2972 3024 3022
f 2912 2911 2906
f 1458 1453 1454
f 2865 2864 2870
f 331 478 471
f 354 498 503
f 1057 1105 1053
f 614 619 335
f 538 539 535
f 2665 2312 2266
f 2864 2865 2866
f 2890 2889 2893
f 3328 3341 3187
f 2477 2475 2473
f 2564 2560 2221
f 2691 3085 3091
f 643 711 642
f 630 627 347
f 1754 1755 1752
f 2203 2332 2325
f 2712 2787 2783
f 810 1148 819
f 1271 1512 1520
f 1923 1922 1924
f 1550 1514 1284
f 2269 2268 2271
f 2327 2328 2203
f 2593 2590 2589
f 2995 2996 2992
f 2664 2665 2666
f 2851 2850 2852
f 1989 1987 1755
f 3217 3215 3213
f 434 439 435
f 3216 3211 3218
f 2410 2467 2404
f 958 960 822
f 1863 1864 1865
f 364 418 419
f 3324 3320 3321
f 3106 2977 2975
f 498 548 544
f 594 590 349
f 2401 2383 2339
f 1116 809 808
f 1375 1374 1330
f 1382 1381 1383
f 2594 2591 2592
f 2375 2317 2315
f 2469 2474 2214
f 2796 2766 2712
f 2688 2980 2969
f 385 386 384
f 1474 1409 1410
f 1036 1081 1182
f 159 197 162
f 817 1057 1053
f 1063 1195 1106
f 874 875 876
f 250 252 261
f 1060 1062 818
f 2658 2482 2657
f 3196 198 185
f 1424 1420 1290
f 2035 1989 2034
f 265 263 254
f 2746 2767 2813
f 2688 2987 2985
f 162 197 163
f 1262 1524 1526
f 1931 1988 1934
f 2628 2593 2627
f 2528 2483 2484
f 442 446 447
f 2739 2844 2838
f 1779 1777 1732
f 2783 2787 2712
f 32 27 28
f 1477 1713 1529
f 2363 2308 2261
f 671 664 668
f 2976 2974 2700
f 2324 2323 2238
f 1051 1050 1006
f 2251 2300 2296
f 545 589 590
f 1789 1794 1895
f 1969 1906 1903
f 1570 1574 1527
f 2744 13 2855
f 150 161 151
f 32 39 38
f 2039 2042 2046
f 848 851 825
f 658 656 657
f 1534 1535 1531
f 2344 2298 2299
f 2207 2305 2303
f 908 910 826
f 2233 2232 2397
f 1534 1484 1485
f 1860 1938 1927
f 1070 1071 1220
f 954 955 950
f 2931 2930 2932
f 822 951 955
f 1913 1737 1856
f 123 147 148
f 1903 1967 1897
f 1594 1593 1516
f 2996 2999 3000
f 793 796 800
f 27 26 23
f 828 884 886
f 3024 3033 2692
f 2399 2398 2400
f 1437 1440 1438
f 2686 2892 2703
f 874 876 794
f 1869 1911 1760
f 2227 2527 2531
f 596 560 349
f 1138 1134 808
f 1133 1130 1131
f 3058 3057 3059
f 3198 3197 3282
f 2540 2541 2547
f 3149 3151 3150
f 2142 2084 2083
f 1127 1128 1123
f 2784 2739 2738
f 2214 2456 2464
f 2237 2275 2277
f 2886 2892 2686
f 436 435 437
f 836 838 830
f 1310 1362 1358
f 2038 2039 2027
f 3061 3064 3100
f 2952 2953 2954
f 945 942 943
f 791 1239 1241
f 701 702 698
f 1316 1317 1314
f 1741 1737 1732
f 5 1249 1671
f 1681 1645 1682
f 2254 2302 2356
f 2213 2494 2500
f 2710 2786 2784
f 2831 2834 2828
f 517 549 516
f 2288 2289 2198
f 2213 2506 2510
f 1566 1674 1611
f 465 451 462
f 2691 3095 3097
f 2981 3037 3033
f 175 187 189
f 1179 1198 1178
f 435 434 389
f 1586 1585 1540
f 205 220 206
f 562 560 349
f 711 660 661
f 2683 2885 2887
f 909 908 860
f 983 1020 1022
f 1745 2028 2030
f 3061 3059 2998
f 479 530 478
f 488 489 484
f 1196 1165 1193
f 1937 1873 1941
f 2211 2206 2197
f 996 1000 998
f 1837 1836 1788
f 1006 1009 1010
f 341 665 663
f 1261 1361 1359
f 926 936 935
f 3244 3246 3245
f 3147 3150 3146
f 2808 2762 2761
f 945 837 839
f 2850 2853 2707
f 17 2142 2185
f 3151 3150 3316
f 2434 2435 2436
f 796 919 918
f 2970 3110 2981
f 2352 2351 2353
f 3234 3233 3235
f 125 135 134
f 848 956 850
f 843 949 845
f 803 1045 817
f 793 833 829
f 1132 1119 1203
f 2227 2533 2537
f 1555 1553 1693
f 1518 1703 1522
f 215 214 213
f 552 601 554
f 2563 2562 2618
f 2411 2341 2347
f 1661 1605 1598
f 2228 2579 2576
f 357 382 384
f 259 258 256
f 3051 3052 3045
f 2972 3019 3012
f 633 586 631
f 1687 1650 1684
f 3070 3071 3028
f 2784 2788 2710
f 1605 1660 1552
f 2707 2712 2708
f 895 897 826
f 64 62 63
f 1475 1474 1473
f 1671 1606 1611
f 155 156 154
f 2977 2975 2698
f 3304 3172 3305
f 1288 1485 1489
f 1655 1656 1688
f 1371 1370 1325
f 1264 1472 1470
f 51 70 60
f 2471 2466 2470
f 2806 2801 2795
f 3034 3033 3032
f 2562 2560 2561
f 2441 2490 2435
f 2699 3046 2692
f 2239 2318 2320
f 507 511 445
f 1566 1610 1558
f 818 1056 1052
f 2197 2253 2252
f 1565 1564 1566
f 1992 1936 1937
f 3242 3240 3243
f 2859 2868 2927
f 1737 1951 1759
f 24 40 26
f 384 382 357
f 2836 2841 2707
f 148 122 123
f 2998 3059 2996
f 2774 2778 2684
f 1904 1846 1905
f 1006 1010 820
f 2696 3070 3028
f 1325 1370 1371
f 1961 1960 1962
f 1505 1506 1507
f 2625 2524 2585
f 2976 2979 2978
f 1888 1887 1883
f 793 836 830
f 60 71 76
f 1736 1885 1761
f 650 647 344
f 1390 1392 1394
f 1752 2075 1750
f 2241 2315 2319
f 2236 2241 2237
f 481 532 483
f 344 647 659
f 2034 2036 2032
f 3307 3178 3306
f 486 431 490
f 2214 2452 2451
f 1287 1480 1477
f 2391 2392 2385
f 689 686 687
f 1819 1827 1738
f 3085 3025 3035
f 85 102 95
f 1739 1983 1981
f 1732 1783 1762
f 3285 3294 3287
f 2901 2899 2895
f 698 696 695
f 1271 1527 1522
f 1590 1594 1653
f 333 564 566
f 1011 965 964
f 1756 1929 1758
f 1196 1195 1165
f 1332 1394 1377
f 1865 1773 1819
f 873 826 883
f 2697 1250 2195
f 1311 1310 1358
f 690 686 344
f 2710 2765 2767
f 1287 1484 1488
f 1284 1540 1544
f 1036 1039 1081
f 571 573 576
f 2009 2016 2013
f 1190 1192 1191
f 2319 2384 2381
f 2190 2185 1768
f 689 692 744
f 280 67 281
f 1480 1713 1477
f 1609 1605 1610
f 1520 1563 1565
f 2993 3050 3113
f 1084 1085 1081
f 1520 1512 1519
f 820 1003 1000
f 48 51 52
f 1264 1460 1462
f 1868 1910 1912
f 2213 2500 2508
f 480 485 481
f 566 558 552
f 1130 1172 812
f 799 1040 1042
f 1815 1817 1738
f 405 400 398
f 1921 1922 1923
f 799 803 806
f 2698 3002 2998
f 2556 2505 2544
f 192 193 194
f 1041 1086 1043
f 1785 1835 1888
f 2940 2944 2942
f 2225 2600 2555
f 777 776 385
f 745 747 345
f 3331 3330 3335
f 1650 1647 1646
f 1519 1460 1517
f 2417 2419 2413
f 3001 2961 3007
f 1937 1873 1875
f 1291 1318 1315
f 350 559 561
f 48 74 49
f 1891 2184 1837
f 1272 1573 1571
f 642 606 605
f 760 442 448
f 2736 2737 2738
f 1785 1834 1784
f 1742 1993 1982
f 1087 1186 1187
f 2220 2221 2217
f 1007 1008 1009
f 2373 2372 2374
f 1896 1898 1761
f 354 498 492
f 1506 1512 1520
f 2198 2286 2290
f 474 476 423
f 1331 1333 1332
f 1743 2047 2043
f 578 626 623
f 1612 1600 1280
f 1981 1982 1983
f 1852 1766 1763
f 1740 1976 2021
f 2221 2575 2570
f 431 483 429
f 1920 1917 1918
f 2840 2906 2843
f 232 186 206
f 1651 1648 1649
f 56 59 60
f 349 590 594
f 906 902 853
f 126 137 138
f 1289 1417 1421
f 1340 1339 1342
f 1673 1672 1281
f 333 552 558
f 2285 2239 2292
f 56 52 57
f 1330 1332 1376
f 3195 185 3194
f 797 999 821
f 3196 198 3194
f 505 510 759
f 2663 2368 2664
f 2677 2724 2725
f 1707 1494 1493
f 2893 2894 2890
f 680 683 351
f 1268 1267 1694
f 1055 1053 1100
f 931 886 932
f 381 428 429
f 1958 1963 1964
f 596 562 560
f 2712 2787 2785
f 525 531 526
f 818 1062 1060
f 495 389 435
f 2224 2225 2226
f 1273 1251 1250
f 1552 1660 1661
f 2294 2292 2239
f 540 546 547
f 1140 1136 1134
f 2531 2529 2227
f 1692 1691 1506
f 1622 1618 1277
f 256 255 254
f 965 907 859
f 1752 1250 1746
f 260 261 262
f 573 572 528
f 902 904 826
f 3275 3194 3195
f 1280 1648 1646
f 2703 2896 2892
f 2466 2471 2214
f 1657 1653 1658
f 1177 1176 1220
f 2030 2026 2068
f 2370 2664 2366
f 2755 2759 2756
f 3080 3063 3081
f 803 1025 1027
f 2035 2089 2146
f 921 992 980
f 1017 969 973
f 572 568 567
f 318 424 420
f 1312 1358 1360
f 1520 1557 1506
f 2292 2241 2293
f 1093 1094 1189
f 3364 2 1
f 1271 1530 1525
f 206 119 205
f 1143 1144 1147
f 3163 207 3287
f 3242 3241 3240
f 1178 1118 1131
f 1295 1365 1363
f 1782 1833 1883
f 207 211 212
f 1289 1428 1434
f 1671 1302 305
f 801 998 994
f 149 152 151
f 1146 1141 1143
f 2083 2147 2092
f 2210 2395 2388
f 1835 1834 1785
f 390 777 387
f 2708 2728 2677
f 542 541 543
f 845 949 896
f 2236 2360 2364
f 2226 2231 2232
f 1913 1920 1737
f 3035 3090 3085
f 647 661 659
f 1680 1578 1637
f 1621 1625 1275
f 790 784 791
f 2518 2476 2520
f 999 1000 995
f 2882 2887 2683
f 642 711 643
f 676 671 668
f 1283 1561 1593
f 1896 1897 1898
f 1112 814 1118
f 2702 2956 2952
f 819 1156 1152
f 2279 2277 2278
f 685 684 681
f 1562 1658 1594
f 213 214 215
f 1292 1394 1379
f 1792 1795 1796
f 1317 1366 1364
f 2030 2131 2080
f 1769 1875 1770
f 2698 3008 3006
f 1752 2156 2157
f 360 439 441
f 1604 1611 1606
f 1860 1859 1865
f 1847 1848 1845
f 1141 1142 1143
f 2436 2439 2434
f 2292 2293 2294
f 1317 1315 1318
f 1478 1476 1477
f 1611 1609 1610
f 1621 1618 1622
f 1758 1962 1960
f 2034 2065 1754
f 743 684 720
f 1126 1127 1220
f 531 577 579
f 2575 2578 2580
f 563 564 565
f 1624 1623 1617
f 2960 2962 2702
f 92 11 95
f 508 557 551
f 1412 1411 1359
f 578 720 623
f 710 604 603
f 2565 2569 2220
f 2771 2775 2678
f 2737 2740 2708
f 1786 1788 1892
f 2703 2909 2914
f 1329 1325 1327
f 1385 1343 1386
f 173 171 153
f 1415 1478 1414
f 1744 1948 1942
f 2339 2337 2338
f 817 1030 1032
f 2493 2458 2230
f 414 413 415
f 662 664 666
f 3328 3332 3327
f 988 930 989
f 53 57 68
f 2831 2778 2777
f 239 253 240
f 2952 2956 2702
f 510 759 507
f 1775 1818 1820
f 1746 2151 2150
f 2439 2444 2442
f 353 506 354
f 2516 2569 2565
f 1064 1022 799
f 1789 1895 1790
f 2213 2513 2515
f 2965 2966 2967
f 871 876 872
f 1442 1288 1458
f 2883 2882 2884
f 3231 3228 3229
f 1098 1100 816
f 2557 2545 2617
f 1176 1027 1072
f 1463 1401 1397
f 335 610 612
f 2390 2208 2210
f 2056 2055 2010
f 801 983 981
f 813 315 806
f 1619 1617 1618
f 2404 2461 2406
f 2239 2312 2316
f 1993 2039 2038
f 1731 792 1730
f 2331 2322 2289
f 461 460 464
f 520 512 452
f 347 627 624
f 1011 1014 964
f 3297 3306 3299
f 475 375 372
f 2942 2938 2883
f 1754 2057 2053
f 1802 1804 1801
f 2214 2474 2469
f 2688 2689 3009
f 303 289 292
f 2231 2481 2485
f 1057 1102 1105
f 2359 2357 2358
f 11 2187 9
f 2889 2820 2826
f 2698 3016 2977
f 808 1143 1141
f 2363 2360 2361
f 1470 1469 1473
f 1291 1327 1324
f 282 261 3198
f 2737 2742 2743
f 3065 3058 3066
f 1738 1819 1821
f 491 498 492
f 2235 2358 2211
f 1932 1869 1933
f 178 181 182
f 473 466 475
f 817 1055 1051
f 1036 1081 1226
f 245 246 273
f 1293 1374 1376
f 1939 1935 1744
f 2385 2389 2390
f 2746 2745 2748
f 2081 2090 1747
f 528 570 574
f 1851 1735 1817
f 2446 2445 2447
f 404 403 406
f 2197 2249 2243
f 1142 1145 1185
f 814 1198 1112
f 973 970 909
f 1922 1936 1740
f 1163 1161 1191
f 2795 2799 2794
f 66 63 65
f 1803 1870 1825
f 1845 1841 1793
f 1857 1855 1851
f 1398 1387 1258
f 2237 2257 2197
f 1444 1447 1505
f 2258 2257 2259
f 2576 2579 2228
f 859 906 907
f 330 513 508
f 2812 2854 2706
f 1539 1540 1541
f 2102 2099 2100
f 1754 2063 2059
f 3299 3296 3297
f 524 522 518
f 273 275 277
f 1280 1652 1648
f 293 118 294
f 2540 2551 2542
f 2827 2831 2822
f 2712 2789 2791
f 3250 3338 3339
f 254 252 259
f 2203 2352 2350
f 2127 2120 2125
f 2181 1937 1873
f 1091 1094 815
f 1247 1250 1251
f 1918 1917 1920
f 2323 2293 2324
f 2927 2868 2867
f 1265 1698 1263
f 44 31 37
f 1176 1177 1220
f 1630 1631 1677
f 3194 174 3274
f 3320 3157 3321
f 2069 2078 2072
f 2926 3116 2969
f 1712 1529 1526
f 2214 2471 2466
f 2570 2575 2221
f 2685 2940 2942
f 2346 2352 2203
f 258 241 256
f 1011 1016 1012
f 2064 2066 1753
f 597 598 709
f 2741 2788 2849
f 2692 3042 3040
f 2417 2409 2411
f 333 564 568
f 1262 1526 1521
f 464 417 363
f 3236 3232 3237
f 3014 2693 3011
f 2686 2886 2888
f 1951 1886 2182
f 1651 1649 1648
f 2528 2484 2483
f 64 77 76
f 315 311 792
f 897 898 895
f 3062 3063 3067
f 1890 1954 1892
f 2237 1250 1251
f 2009 2016 2015
f 353 514 516
f 2252 2253 2254
f 2331 2286 2287
f 327 331 317
f 406 403 402
f 1851 1855 1736
f 1050 1054 818
f 1762 1801 1802
f 49 69 71
f 1201 1129 1128
f 845 897 895
f 1023 1021 1027
f 1951 1947 1946
f 2326 2391 2328
f 778 319 404
f 1423 1367 1422
f 819 1165 1161
f 1960 1959 1963
f 1543 1499 1497
f 221 222 218
f 635 636 729
f 499 501 495
f 521 565 566
f 1077 1075 816
f 1394 1393 1457
f 2457 2459 2398
f 2381 2319 2318
f 729 730 700
f 1929 2166 1931
f 1196 1193 1191
f 435 501 500
f 618 614 613
f 2996 3059 3057
f 2206 2420 2413
f 2532 2488 2492
f 313 312 305
f 2426 2429 2423
f 518 522 524
f 1746 1747 1748
f 940 947 941
f 2730 2777 2729
f 1978 1983 1984
f 295 297 296
f 3149 3148 3151
f 2060 2121 2124
f 350 593 561
f 1586 1667 1666
f 520 512 507
f 339 672 668
f 347 622 335
f 1253 1346 1354
f 3007 2963 2932
f 1606 1605 1604
f 2710 2790 2788
f 200 202 197
f 1733 1732 1734
f 2229 2523 2520
f 797 995 997
f 2890 2885 2886
f 2594 2592 2529
f 2385 2392 2393
f 4 3 5
f 1566 1620 1674
f 1526 1522 1521
f 2287 2289 2207
f 1653 1656 1590
f 2683 2887 2882
f 1745 1749 1746
f 3248 3151 3319
f 1942 1943 1944
f 983 1024 1026
f 1976 1740 1918
f 1368 1366 1293
f 2684 2770 2772
f 2992 3119 2948
f 1100 1099 1101
f 887 890 888
f 824 962 961
f 377 422 423
f 59 51 60
f 2129 2035 2087
f 1919 1920 1854
f 2966 2971 2972
f 317 330 336
f 1732 1740 1746
f 823 963 957
f 189 198 184
f 2262 2264 2366
f 1983 1979 2021
f 586 637 631
f 1393 1391 1289
f 2354 2301 2300
f 2925 2865 2870
f 159 160 150
f 2354 2304 2305
f 1946 1880 1950
f 66 68 50
f 1835 1837 1766
f 1256 1257 1700
f 3248 3315 3319
f 3194 174 3195
f 76 56 64
f 1853 1855 1736
f 2662 2433 2663
f 247 245 248
f 758 326 328
f 2216 2519 2227
f 886 885 863
f 3200 3208 3201
f 822 960 955
f 2768 2766 2712
f 573 620 571
f 1608 1607 1599
f 3145 3291 3285
f 3312 3311 3137
f 2207 2287 2291
f 363 364 362
f 1373 1371 1295
f 709 710 652
f 2459 2457 2231
f 2701 2957 2961
f 1676 1678 1273
f 528 572 567
f 353 530 324
f 1146 1209 1145
f 1853 1855 1857
f 1299 1352 1354
f 1753 2066 2035
f 2723 2771 2715
f 376 380 378
f 678 672 674
f 2692 3022 3019
f 2053 2054 2050
f 2881 2878 2879
f 1573 1629 1678
f 2681 2815 2819
f 913 828 824
f 1690 1272 1274
f 3007 3006 3005
f 1927 1937 1938
f 1814 1815 1816
f 2884 2816 2820
f 70 224 221
f 1284 1538 1542
f 677 740 676
f 2089 2087 2086
f 1303 1346 1342
f 2367 2366 2363
f 1992 1937 1936
f 520 452 465
f 360 358 357
f 1370 1326 1325
f 1785 1836 1834
f 1452 1447 1388
f 786 1243 787
f 2413 2421 2414
f 2243 2244 2345
f 3271 3127 3128
f 1168 1171 1218
f 246 277 273
f 967 965 961
f 3123 2881 2816
f 2997 3122 3001
f 1531 1480 1481
f 801 998 996
f 149 152 153
f 1316 1314 1317
f 2013 1971 2019
f 1829 1833 1738
f 3346 3190 3344
f 58 51 59
f 345 350 352
f 1299 1300 1298
f 2361 2360 2363
f 293 294 295
f 350 587 583
f 1753 2054 2051
f 937 938 933
f 1499 1498 1495
f 2703 2909 2903
f 2985 2986 2987
f 3031 3029 3028
f 829 104 787
f 2714 2818 2715
f 2905 2954 2950
f 273 277 246
f 1952 1957 1953
f 2247 2283 2284
f 40 229 41
f 819 1152 1156
f 2495 2553 2548
f 2714 2718 2713
f 1434 1500 1428
f 536 582 533
f 1808 1822 1823
f 360 427 325
f 2951 2955 2701
f 1272 1564 1566
f 851 848 825
f 1747 2099 2097
f 824 828 825
f 1908 1907 1909
f 336 740 742
f 1739 1999 1995
f 1269 1572 1570
f 1785 1888 1835
f 2997 2952 2953
f 2323 2295 2293
f 2971 2928 2926
f 2378 2377 2381
f 1266 1414 1289
f 1320 1366 1367
f 1027 1021 1023
f 3328 3346 3335
f 126 133 127
f 2198 2296 2298
f 530 531 525
f 1284 1544 1548
f 2490 2489 2483
f 1949 1953 1758
f 178 182 181
f 3032 3033 3036
f 2835 2831 2778
f 2304 2303 2305
f 354 485 489
f 2925 2935 2685
f 696 727 700
f 130 129 127
f 2081 2080 2082
f 1758 1949 1740
f 634 632 725
f 1803 1802 1805
f 413 459 415
f 1182 1183 1135
f 3335 3330 3333
f 2689 2943 2939
f 612 610 712
f 1807 1805 1808
f 2116 2115 2117
f 72 163 207
f 2733 2782 2779
f 154 183 181
f 2047 2051 2048
f 1702 1584 1701
f 2753 2719 2754
f 334 618 613
f 1865 1874 2183
f 22 35 36
f 2870 2881 2878
f 174 3194 3275
f 2119 2122 2158
f 335 610 614
f 1954 1955 1890
f 544 546 498
f 2777 2779 2710
f 2702 2962 2960
f 823 954 950
f 2421 2477 2473
f 2325 2326 2327
f 647 648 344
f 1298 1300 1297
f 2577 2576 2519
f 2102 2100 2099
f 770 540 542
f 2708 2706 2707
f 151 152 149
f 2155 2156 1752
f 1897 1899 1760
f 231 186 232
f 2582 2579 2583
f 2289 2287 2331
f 2235 2365 2361
f 1524 1525 1526
f 2459 2491 2446
f 1761 1910 1907
f 1362 1365 1363
f 863 885 886
f 2560 2561 2564
f 2703 2917 2874
f 2409 2415 2206
f 3291 3144 3162
f 1814 1816 1733
f 1606 1607 1597
f 1027 1066 1021
f 1729 1730 1728
f 2714 2715 2818
f 1190 1189 1097
f 1036 1035 991
f 2119 2117 2056
f 2198 2302 2304
f 764 586 588
f 1367 1419 1365
f 3069 3062 3067
f 626 627 623
f 2364 2369 2365
f 2381 2380 2315
f 817 1055 1053
f 1243 1242 829
f 2286 2288 2198
f 2322 2288 2289
f 2433 2429 2369
f 3178 3193 3306
f 2722 2714 2677
f 953 898 849
f 1353 1352 1299
f 2693 3021 3018
f 983 1019 979
f 2868 2870 2866
f 2903 2958 2952
f 2894 2897 2898
f 3251 3250 3246
f 1286 1601 1613
f 2580 2578 2579
f 2134 2039 2091
f 890 935 888
f 1552 1661 1660
f 2649 2526 2523
f 2401 2447 2383
f 316 310 314
f 351 694 691
f 3259 3260 2671
f 1751 2125 2120
f 1396 1397 1398
f 1671 1249 1
f 2128 2129 2086
f 48 75 74
f 1770 1818 1772
f 256 259 258
f 1847 1849 1764
f 2341 2340 2345
f 2712 2793 2791
f 1071 1181 1220
f 1269 1554 1272
f 1888 1891 1885
f 2203 2340 2342
f 302 295 296
f 2697 3097 3098
f 2707 2841 2839
f 1626 1622 1568
f 764 763 769
f 2703 2900 2896
f 999 1003 1000
f 2077 2080 1749
f 2241 2319 2321
f 71 73 60
f 599 600 334
f 1543 1544 1539
f 990 991 980
f 1995 1999 1739
f 2366 2311 2313
f 1929 1928 1914
f 1379 1390 1395
f 375 420 370
f 702 703 751
f 1884 1833 1831
f 2310 2311 2308
f 2504 2536 2532
f 363 416 418
f 939 935 890
f 1186 1225 1189
f 592 591 585
f 987 985 820
f 1634 1633 1632
f 1825 1824 1803
f 2001 1951 1949
f 2200 2199 2667
f 2470 2468 2472
f 1134 1135 1138
f 629 626 348
f 3076 2981 3033
f 619 617 719
f 2449 2232 2231
f 2356 2350 2351
f 2371 2373 2375
f 333 571 573
f 1572 1568 1567
f 2692 3033 3037
f 810 1124 1126
f 3337 269 3282
f 527 526 528
f 2124 2159 2158
f 1886 1890 1760
f 248 249 236
f 2845 2839 2843
f 2657 2483 2485
f 2508 2506 2213
f 1517 1711 1466
f 1869 1934 1911
f 2697 2702 2703
f 928 927 913
f 1708 1701 1583
f 729 636 640
f 818 817 1029
f 2878 2879 2864
f 154 156 157
f 1506 1508 1271
f 1119 1117 1118
f 735 736 661
f 1182 1135 1136
f 2216 2220 2217
f 2470 2465 2416
f 414 400 412
f 273 244 245
f 1204 1119 813
f 618 619 717
f 3328 3337 3341
f 353 548 516
f 153 170 152
f 1969 1903 1906
f 335 604 612
f 1264 1460 1466
f 1515 1513 1285
f 2518 2520 2229
f 1343 1342 1303
f 2434 2441 2435
f 2706 2851 2846
f 1755 1989 1987
f 2788 2738 2742
f 98 96 84
f 142 126 131
f 2130 2128 2086
f 421 469 417
f 2773 2778 2774
f 1018 1031 1062
f 3065 3061 3058
f 1761 1902 1896
f 2212 2214 2215
f 221 222 220
f 479 482 483
f 1241 1240 1238
f 348 629 633
f 1173 1198 1131
f 1220 1181 1182
f 191 188 180
f 1153 1154 1147
f 1285 1531 1529
f 834 878 880
f 2506 2461 2462
f 2142 2085 2084
f 47 53 50
f 1185 1184 1187
f 1659 1657 1658
f 1154 1153 1212
f 1623 1624 1619
f 2112 2054 2113
f 2796 2707 2809
f 3158 3162 3159
f 828 909 907
f 2024 1984 2030
f 17 1730 2142
f 1728 2185 784
f 520 518 324
f 2394 2395 2387
f 2728 2731 2708
f 2902 2904 2704
f 2730 2728 2731
f 1529 1477 1478
f 2213 2515 2510
f 1136 1135 1134
f 303 268 290
f 958 1009 960
f 1885 1891 1892
f 335 341 336
f 1527 1572 1573
f 2644 2329 2322
f 2982 2980 2969
f 2934 2933 2872
f 717 673 715
f 129 130 127
f 532 481 483
f 2055 2062 2059
f 1597 1607 1608
f 1999 1940 1947
f 1954 1952 1953
f 687 724 689
f 2992 2948 2947
f 3216 3218 3214
f 285 291 270
f 1981 1936 1992
f 2473 2476 2474
f 926 882 879
f 2024 2030 1745
f 975 986 989
f 540 495 492
f 2450 2448 2208
f 2856 2860 2683
f 3151 3149 3150
f 818 1054 1052
f 684 683 720
f 1745 2048 2044
f 1422 1420 1421
f 1296 1476 1270
f 1531 1481 1480
f 2424 2477 2421
f 1710 1540 1544
f 2599 2632 2598
f 2886 2946 2940
f 2257 2258 2359
f 1505 1512 1506
f 2504 2460 2458
f 2823 2829 2687
f 1745 2044 2046
f 387 388 357
f 1220 1127 1201
f 908 906 859
f 495 500 499
f 2754 2755 2752
f 2704 2895 2891
f 1362 1363 1358
f 2210 2414 2416
f 195 159 197
f 131 142 144
f 1779 1780 1781
f 2889 2884 2881
f 3067 3070 2696
f 1005 1007 1009
f 2402 2234 2233
f 446 447 327
f 2014 2063 2059
f 2691 2693 2694
f 1008 1058 1052
f 1378 1258 1257
f 2898 2897 2894
f 3331 3334 266
f 1752 2157 2158
f 1764 1845 1847
f 2235 2383 2338
f 2384 2320 2276
f 1518 1563 1520
f 47 52 53
f 763 584 583
f 2699 3063 3068
f 3337 3340 3341
f 1305 1308 1252
f 1261 1258 1252
f 2597 2594 2591
f 2261 2308 2363
f 37 36 38
f 2942 2944 2946
f 459 502 456
f 2997 3001 2700
f 2345 2340 2341
f 2937 2935 2925
f 3075 3029 2977
f 1286 1640 1636
f 817 1061 1057
f 2211 2358 2235
f 924 833 834
f 2775 2774 2776
f 2227 2611 2505
f 37 31 44
f 246 247 248
f 2697 3103 3089
f 1345 1257 1261
f 2954 2953 2955
f 432 433 430
f 1854 1863 1925
f 2798 2862 2800
f 1295 1365 1367
f 2803 2802 2808
f 725 727 728
f 2798 2806 2868
f 2483 2488 2484
f 185 198 184
f 1761 1763 1766
f 576 718 621
f 3337 3187 3341
f 2431 2432 2427
f 638 586 590
f 815 1076 1078
f 1825 1850 1766
f 265 263 260
f 2812 2810 2706
f 3206 3204 3207
f 283 3302 3301
f 2211 2351 2353
f 2700 2974 2976
f 307 780 314
f 576 625 578
f 2633 2602 2617
f 1560 1613 1562
f 1739 1980 1742
f 190 3312 3310
f 2494 2452 2639
f 1247 1251 1250
f 1147 1151 812
f 2993 3050 3051
f 153 173 155
f 2918 2915 2851
f 1469 1470 1471
f 1739 1992 1981
f 1150 1147 1148
f 3263 3262 2668
f 2546 2543 2225
f 1912 1909 1848
f 3102 3103 2697
f 496 495 356
f 1529 1531 1285
f 2319 2321 2384
f 1761 1893 1889
f 819 1159 1161
f 862 931 863
f 266 264 263
f 378 427 479
f 808 1123 1120
f 349 581 578
f 2034 2033 2035
f 805 1071 1073
f 1287 1493 1488
f 1943 2177 2001
f 1859 1873 1860
f 1272 1564 1568
f 347 640 608
f 1785 1784 1780
f 1739 1999 1997
f 1743 2045 2043
f 2691 3086 3085
f 22 35 25
f 2230 2492 2460
f 2198 2296 2300
f 209 137 213
f 945 937 942
f 2331 2287 2286
f 806 1213 813
f 2636 2216 2497
f 1127 1128 1129
f 1314 1313 1315
f 1295 1371 1373
f 180 193 191
f 2988 2986 3111
f 1812 1816 1813
f 2301 2305 2207
f 441 440 395
f 2055 2056 2057
f 668 664 339
f 1286 1653 1658
f 3045 3046 3049
f 3339 3340 3341
f 815 1101 1097
f 929 971 823
f 2678 2760 2684
f 1746 2148 2149
f 1175 1121 1111
f 2318 2314 2269
f 2689 2943 2941
f 1111 1069 1068
f 2822 2824 2826
f 335 617 619
f 3344 3184 3348
f 1258 1387 1380
f 1359 1363 1261
f 2082 2091 1749
f 1412 1359 1415
f 1741 1862 1854
f 426 428 358
f 1799 1801 1762
f 774 488 490
f 825 851 852
f 2210 2421 2232
f 1441 1449 1447
f 1728 1729 1727
f 830 838 935
f 2870 2881 2880
f 725 728 696
f 824 953 956
f 1252 1337 1301
f 3357 3356 3359
f 111 114 93
f 975 989 928
f 390 436 437
f 2351 2350 2356
f 505 509 324
f 495 491 492
f 2912 2911 2846
f 2691 2672 2677
f 285 270 266
f 2350 2351 2352
f 1318 1321 1322
f 1814 1820 1733
f 2277 2339 2276
f 723 687 724
f 1698 1507 1262
f 1788 1838 1787
f 2481 2482 2478
f 2337 2336 2338
f 2416 2410 2409
f 3213 3215 3212
f 1309 1313 1252
f 1614 1613 1612
f 429 482 427
f 1757 2108 2104
f 2220 2561 2559
f 2542 2541 2540
f 2235 2369 2374
f 2536 2532 2229
f 1662 1568 1618
f 2507 2561 2562
f 1927 1926 1860
f 1632 1635 1637
f 2691 3094 3093
f 748 692 690
f 3306 3193 3304
f 812 1151 1155
f 371 416 363
f 2566 2567 2619
f 3055 3097 3051
f 886 911 828
f 931 929 930
f 2174 2010 2175
f 2019 1971 1975
f 2947 2896 2898
f 154 157 156
f 149 150 151
f 2543 2544 2225
f 1740 1924 1916
f 304 285 268
f 2286 2282 2247
f 1077 1079 1075
f 1133 1205 1219
f 2649 2484 2528
f 1155 1152 1156
f 885 883 826
f 1966 2180 1960
f 2413 2420 2206
f 2238 2339 2324
f 1340 1254 1252
f 1353 1400 1355
f 2363 2308 2309
f 2207 2307 2303
f 1530 1527 1525
f 1004 1234 951
f 941 947 802
f 2511 2507 2216
f 1282 1560 1562
f 2207 2303 2305
f 1365 1418 1363
f 2266 2264 2262
f 712 715 717
f 3195 198 185
f 243 244 273
f 902 907 903
f 206 186 210
f 1289 1442 1391
f 1408 1407 1409
f 1732 783 1762
f 355 484 480
f 1283 1589 1593
f 84 96 81
f 1830 1835 1831
f 367 402 365
f 40 196 204
f 359 405 357
f 2897 3124 2833
f 2233 2423 2427
f 411 410 368
f 1758 1953 1957
f 2685 2689 2691
f 876 875 877
f 2345 2344 2299
f 607 606 608
f 394 397 395
f 1307 1352 1299
f 803 1041 1043
f 2061 2062 2055
f 1604 1598 1605
f 1639 1640 1643
f 1269 1563 1565
f 3299 3300 279
f 355 456 502
f 1988 2165 1929
f 1288 1495 1499
f 1277 1275 1273
f 2741 2742 2737
f 2370 2366 2313
f 81 96 97
f 1642 1681 1641
f 250 246 261
f 2075 2073 1751
f 532 536 533
f 627 724 722
f 2952 2954 2702
f 2767 2766 2768
f 2753 2719 2677
f 2693 3039 3036
f 1144 1148 810
f 1744 1942 1944
f 567 568 563
f 2806 2763 2764
f 533 767 531
f 144 123 143
f 613 614 609
f 1246 2668 2615
f 2992 2993 2989
f 924 919 918
f 268 303 280
f 1433 1434 1427
f 958 957 961
f 1126 1135 810
f 588 586 349
f 1380 1382 1378
f 825 861 858
f 987 1032 1031
f 2697 3100 3101
f 1415 1419 1418
f 820 1003 1006
f 2922 2921 2927
f 2816 2881 2803
f 775 433 432
f 2030 2024 2026
f 357 311 310
f 1347 1346 1304
f 2925 2929 2927
f 1811 1812 1809
f 945 939 935
f 3270 3127 3271
f 1720 1431 1432
f 230 213 217
f 675 718 680
f 1289 1417 1414
f 808 1134 1138
f 679 680 682
f 2429 2365 2366
f 47 53 52
f 1117 1118 812
f 1291 1318 1321
f 197 202 163
f 1884 1888 1879
f 2902 2908 2704
f 650 649 735
f 2463 2461 2208
f 2211 2333 2326
f 2733 2781 2732
f 13 8 10
f 2874 2873 2877
f 2713 2714 2677
f 109 108 110
f 2225 2575 2221
f 1305 1307 1299
f 2909 2908 2912
f 844 891 841
f 1841 1794 1793
f 1975 1970 1973
f 2349 2340 2345
f 3 4 5
f 1415 1359 1363
f 2930 2976 3108
f 2690 2988 2984
f 590 635 638
f 2912 2908 2909
f 885 886 910
f 3030 3017 3087
f 2808 2761 2718
f 1179 1131 1198
f 1448 1699 1447
f 3101 3064 3065
f 1012 1056 1057
f 1439 1503 1434
f 2945 2948 2701
f 351 696 700
f 495 500 501
f 44 34 31
f 344 659 704
f 1262 1508 1271
f 1052 1054 818
f 1372 1370 1293
f 2889 2887 2888
f 2965 2967 2688
f 3221 3226 3223
f 1854 1858 1863
f 2494 2499 2498
f 2986 2990 3111
f 2228 2590 2587
f 1291 1324 1327
f 800 920 922
f 1161 1165 819
f 1378 1386 1380
f 335 622 347
f 983 979 977
f 399 400 414
f 1398 1396 1258
f 3025 3024 3023
f 368 367 366
f 242 248 245
f 1766 1846 1842
f 2409 2410 2403
f 820 1000 801
f 1377 1375 1295
f 1769 1772 1773
f 2236 2360 2357
f 329 757 758
f 1119 1117 812
f 162 151 163
f 1586 1649 1588
f 2334 2290 2248
f 913 927 928
f 381 376 379
f 1573 1568 1564
f 1875 1827 1770
f 2918 2851 2855
f 508 509 756
f 2117 2119 2056
f 40 228 211
f 1406 1413 1258
f 1196 1103 1102
f 1629 1622 1626
f 623 624 720
f 2401 2338 2402
f 2236 2364 2368
f 1697 1264 1446
f 1190 1100 1192
f 1651 1649 1586
f 950 951 946
f 1386 1378 1384
f 2570 2571 2575
f 642 660 711
f 971 930 972
f 151 167 166
f 2207 2297 2299
f 944 949 796
f 64 56 76
f 2509 2501 2216
f 729 703 751
f 3254 3251 3255
f 2988 3037 2981
f 1283 1583 1587
f 924 914 922
f 246 281 261
f 888 936 879
f 1281 1603 1279
f 2356 2354 2355
f 2388 2390 2210
f 1188 1152 1186
f 1747 2103 2099
f 552 558 597
f 1808 1764 1822
f 2213 2214 2212
f 2730 2726 2729
f 2677 2722 2714
f 1266 1409 1407
f 305 734 306
f 520 512 324
f 1125 1124 1126
f 2674 2672 2195
f 701 698 695
f 2734 2739 2838
f 1599 1598 1597
f 1417 1481 1419
f 2574 2568 2570
f 358 412 414
f 406 407 408
f 1603 1280 1279
f 1295 1371 1375
f 339 656 662
f 813 1219 1205
f 1771 1772 1769
f 815 1101 1099
f 832 878 882
f 1506 1693 1508
f 3261 3260 3259
f 282 118 281
f 816 1075 1077
f 825 855 852
f 2385 2206 2205
f 1564 1568 1573
f 202 201 163
f 1941 1873 1877
f 3344 3181 3345
f 108 94 115
f 711 661 736
f 1566 1558 1552
f 1189 1225 1186
f 248 246 250
f 479 483 482
f 3292 3162 3291
f 1240 1245 1238
f 744 692 745
f 2263 2261 2262
f 2478 2482 2479
f 2650 2527 2649
f 2733 2779 2835
f 344 682 686
f 1401 1400 1353
f 347 627 630
f 357 382 379
f 1236 949 898
f 1840 1892 1837
f 3178 3193 3297
f 1081 1082 1182
f 2463 2462 2464
f 2343 2408 2407
f 2232 2398 2400
f 1291 1334 1333
f 2198 2290 2298
f 2247 2246 2331
f 826 910 885
f 717 675 673
f 2232 2400 2446
f 1287 1491 1497
f 2159 2160 1752
f 1189 1094 1093
f 717 719 716
f 1783 1786 1762
f 2495 2501 2509
f 90 106 98
f 2105 2102 2150
f 1180 1182 1135
f 531 767 533
f 3347 3187 3346
f 2257 2259 2237
f 1951 2182 1955
f 812 1158 1160
f 2229 2520 2523
f 2855 2852 2744
f 2678 2769 2761
f 1220 1071 1070
f 225 227 228
f 790 315 792
f 816 1100 1096
f 2747 2746 2767
f 2857 2871 2872
f 473 522 467
f 1768 2186 791
f 2054 2056 2058
f 596 605 560
f 2889 2826 2825
f 2709 2813 2796
f 2947 2896 2900
f 918 919 875
f 2795 2799 2800
f 56 60 76
f 1550 1516 1514
f 2686 2879 2865
f 42 34 44
f 1447 1386 1381
f 818 1056 1060
f 2204 2205 2643
f 3299 3300 3301
f 1747 2090 2081
f 2198 2289 2207
f 1727 1729 1728
f 1283 1559 1595
f 1746 1250 1727
f 1802 1805 1762
f 2514 2519 2216
f 2681 2824 2819
f 1570 1571 1572
f 2704 2904 2902
f 3025 3024 2970
f 465 361 364
f 1197 1195 1063
f 1738 1833 1829
f 2972 3027 3086
f 2980 3117 2969
f 2244 2296 2298
f 49 69 51
f 2203 2340 2346
f 712 738 666
f 1006 1052 1054
f 1287 1454 1456
f 1178 1112 1118
f 3154 3157 3320
f 507 508 505
f 1025 1070 1220
f 2859 2858 2863
f 2840 2842 2706
f 98 106 107
f 212 163 69
f 1282 1594 1562
f 162 160 159
f 1493 1491 1287
f 2225 2543 2555
f 2418 2419 2422
f 2731 2733 2835
f 2558 2562 2563
f 2241 2307 2207
f 545 591 541
f 283 279 3301
f 2624 2521 2580
f 1747 2090 2094
f 1700 1257 1378
f 3338 3251 3336
f 475 466 468
f 1617 1618 1621
f 1269 1563 1567
f 322 475 474
f 2207 2203 2197
f 3105 2928 2926
f 1796 1795 1906
f 2989 2990 2985
f 1529 1532 1530
f 1286 1649 1647
f 2789 2791 2852
f 2989 2993 2990
f 993 994 990
f 1368 1369 1366
f 2608 2521 2524
f 532 533 530
f 3032 3024 3033
f 1716 1489 1485
f 2439 2442 2444
f 3316 3150 3151
f 2229 2227 2502
f 760 442 322
f 3233 3238 3235
f 356 499 504
f 760 322 442
f 1246 5 1671
f 580 584 581
f 902 854 853
f 2970 3085 3025
f 396 438 439
f 2756 2678 2679
f 3019 3022 2692
f 1102 1061 1106
f 2892 2891 2894
f 2374 2662 2375
f 479 474 475
f 2478 2480 2475
f 3227 3225 3223
f 1753 2051 2054
f 2782 2783 2779
f 1029 1034 820
f 1600 1601 1280
f 355 497 491
f 1637 1635 1636
f 2827 2774 2778
f 3323 3150 3322
f 2094 2097 1747
f 823 796 824
f 438 439 434
f 1437 1433 1434
f 2698 3002 3006
f 1097 1189 1094
f 383 379 382
f 3318 3315 3316
f 3343 3340 3339
f 827 826 873
f 3281 3282 3246
f 1912 1848 1800
f 800 917 802
f 1290 1416 1420
f 325 427 360
f 484 489 485
f 1140 1139 1185
f 1996 1993 1742
f 3232 3240 3233
f 1409 1402 1410
f 2543 2557 2555
f 1982 2169 1993
f 395 396 394
f 646 732 336
f 1751 2074 1757
f 2572 2567 2564
f 386 431 486
f 980 1233 990
f 1562 1516 1561
f 2322 2207 2289
f 504 459 499
f 1271 1508 1506
f 84 106 100
f 2217 2619 2620
f 2690 2981 2970
f 713 657 710
f 3051 3050 3049
f 2463 2455 2395
f 339 672 674
f 1999 1998 2000
f 1707 1715 1716
f 2269 2268 2376
f 1252 1305 1298
f 286 260 282
f 791 2190 1768
f 2232 2421 2210
f 1252 1250 315
f 2405 2403 2206
f 2010 2055 2056
f 651 644 339
f 107 92 110
f 1815 1814 1811
f 2992 2948 2951
f 1119 1132 1133
f 312 315 305
f 2376 2380 2379
f 1189 1190 1152
f 2510 2506 2213
f 2690 2988 2986
f 2850 2851 2845
f 2021 1976 1983
f 1649 1666 1653
f 973 864 911
f 2706 2854 2851
f 813 1216 1217
f 1012 1056 1059
f 2843 2848 2847
f 2699 3063 3059
f 2965 2971 2688
f 1386 1384 1700
f 3277 3275 174
f 256 269 268
f 175 177 156
f 801 1000 820
f 982 978 976
f 2987 2943 2941
f 938 934 802
f 1301 1337 1252
f 3277 176 3276
f 412 413 414
f 800 946 940
f 357 391 388
f 1773 1818 1819
f 447 510 505
f 2001 1949 2178
f 352 533 536
f 1500 1499 1495
f 2249 2244 2243
f 632 636 729
f 616 622 617
f 1526 1521 1517
f 441 504 439
f 528 572 573
f 948 945 944
f 3285 203 3284
f 1134 1126 1135
f 1796 1797 1792
f 2797 2804 2681
f 1574 1572 1527
f 956 954 962
f 50 61 47
f 3054 2993 2996
f 2495 2635 2634
f 2728 2831 2730
f 2467 2465 2461
f 1146 1144 1143
f 2678 2759 2757
f 2931 2932 2962
f 1370 1372 1326
f 397 357 398
f 1733 1816 1814
f 2519 2576 2571
f 2902 2912 2908
f 681 742 740
f 956 905 962
f 274 265 260
f 2562 2619 2507
f 820 987 985
f 1258 1413 1290
f 2990 3112 2993
f 551 553 326
f 916 915 917
f 48 79 80
f 576 578 349
f 2575 2578 2225
f 2116 2114 1751
f 1781 1782 1784
f 221 224 70
f 829 1237 1238
f 1495 1490 1491
f 607 608 711
f 997 996 998
f 1163 1160 1161
f 2005 2172 2002
f 2844 2839 2841
f 1986 1990 1991
f 2207 2297 2301
f 3066 3058 3062
f 1138 1141 808
f 2508 2500 2494
f 1480 1479 1481
f 492 542 494
f 1543 1497 1499
f 2130 2129 2128
f 775 432 776
f 2702 2956 2960
f 1965 1966 1959
f 216 209 194
f 3262 3263 2668
f 641 753 708
f 339 656 651
f 1702 1686 1584
f 875 874 870
f 1437 1394 1440
f 1763 1761 1852
f 3023 3034 3035
f 1288 1499 1503
f 1286 1653 1649
f 981 1024 983
f 7 2668 2669
f 2813 2814 2809
f 2708 2740 12
f 1775 1776 1818
f 2724 2722 2677
f 84 100 98
f 2516 2571 2606
f 1000 1049 1044
f 1552 1558 1566
f 2391 2643 2393
f 711 608 606
f 2463 2455 2208
f 1764 1849 1824
f 3017 3015 3016
f 2710 2788 2790
f 1423 1422 1419
f 3337 3184 3181
f 318 325 317
f 2974 2978 2979
f 207 203 3287
f 2844 2787 2785
f 583 580 350
f 1596 1562 1560
f 2521 2579 2519
f 1744 1737 1767
f 1654 1651 1648
f 1812 1816 1817
f 1999 2001 2003
f 306 366 781
f 1363 1362 1314
f 348 626 623
f 2761 2762 2763
f 50 67 66
f 1157 1153 1151
f 16 18 19
f 3305 3178 3307
f 157 179 177
f 187 188 190
f 1415 1413 1414
f 1226 1081 1036
f 666 671 739
f 2706 2846 2840
f 626 627 724
f 2808 2761 2762
f 2463 2455 2450
f 2004 1953 1957
f 98 100 90
f 418 417 419
f 2708 2710 2711
f 1720 1432 1431
f 9 94 85
f 2843 2839 2840
f 1244 3272 1243
f 2934 2933 2931
f 2772 2818 2770
f 2808 2817 2815
f 1140 1134 1138
f 2969 2970 2971
f 2485 2483 2231
f 2696 3062 3067
f 268 259 256
f 1262 1511 1505
f 724 723 762
f 47 50 53
f 552 602 601
f 1293 1362 1253
f 3061 3060 3058
f 2355 2354 2356
f 3226 3224 3227
f 709 641 600
f 2258 2306 2254
f 1321 1318 1291
f 397 398 357
f 1560 1596 1601
f 2007 2009 2011
f 762 726 725
f 717 719 718
f 530 534 532
f 2019 1989 2020
f 448 450 449
f 81 86 84
f 2820 2819 2821
f 1252 1302 1297
f 2081 2090 2092
f 2603 2548 2604
f 3291 3144 3289
f 1466 1711 1460
f 154 153 149
f 284 272 39
f 460 467 461
f 709 653 731
f 786 1242 1243
f 1003 1047 1048
f 926 879 882
f 816 1100 1098
f 2672 2673 1727
f 540 492 495
f 709 710 713
f 2386 2401 2402
f 284 287 283
f 486 484 485
f 51 58 60
f 3251 3250 3252
f 801 996 998
f 2415 2414 2416
f 793 785 825
f 659 660 647
f 1253 1252 1254
f 2049 2047 2043
f 452 453 465
f 1247 1250 1246
f 1499 1434 1437
f 2995 2997 2999
f 3336 3250 3251
f 2496 2495 2497
f 1792 1797 1798
f 2697 3101 3102
f 982 984 980
f 1474 1409 1475
f 1756 2001 1739
f 1499 1496 1497
f 2207 2291 2299
f 3342 3336 3337
f 1165 1195 1170
f 2845 2846 2839
f 357 388 387
f 1738 1833 1831
f 44 43 42
f 498 497 499
f 3054 3057 2699
f 69 223 205
f 1839 1840 1836
f 2907 2904 2905
f 2927 2923 2919
f 903 853 961
f 1153 1152 1189
f 698 695 696
f 27 31 32
f 318 416 420
f 1776 1773 1818
f 2559 2553 2220
f 3194 198 3195
f 818 1044 799
f 280 39 287
f 707 708 709
f 2106 2103 2104
f 877 876 871
f 1269 1570 1572
f 1396 1403 1397
f 155 173 171
f 929 928 930
f 545 593 589
f 3045 3052 3048
f 1308 1305 1252
f 1489 1485 1425
f 1629 1624 1621
f 845 895 844
f 1295 1369 1373
f 2229 2538 2504
f 587 585 350
f 2642 2454 2448
f 762 697 750
f 1277 1618 1616
f 2591 2590 2592
f 110 92 107
f 1036 1226 1025
f 1264 1444 1451
f 88 112 91
f 3127 3270 3128
f 2440 2446 2441
f 986 988 989
f 1621 1617 1275
f 1252 1264 1273
f 300 39 301
f 142 126 124
f 1198 1077 1032
f 1947 1939 1944
f 2234 2386 2401
f 3224 3228 3229
f 2741 2740 12
f 190 3313 3311
f 2335 2337 2339
f 879 936 926
f 3048 3045 3046
f 1071 1182 1181
f 287 273 288
f 818 1062 1031
f 2326 2331 2393
f 1397 1396 1401
f 2234 2401 2386
f 2203 2350 2352
f 815 1091 805
f 2706 2837 2833
f 257 255 256
f 1721 1722 1720
f 2532 2488 2487
f 2755 2679 2677
f 825 861 862
f 1907 1908 1902
f 1272 1573 1568
f 988 989 986
f 3017 3031 3015
f 105 107 110
f 980 990 992
f 2227 2524 2527
f 288 299 287
f 1282 1581 1584
f 2059 2060 2055
f 2530 2529 2531
f 805 1091 1087
f 2826 2775 2776
f 2437 2485 2657
f 1497 1718 1491
f 2755 2677 2752
f 348 621 334
f 883 884 885
f 1098 1105 1102
f 3196 185 206
f 3327 3332 3329
f 1615 1617 1619
f 82 85 9
f 2250 2251 2249
f 931 930 986
f 349 578 581
f 1366 1367 1364
f 3060 3099 3098
f 475 476 474
f 1379 1349 1295
f 1001 999 995
f 1729 1728 1730
f 644 645 651
f 2578 2579 2582
f 2579 2521 2608
f 1271 1512 1506
f 628 626 578
f 1225 1188 1186
f 2055 2059 1754
f 829 830 793
f 1954 1955 1951
f 3052 3097 3096
f 2425 2358 2426
f 2220 2571 2569
f 1286 1613 1658
f 994 991 801
f 487 486 483
f 1009 1008 1010
f 1806 1808 1803
f 818 1050 1047
f 1318 1320 1422
f 2010 2062 2061
f 1048 1189 1093
f 3055 3053 3054
f 42 40 41
f 1521 1526 1262
f 1845 1848 1846
f 125 136 128
f 540 546 544
f 92 91 113
f 2852 2791 2790
f 961 967 966
f 267 264 257
f 142 143 144
f 2376 2380 2381
f 826 900 897
f 942 941 943
f 1283 1580 1577
f 1824 1823 1825
f 1070 1071 1072
f 844 842 845
f 2375 2315 2376
f 2355 2354 2303
f 2235 2386 2336
f 2106 2104 2048
f 3090 3034 3091
f 2381 2380 2376
f 1335 1351 1394
f 1290 1413 1258
f 2507 2619 2562
f 1362 1364 1293
f 2075 2074 2073
f 678 675 674
f 124 126 123
f 1117 1131 1118
f 1457 1458 1288
f 2079 2080 2081
f 1738 1827 1829
f 632 727 728
f 2076 2079 1747
f 3250 3336 3343
f 1388 1389 1400
f 2207 2307 2241
f 1647 1649 1286
f 1285 1537 1541
f 2001 1949 1951
f 2598 2597 2599
f 2376 2314 2269
f 2808 2817 3125
f 1275 1627 1625
f 1745 2068 1749
f 2258 2254 2253
f 998 1000 1046
f 243 272 273
f 2678 2763 2757
f 1189 1152 1225
f 746 697 698
f 3238 3233 3240
f 355 322 356
f 421 425 325
f 859 855 860
f 2554 2553 2509
f 3157 3151 3321
f 106 116 107
f 1356 1352 1253
f 2023 2025 1743
f 145 141 146
f 407 406 367
f 1724 1340 1254
f 2422 2426 2423
f 69 72 212
f 2020 2064 2063
f 341 680 675
f 533 768 536
f 2083 2082 2081
f 2184 1888 1837
f 2976 2932 2931
f 2662 2438 2439
f 2698 2996 2993
f 468 466 475
f 1077 1076 1078
f 2257 2359 2258
f 76 74 75
f 1505 1695 1444
f 2698 2990 2690
f 3029 3071 2699
f 1702 1650 1687
f 1818 1819 1820
f 3207 3205 3203
f 998 1038 991
f 3206 3201 3208
f 266 263 260
f 2105 2150 2102
f 282 262 304
f 1285 1529 1262
f 2399 2402 2397
f 1758 1962 1957
f 275 276 273
f 1986 1987 1988
f 2818 2815 2816
f 2801 2757 2754
f 796 945 944
f 1907 1910 1761
f 269 266 3336
f 1007 958 961
f 810 808 806
f 1372 1371 1373
f 517 593 545
f 1546 1545 1539
f 1887 1884 1831
f 1810 1809 1732
f 1991 1990 1988
f 649 648 647
f 2065 2035 2066
f 3092 3094 2691
f 3002 3101 3066
f 253 3279 3281
f 1634 1627 1632
f 2229 2518 2213
f 2707 2706 2809
f 2669 2670 1249
f 1357 1361 1261
f 810 1144 1142
f 821 820 975
f 564 563 519
f 305 311 315
f 349 581 584
f 2623 2519 2577
f 1264 1446 1444
f 2925 2929 2865
f 1401 1396 1397
f 2678 2677 2679
f 261 274 265
f 703 700 729
f 1841 1845 1764
f 1947 1941 1937
f 476 425 423
f 3223 3226 3227
f 1947 1940 1941
f 815 816 813
f 2074 1753 1757
f 3348 3346 3344
f 358 438 434
f 1529 1480 1531
f 720 718 622
f 590 594 562
f 358 428 426
f 2142 2092 2148
f 2422 2425 2426
f 1158 1159 1160
f 648 346 351
f 2814 2813 2768
f 1149 1150 1209
f 3326 3150 3151
f 1201 1136 1207
f 3001 2956 2957
f 1186 1152 1148
f 1672 1673 1614
f 1732 1768 1774
f 621 622 616
f 718 721 720
f 2843 2784 2785
f 2254 2306 2302
f 2197 2246 7
f 2611 2228 2544
f 2203 2211 2197
f 2356 2302 2303
f 1090 1186 1045
f 2089 2160 2130
f 2529 2592 2594
f 1194 1165 1161
f 831 832 830
f 1741 1862 1860
f 83 101 109
f 525 526 527
f 2237 2285 2280
f 34 41 42
f 207 163 197
f 3292 3162 3295
f 764 761 584
f 1453 1454 1455
f 1127 1136 1201
f 1444 1446 1264
f 1296 1453 1455
f 3255 3251 3249
f 2056 2138 2139
f 1296 1455 1501
f 2938 2935 2883
f 754 333 332
f 60 73 51
f 1275 1625 1621
f 2322 2288 2284
f 1946 1950 1951
f 163 201 202
f 2446 2487 2441
f 2217 2623 2624
f 2572 2564 2565
f 1983 1918 1916
f 817 1048 1045
f 1284 1532 1535
f 1491 1718 1539
f 2106 2104 2103
f 3299 279 3298
f 7 2669 1249
f 1284 1548 1516
f 3282 266 269
f 1157 1213 1153
f 1616 1610 1277
f 2857 2704 2871
f 2220 2561 2565
f 212 72 225
f 2132 2087 2133
f 2847 2785 2789
f 2758 2760 2684
f 1358 1362 1253
f 229 228 41
f 926 925 879
f 1119 812 811
f 1005 1002 955
f 1761 1766 1762
f 1303 1386 1343
f 1691 1692 1506
f 207 197 208
f 709 731 653
f 351 687 683
f 764 633 762
f 1269 1557 1565
f 1535 1580 1582
f 3289 3169 3290
f 1827 1874 1819
f 2393 2643 2391
f 169 163 185
f 2127 2124 2120
f 800 933 920
f 1648 1647 1649
f 840 843 793
f 819 1173 1131
f 2920 2934 2872
f 3137 3139 3136
f 2230 2488 2484
f 2686 2867 2859
f 2678 2777 2710
f 632 728 725
f 351 691 694
f 2444 2443 2440
f 1538 1535 1284
f 2248 2242 2344
f 1017 1015 969
f 2839 2841 2707
f 344 695 699
f 2969 3117 2982
f 1130 1173 1131
f 39 300 287
f 2233 2423 2420
f 830 832 829
f 1744 1935 1921
f 1354 1352 1253
f 1220 1176 1073
f 350 585 587
f 2072 1748 1747
f 2008 2053 2005
f 2745 2813 2746
f 810 1124 1121
f 2092 2148 2039
f 2942 2883 2889
f 2509 2618 2554
f 2228 2587 2590
f 1752 315 1250
f 2927 2923 2921
f 2607 2579 2576
f 1587 1586 1588
f 1374 1377 1375
f 2213 2500 2494
f 1537 1538 1534
f 3297 3298 3299
f 1285 1284 1513
f 1766 1850 1848
f 2849 2845 2846
f 2146 2145 1752
f 2976 2932 3107
f 2324 2293 2241
f 2331 2334 2325
f 729 636 635
f 990 993 997
f 1887 1888 1884
f 375 422 424
f 1250 315 1731
f 2346 2340 2203
f 788 786 787
f 2236 2373 2368
f 1842 1844 1766
f 475 466 472
f 1196 1102 1057
f 2519 2647 2521
f 1733 1832 1828
f 1547 1548 1543
f 3301 3172 3309
f 2918 2915 2912
f 260 262 282
f 2262 2366 2264
f 1125 1134 1136
f 1807 1808 1806
f 304 136 285
f 1762 1801 1799
f 2483 2489 2487
f 2995 2955 2953
f 707 652 708
f 1724 1254 1255
f 1386 1380 1381
f 1191 1163 1216
f 336 339 340
f 749 691 723
f 3337 3282 269
f 898 897 849
f 2296 2297 2298
f 254 255 257
f 2809 2706 2810
f 2696 3053 3049
f 2122 2119 2123
f 238 258 259
f 1573 1678 1629
f 1182 1183 1185
f 1766 1835 1738
f 1875 2183 1827
f 325 411 407
f 2192 2195 2196
f 1380 1389 1387
f 1773 1775 1774
f 390 437 774
f 2256 2300 2250
f 2400 2398 2232
f 1914 1928 1929
f 2827 2822 2823
f 346 643 711
f 1758 1971 1966
f 3210 3218 3211
f 2056 2138 2060
f 2217 2213 2216
f 2416 2465 2410
f 410 411 406
f 395 459 441
f 2861 2685 2686
f 1764 1839 1836
f 1895 1844 1901
f 2843 2849 2848
f 931 932 913
f 1379 1395 1292
f 2002 2173 2047
f 3204 3208 3200
f 3323 3150 3326
f 229 70 221
f 2674 2675 2673
f 2009 1963 1960
f 478 530 471
f 3055 2996 3098
f 77 64 78
f 1168 1165 1196
f 1997 2001 1739
f 1586 1666 1667
f 2348 2345 2301
f 3089 3088 2697
f 3048 3046 2990
f 2942 2938 2935
f 1999 1947 1945
f 217 219 218
f 769 587 764
f 1080 1032 1030
f 1749 1747 1746
f 1819 1874 1865
f 2704 2706 2708
f 2060 2158 2124
f 505 324 447
f 825 843 793
f 2185 15 17
f 646 336 340
f 353 516 548
f 804 1081 1084
f 1655 1654 1656
f 1401 1404 1410
f 2344 2242 2245
f 530 525 527
f 49 72 69
f 2830 2827 2831
f 213 138 217
f 96 3268 3132
f 243 273 245
f 1422 1420 1416
f 862 865 825
f 95 94 85
f 633 634 726
f 818 1047 1044
f 3295 3163 3287
f 1399 1388 1266
f 2210 2421 2414
f 729 727 725
f 1611 1610 1566
f 2146 2089 2088
f 3181 3344 3345
f 2990 3046 3048
f 2403 2405 2407
f 1166 1167 1163
f 1022 1021 1023
f 2087 2074 1757
f 469 468 464
f 2816 2815 2818
f 2032 2033 2034
f 1403 1409 1266
f 1040 1042 998
f 2912 2915 2918
f 2231 2478 2481
f 969 1011 964
f 3087 3017 3088
f 1440 1394 1437
f 1741 1856 1854
f 1665 1578 1581
f 2407 2408 2403
f 3079 3050 3046
f 312 314 313
f 1981 1993 1982
f 719 716 619
f 2225 2578 2582
f 1044 1047 818
f 2681 2804 2802
f 721 718 720
f 1736 1861 1859
f 2873 2916 2704
f 2706 2810 2812
f 3243 3240 3241
f 2594 2589 2591
f 2645 2507 2511
f 2233 2436 2431
f 2798 2797 2801
f 507 513 508
f 700 730 705
f 1981 1985 1983
f 828 907 909
f 3008 3068 3002
f 1151 1152 1155
f 987 1222 985
f 2027 2031 2029
f 2704 2895 2899
f 357 379 382
f 1299 1353 1401
f 2083 2092 2142
f 47 63 62
f 2017 2019 1756
f 1634 1679 1677
f 1821 1864 1863
f 1931 1974 1758
f 1634 1637 1680
f 3282 3197 253
f 2347 2353 2211
f 2206 2390 2210
f 1038 1035 799
f 253 3197 3282
f 1220 1070 1025
f 2759 2758 2760
f 180 178 175
f 2375 2662 2664
f 1289 1393 1439
f 1539 1544 1540
f 1824 1825 1849
f 2732 2730 2731
f 516 503 459
f 713 710 566
f 2211 2358 2351
f 497 498 491
f 1487 1488 1483
f 231 138 213
f 2023 2029 1743
f 1778 1770 1777
f 266 285 304
f 3275 3194 174
f 1951 1954 1759
f 2388 2454 2390
f 577 582 580
f 2440 2441 2434
f 2069 1749 2070
f 261 252 253
f 356 486 490
f 2344 2334 2331
f 3077 2970 3076
f 438 434 389
f 1486 1485 1481
f 2715 2771 2769
f 2528 2660 2532
f 2350 2359 2357
f 2422 2426 2425
f 1770 1828 1826
f 2698 2993 2990
f 882 834 835
f 2444 2440 2439
f 324 512 507
f 828 826 825
f 819 1159 1156
f 808 810 1113
f 2791 2793 2712
f 2397 2232 2398
f 2657 2661 2662
f 2967 3009 2971
f 348 623 626
f 1196 1165 1168
f 2043 2047 1743
f 2368 2364 2236
f 1757 2112 2108
f 93 92 107
f 2523 2478 2479
f 2231 2475 2478
f 2487 2489 2483
f 2914 2915 2918
f 1269 1572 1567
f 324 509 330
f 2575 2571 2576
f 2430 2429 2426
f 83 101 85
f 2506 2510 2512
f 912 919 796
f 1522 1518 1271
f 675 716 719
f 1900 1905 1904
f 884 932 886
f 2730 2781 2779
f 180 177 178
f 2124 2116 2120
f 487 483 431
f 1544 1589 1590
f 1620 1619 1674
f 388 389 387
f 1049 1047 1044
f 1559 1282 1560
f 1494 1492 1493
f 983 1022 1019
f 122 134 125
f 1629 1621 1622
f 2983 2984 2980
f 628 578 581
f 2647 2519 2521
f 2921 2927 2685
f 986 1017 821
f 2998 3080 3081
f 422 427 423
f 2581 2580 2623
f 2697 2703 2708
f 2034 2032 1754
f 2625 2588 2626
f 566 564 333
f 1249 2671 2194
f 334 599 597
f 1150 1153 1213
f 990 934 993
f 1567 1568 1563
f 1225 1091 1189
f 1749 2070 2077
f 3048 3046 3045
f 125 135 122
f 1295 1363 1261
f 1281 1287 1291
f 358 426 318
f 2997 3121 3122
f 2831 2826 2830
f 308 309 306
f 825 862 861
f 312 313 305
f 2135 2082 2028
f 344 682 679
f 2273 2269 2271
f 2696 3062 3058
f 2308 2311 2309
f 2050 2054 2051
f 2840 2839 2843
f 2506 2653 2466
f 1988 1989 2019
f 825 855 858
f 605 606 607
f 3340 3337 3341
f 2032 2036 2037
f 120 119 102
f 1291 1315 1313
f 1755 2032 1989
f 3122 2953 2957
f 324 330 317
f 3278 3275 3277
f 234 244 235
f 257 264 267
f 675 680 341
f 2333 2332 2334
f 3019 3012 2692
f 31 34 44
f 3049 3050 3053
f 1285 1504 1287
f 437 435 360
f 1423 1419 1367
f 2385 2393 2387
f 578 623 621
f 889 893 794
f 1061 1063 817
f 534 478 532
f 869 868 793
f 2093 2147 2083
f 2235 2372 2374
f 1425 1421 1289
f 2718 2761 2808
f 3139 3138 3137
f 345 316 336
f 1336 1348 1349
f 915 924 982
f 235 236 233
f 562 594 590
f 1358 1363 1359
f 2146 2089 2035
f 3248 3317 3151
f 3361 3360 3363
f 3330 3329 3331
f 3181 3187 3345
f 2516 2646 2514
f 2028 2131 2030
f 2977 3031 3089
f 2375 2373 2374
f 2758 2764 2684
f 353 544 540
f 1303 1340 1337
f 305 1302 314
f 129 132 128
f 2149 2151 1746
f 2047 2048 2002
f 646 644 645
f 1672 1602 1281
f 1841 1846 1842
f 2510 2515 2213
f 42 41 40
f 611 612 713
f 2068 1745 2026
f 2270 2316 2375
f 1245 1240 787
f 629 630 626
f 1749 2091 2095
f 1252 1302 1301
f 1260 1452 1464
f 353 540 542
f 1694 1693 1553
f 2873 2872 2874
f 1321 1323 1723
f 250 251 237
f 381 383 430
f 1870 1871 1866
f 1919 1915 1925
f 490 775 774
f 2422 2417 2418
f 96 116 117
f 2767 2751 2765
f 85 102 83
f 813 1217 1218
f 2381 2271 2274
f 2702 2947 2944
f 2707 2841 2836
f 1053 1052 1008
f 2225 2591 2589
f 2511 2516 2216
f 266 3334 3327
f 330 508 513
f 246 281 67
f 722 724 687
f 926 1235 935
f 1870 1825 1871
f 1343 1389 1386
f 552 551 508
f 1535 1538 1708
f 2366 2311 2310
f 1043 1039 998
f 1457 1393 1458
f 875 881 798
f 1460 1459 1463
f 1540 1710 1544
f 336 741 740
f 330 531 352
f 854 904 905
f 3202 3201 3203
f 2427 2432 2428
f 1634 1632 1633
f 69 70 223
f 1379 1290 1390
f 3007 2962 2963
f 350 585 589
f 2629 2586 2587
f 746 747 697
f 1156 1190 1157
f 256 259 268
f 1782 1832 1833
f 2230 2474 2214
f 357 388 391
f 2726 2773 2827
f 345 744 745
f 1284 1535 1538
f 1400 1398 1399
f 102 119 101
f 1900 1906 1905
f 1425 1485 1421
f 1998 2002 1742
f 1269 1575 1570
f 2158 2157 2119
f 280 279 273
f 128 136 125
f 1342 1339 1338
f 1999 1995 1992
f 885 873 883
f 2518 2519 2513
f 2013 1966 1969
f 420 424 318
f 1266 1407 1409
f 488 484 355
f 1437 1436 1375
f 986 930 931
f 977 982 983
f 1733 1832 1830
f 1199 806 1200
f 2657 2485 2649
f 1234 947 951
f 2700 3001 2997
f 353 506 516
f 514 352 515
f 1520 1518 1271
f 2191 1250 2195
f 3350 3351 3352
f 693 694 695
f 880 879 881
f 3301 279 3300
f 611 610 612
f 1916 1915 1919
f 100 118 93
f 2617 2602 2505
f 115 94 92
f 496 493 494
f 518 464 461
f 2421 2420 2422
f 733 646 340
f 282 118 100
f 2295 2293 2241
f 2853 2812 2854
f 2229 2504 2493
f 3136 3139 3137
f 2451 2450 2494
f 1290 1416 1413
f 1773 1775 1776
f 2537 2536 2504
f 185 206 205
f 366 367 365
f 2573 2574 2621
f 2300 2301 2296
f 1150 1211 1209
f 1825 1823 1766
f 1285 1534 1531
f 1289 1391 1393
f 2411 2409 2403
f 9 85 82
f 734 731 653
f 653 651 652
f 1937 1935 1936
f 1842 1793 1900
f 2461 2466 2462
f 2069 2076 2078
f 2555 2556 2543
f 159 196 197
f 812 1172 1130
f 2417 2415 2416
f 2673 3127 1728
f 1027 1074 1072
f 1162 1159 1158
f 1553 1552 1554
f 331 452 445
f 81 86 9
f 3162 3292 3291
f 358 414 440
f 2518 2474 2473
f 997 945 943
f 2837 2842 2706
f 1171 1169 1170
f 191 188 190
f 2355 2303 2356
f 813 817 818
f 2258 2255 2254
f 981 991 1228
f 918 924 796
f 2454 2450 2448
f 406 402 367
f 892 896 798
f 2868 2856 2862
f 941 940 944
f 1590 1594 1562
f 2328 2205 2211
f 2843 2785 2784
f 2676 1731 2675
f 2213 2518 2229
f 3014 3020 3084
f 7 3 5
f 335 338 341
f 2193 2194 2191
f 1467 1465 1474
f 37 36 22
f 1278 1276 1670
f 347 624 622
f 1768 2185 2186
f 2842 2907 2901
f 728 727 696
f 1531 1536 1534
f 797 982 976
f 2443 2447 2401
f 2826 2723 2724
f 1513 1284 1514
f 347 636 632
f 2389 2390 2206
f 921 982 923
f 1247 1248 1246
f 2470 2466 2465
f 1178 1198 1112
f 2686 2861 2859
f 3008 3103 3069
f 2302 2303 2304
f 2225 2555 2600
f 793 829 833
f 2228 2583 2579
f 1812 1734 1732
f 2859 2863 2868
f 1191 1159 1192
f 1410 1404 1361
f 357 398 397
f 2140 2141 2072
f 3213 3216 3217
f 704 700 705
f 3181 3184 3344
f 1768 1769 1732
f 1825 1870 1850
f 2010 2061 2055
f 1971 1972 1975
f 1178 1131 1179
f 1856 1855 1857
f 2741 2740 2849
f 890 889 837
f 2274 2320 2318
f 233 242 243
f 495 388 389
f 341 339 336
f 854 905 956
f 2009 2014 2010
f 1129 1124 1123
f 2920 2930 2931
f 2875 2877 2876
f 1422 1426 1424
f 974 978 797
f 612 610 335
f 1325 1324 1432
f 3036 3033 3037
f 2678 2763 2761
f 3195 3275 3278
f 621 623 348
f 2579 2608 2583
f 1983 1982 1984
f 2858 2866 2683
f 132 129 128
f 627 630 723
f 330 528 523
f 1733 1826 1828
f 2566 2619 2562
f 2034 2035 2065
f 2724 2725 2726
f 802 797 793
f 2519 2576 2577
f 450 407 448
f 2554 2618 2615
f 1277 1628 1626
f 995 996 997
f 3002 3080 2998
f 2642 2208 2209
f 1834 1836 1764
f 3335 3282 269
f 2707 2850 2845
f 873 883 884
f 3137 3136 3322
f 2707 2853 2850
f 1888 1883 1887
f 2247 2290 2286
f 3236 3241 3232
f 1263 1262 1264
f 1252 315 1291
f 563 568 564
f 1201 1241 1238
f 358 440 414
f 698 697 693
f 1813 1734 1812
f 197 203 196
f 1708 1583 1535
f 2408 2403 2404
f 804 1072 1066
f 462 461 463
f 1197 1219 1171
f 993 997 797
f 2548 2549 2495
f 481 480 483
f 1116 1114 1113
f 599 600 641
f 1468 1397 1467
f 671 670 664
f 2069 2070 2076
f 794 793 795
f 2813 2812 2877
f 1518 1569 1563
f 1048 1093 1189
f 1108 1063 1077
f 3239 3237 3235
f 2831 2827 2778
f 821 986 975
f 1133 1119 1204
f 2055 2057 1754
f 1176 1111 1175
f 797 979 801
f 3172 3175 3304
f 2683 2866 2864
f 1013 1014 1007
f 479 483 356
f 1277 1633 1286
f 1562 1659 1658
f 927 822 928
f 1386 1384 1385
f 3048 3095 3047
f 1379 1395 1349
f 357 376 317
f 3097 3051 2993
f 1973 1931 1974
f 2935 2938 2942
f 2788 2784 2738
f 290 268 270
f 2856 2682 2800
f 2688 2989 2700
f 1751 2107 2103
f 3283 3284 3145
f 845 843 847
f 2516 2606 2569
f 265 254 261
f 849 898 953
f 1319 1317 1318
f 631 638 635
f 2938 2942 2685
f 9 8 11
f 1927 1937 1737
f 157 183 181
f 1925 1915 1923
f 348 626 629
f 107 106 93
f 2461 2408 2404
f 1869 1867 1760
f 1463 1459 1460
f 206 101 218
f 1757 1753 1752
f 1702 1588 1647
f 1802 1762 1805
f 3007 2932 2976
f 2746 2747 2745
f 9 82 81
f 2046 2095 2042
f 962 954 959
f 1132 1203 1133
f 423 422 377
f 2944 2894 2892
f 651 645 652
f 282 261 3199
f 1759 1760 1762
f 1813 1733 1734
f 1310 1312 1314
f 2709 2707 2796
f 895 898 896
f 20 22 21
f 794 880 874
f 917 916 919
f 1171 1170 1197
f 2042 2039 1745
f 812 1158 1155
f 600 598 709
f 1777 1779 1732
f 356 458 459
f 2229 2520 2518
f 474 479 322
f 343 344 345
f 3086 3027 3085
f 1875 1872 1873
f 2559 2509 2561
f 2376 2314 2315
f 1175 1027 1176
f 601 754 552
f 3222 3221 3223
f 2162 1924 1922
f 1474 1465 1471
f 2545 2544 2543
f 2999 2998 3000
f 1277 1554 1598
f 1352 1353 1354
f 278 277 246
f 377 375 378
f 2359 2358 2422
f 353 540 544
f 1732 1737 1744
f 1752 1756 1758
f 3266 1245 3267
f 1902 1905 1906
f 2198 2197 2199
f 2819 2815 2681
f 2311 2363 2309
f 999 1001 997
f 2492 2488 2230
f 2959 2958 2909
f 1312 1356 1306
f 2799 2798 2800
f 1474 1467 1409
f 2118 2114 2116
f 1880 1879 1884
f 1822 1766 1823
f 1273 1269 1272
f 826 897 900
f 1751 2120 2125
f 2039 2042 2091
f 1283 1577 1580
f 793 783 785
f 528 567 519
f 976 982 797
f 1575 1577 1283
f 2802 2815 2681
f 810 1135 1126
f 1767 1970 1965
f 821 822 825
f 363 416 417
f 91 92 9
f 2340 2341 2342
f 2388 2387 2393
f 2583 2524 2585
f 336 731 734
f 946 951 947
f 2953 2957 2701
f 3276 174 3277
f 1447 1448 1449
f 1586 1649 1651
f 333 334 336
f 2393 2387 2388
f 335 604 598
f 85 101 102
f 524 461 522
f 1448 1441 1699
f 1481 1486 1485
f 2928 3105 2926
f 2828 2834 2835
f 1667 1666 1649
f 810 1135 1139
f 2009 1960 1963
f 862 864 861
f 2709 2796 2813
f 174 3194 3195
f 806 804 805
f 996 1000 801
f 956 901 850
f 2013 1966 1971
f 2387 2396 2394
f 2388 2393 2450
f 799 1035 1038
f 1738 1736 1732
f 1102 1103 1098
f 506 516 514
f 559 349 560
f 57 68 66
f 1534 1536 1531
f 2702 2950 2947
f 1086 1045 1090
f 2314 2315 2316
f 1730 11 9
f 2613 2550 2612
f 1007 1009 958
f 1803 1825 1870
f 1755 2018 2014
f 2827 2774 2773
f 1277 1618 1622
f 2877 2873 2916
f 585 586 587
f 2284 2288 2198
f 792 311 789
f 261 253 265
f 1086 1041 1092
f 1937 2181 1873
f 1253 1346 1342
f 2459 2491 2487
f 2602 2633 2632
f 2657 2481 2478
f 595 352 350
f 806 1207 1208
f 369 371 362
f 1428 1427 1432
f 3362 3361 3363
f 518 519 520
f 368 361 465
f 2120 2117 2121
f 2124 2121 2120
f 1544 1590 1589
f 1291 1321 1323
f 1053 1105 1104
f 229 70 225
f 478 481 354
f 2028 2039 2135
f 864 863 885
f 914 915 916
f 404 401 403
f 378 377 376
f 800 802 793
f 862 825 865
f 2734 2838 2735
f 1445 1444 1446
f 270 269 266
f 2532 2492 2504
f 3287 3166 3293
f 1314 1362 1363
f 2931 2962 2874
f 1924 2162 1922
f 530 532 534
f 1410 1361 1411
f 81 84 86
f 519 523 528
f 1593 1594 1589
f 1903 1902 1906
f 483 482 429
f 165 163 169
f 815 1109 1107
f 1432 1436 1435
f 996 1229 1000
f 1136 1208 1207
f 516 548 503
f 26 41 24
f 1932 1934 1933
f 2700 3007 3005
f 461 524 518
f 822 975 928
f 1053 1057 817
f 308 306 307
f 1461 1450 1270
f 813 1215 1216
f 189 198 185
f 703 695 699
f 1680 1637 1578
f 1941 1939 1947
f 1562 1614 1673
f 2672 2674 2673
f 2005 2053 2050
f 1291 1331 1327
f 1220 1126 1177
f 2007 1962 1960
f 2571 2576 2220
f 198 189 184
f 1196 1195 1197
f 2906 2907 2840
f 352 533 531
f 1457 1442 1458
f 2424 2423 2426
f 1051 1055 1100
f 838 887 888
f 1283 1580 1583
f 2048 2104 2106
f 2942 2889 2888
f 2519 2607 2576
f 2838 2782 2735
f 1770 1827 1875
f 112 92 113
f 1591 1592 1585
f 2014 2059 2060
f 3091 3038 3092
f 564 712 609
f 197 201 163
f 717 614 618
f 2794 2799 2681
f 769 539 538
f 2577 2575 2576
f 233 237 238
f 2345 2296 2297
f 1936 1935 1937
f 465 364 419
f 3337 3282 3335
f 2471 2469 2654
f 1120 1113 808
f 646 645 644
f 799 1022 1020
f 1884 1879 1880
f 3028 3029 3015
f 2340 2344 2345
f 3095 3048 2990
f 2265 2262 2237
f 20 21 22
f 1288 1489 1494
f 2306 2307 2302
f 2382 2377 2236
f 66 67 68
f 1764 1766 1822
f 2981 2984 2988
f 1413 1415 1418
f 564 615 568
f 169 172 185
f 155 171 173
f 1303 1304 1346
f 3206 3208 3204
f 1386 1385 1384
f 980 926 921
f 3314 3275 193
f 1029 1030 1031
f 1892 1837 1788
f 1781 1782 1779
f 814 1112 1198
f 2629 2630 2650
f 3195 3194 174
f 1273 1264 1262
f 2470 2417 2416
f 1258 1413 1406
f 822 951 947
f 489 535 485
f 372 375 370
f 2885 2886 2887
f 1225 1186 1091
f 151 166 167
f 2850 2845 2849
f 2753 2752 2677
f 2985 2990 2986
f 1273 1275 1276
f 1247 1251 1249
f 325 409 407
f 804 1090 816
f 681 684 743
f 1543 1717 1497
f 2027 2039 2028
f 653 654 644
f 694 696 351
f 1024 1028 1026
f 2275 2274 2271
f 2708 2751 2748
f 2382 2383 2377
f 3098 3099 2697
f 1437 1436 1432
f 802 934 921
f 986 930 988
f 2855 2813 2811
f 2299 2297 2345
f 981 991 801
f 1756 1755 1986
f 42 43 24
f 823 822 927
f 2197 1250 2237
f 2235 2361 2365
f 2759 2760 2678
f 1757 2115 2117
f 907 906 859
f 1168 1160 1164
f 2378 2444 2372
f 1660 1605 1661
f 1934 1914 1933
f 697 694 693
f 955 954 956
f 1088 1087 1089
f 1287 1488 1493
f 2684 2764 2758
f 693 695 344
f 3154 3316 3325
f 1651 1646 1648
f 1171 1168 1164
f 2244 2298 2245
f 519 563 521
f 1534 1714 1484
f 2866 2870 2864
f 432 430 386
f 269 3336 266
f 3258 782 3257
f 1447 1452 1464
f 812 1117 1130
f 828 911 886
f 1702 1584 1581
f 2757 2758 2759
f 49 70 69
f 2874 2962 2917
f 1414 1417 1289
f 2822 2831 2828
f 1432 1427 1428
f 2134 2091 2135
f 1006 1050 1003
f 3285 3283 3145
f 2214 2474 2230
f 2301 2297 2207
f 400 397 398
f 1261 1345 1343
f 3282 3197 3198
f 86 89 9
f 1816 1815 1817
f 1681 1642 1581
f 273 278 246
f 2818 2770 2769
f 2099 2100 2103
f 844 895 891
f 82 104 83
f 358 438 440
f 1043 1088 1185
f 2478 2429 2428
f 3082 2690 3010
f 531 575 576
f 1633 1636 1286
f 2227 2533 2529
f 2216 2501 2509
f 1829 1778 1883
f 544 545 540
f 1282 1590 1586
f 2407 2344 2343
f 3137 3151 3150
f 1409 1403 1402
f 2966 2965 2971
f 2078 2077 2030
f 347 634 630
f 1852 1823 1766
f 1475 1409 1407
f 325 427 423
f 573 618 568
f 720 722 683
f 653 652 651
f 1282 1586 1588
f 926 935 796
f 1802 1801 1762
f 303 295 302
f 565 563 326
f 369 362 317
f 1606 1605 1552
f 2211 2205 2206
f 1340 1252 1337
f 1314 1362 1310
f 1764 1836 1839
f 1292 1395 1394
f 2855 2852 2849
f 536 539 769
f 824 931 913
f 783 1728 784
f 2765 2766 2767
f 2595 2596 2600
f 3017 2696 2695
f 3327 3329 3334
f 47 61 62
f 1043 1086 1088
f 530 533 531
f 2729 2726 2725
f 1736 1741 1732
f 2233 2234 2235
f 980 992 1233
f 1354 1346 1253
f 1399 1397 1266
f 2716 2717 2714
f 2683 2891 2885
f 266 269 285
f 3025 3026 3027
f 1312 1361 1410
f 1275 1625 1627
f 2106 2152 2150
f 261 274 3199
f 207 3288 3287
f 24 43 23
f 1671 1726 1725
f 2208 2455 2450
f 1350 1349 1351
f 38 35 36
f 793 843 825
f 1565 1563 1269
f 1854 1862 1741
f 1252 1309 1308
f 3064 3065 3061
f 204 40 229
f 86 100 93
f 494 492 354
f 2600 2595 2225
f 2354 2305 2303
f 384 387 777
f 3312 3311 3314
f 1047 1051 1048
f 228 227 226
f 1051 1096 1048
f 2976 2978 2974
f 2336 2335 2323
f 2750 2748 2751
f 344 648 351
f 1656 1654 1648
f 1753 2033 2035
f 203 3284 207
f 1517 1463 1460
f 276 278 273
f 580 581 577
f 1335 1350 1351
f 2704 2904 2899
f 2969 2925 2926
f 2824 2823 2825
f 1566 1564 1272
f 2208 2455 2463
f 3020 3018 3019
f 2700 2698 2974
f 1515 1548 1547
f 266 3334 3331
f 1291 1289 1290
f 2686 2867 2865
f 180 187 175
f 537 535 532
f 429 428 381
f 1413 1414 1406
f 2048 2168 2051
f 507 510 511
f 2532 2537 2533
f 782 779 307
f 2137 2108 2048
f 336 738 739
f 1331 1327 1291
f 3203 3205 3202
f 2089 2075 2145
f 3293 3166 3289
f 345 751 752
f 2298 2296 2198
f 800 940 942
f 2109 2110 2103
f 1273 1679 1680
f 803 804 806
f 1526 1525 1527
f 567 563 326
f 2008 2055 2057
f 646 654 653
f 1578 1636 1637
f 432 386 385
f 810 1142 1144
f 2849 2852 2855
f 458 454 455
f 1496 1502 1497
f 1002 1003 999
f 1807 1803 1805
f 595 350 559
f 3232 3241 3240
f 2854 2877 2918
f 31 33 27
f 3044 3041 3042
f 360 429 427
f 352 517 550
f 1934 1914 1759
f 970 973 824
f 2685 2927 2925
f 1577 1575 1579
f 1886 1885 1888
f 2590 2592 2228
f 819 1148 810
f 2056 2117 2115
f 2844 2841 2842
f 1760 1914 1867
f 1258 1266 1252
f 1506 1556 1555
f 1956 1957 1952
f 2206 2415 2409
f 2560 2559 2561
f 349 578 576
f 1522 1527 1271
f 1163 1166 1217
f 1755 2014 2018
f 785 784 786
f 2692 3040 3037
f 2521 2648 2524
f 99 97 98
f 2756 2754 2755
f 1398 1397 1399
f 2962 2914 2918
f 352 515 517
f 643 347 346
f 56 59 52
f 1227 1095 1045
f 2801 2795 2760
f 1275 1609 1604
f 218 102 101
f 3298 279 283
f 1824 1808 1822
f 1963 1964 1897
f 3310 3313 3311
f 1554 1690 1661
f 2329 2330 2322
f 2710 2782 2779
f 72 73 225
f 3036 3032 2693
f 2111 2114 1751
f 1291 316 1281
f 339 679 674
f 2577 2576 2575
f 3326 3321 3323
f 849 846 850
f 3044 3093 3043
f 2684 2770 2762
f 2831 2829 2894
f 802 947 941
f 1895 1892 1840
f 461 518 463
f 1075 1076 1077
f 1287 1477 1264
f 522 523 518
f 2385 2389 2206
f 2585 2524 2583
f 2377 2383 2378
f 2456 2455 2463
f 2241 2239 2237
f 344 351 345
f 652 707 709
f 2236 2335 2337
f 2063 2064 2059
f 2300 2296 2198
f 2664 2375 2376
f 5 6 7
f 51 49 48
f 142 124 126
f 353 538 542
f 1432 1436 1437
f 778 404 319
f 60 59 56
f 1030 1032 1080
f 2203 2327 2325
f 1125 1134 808
f 277 275 273
f 2225 2578 2575
f 2851 2852 2855
f 2495 2635 2497
f 2168 2048 2051
f 2834 2835 2831
f 2582 2583 2586
f 3175 3301 3308
f 1122 1120 1121
f 1575 1576 1570
f 1281 1602 1603
f 2066 2064 2060
f 2102 2097 2099
f 863 931 886
f 2265 2665 2266
f 3226 3228 3224
f 2734 2736 2739
f 1527 1525 1704
f 2930 2701 2700
f 155 176 156
f 1988 1986 1756
f 2644 2202 2201
f 2572 2622 2567
f 797 982 980
f 2585 2625 2584
f 195 203 204
f 1742 1984 1978
f 354 506 455
f 891 896 892
f 1293 1364 1362
f 2139 2121 2117
f 1760 1908 1903
f 2225 2582 2586
f 3260 3259 2671
f 37 31 32
f 2381 2384 2382
f 1312 1360 1361
f 2644 2202 2322
f 2466 2462 2214
f 2014 2059 2062
f 2442 2443 2444
f 956 961 962
f 1912 1870 1868
f 1196 1168 1217
f 2927 2921 2923
f 590 729 635
f 326 563 567
f 621 718 576
f 1191 1193 1194
f 151 167 152
f 1146 1143 1144
f 637 586 638
f 2707 2709 2712
f 336 330 326
f 2354 2300 2256
f 193 180 178
f 406 408 404
f 2678 2761 2763
f 407 449 409
f 586 585 541
f 3317 3318 3151
f 816 1108 1106
f 2083 2084 2085
f 725 727 729
f 1870 1871 2167
f 2906 2911 2910
f 2387 2389 2206
f 619 716 717
f 1870 1868 1869
f 3113 3050 3079
f 1570 1527 1530
f 2046 2044 2136
f 1156 1159 819
f 1707 1537 1534
f 1702 1687 1685
f 1682 1687 1684
f 2208 2468 2470
f 2882 2878 2683
f 3146 3150 3147
f 1025 1074 1027
f 531 576 575
f 3076 3033 3077
f 1275 1632 1280
f 2798 2800 2687
f 2698 2993 2996
f 2068 2026 2030
f 2708 2748 2745
f 1707 1491 1539
f 304 263 266
f 2014 2018 2020
f 2215 2214 2640
f 2232 2428 2424
f 2757 2763 2678
f 1462 1451 1264
f 1766 1840 1837
f 285 289 291
f 734 653 658
f 3129 96 3134
f 2903 2905 2703
f 2221 2568 2564
f 1480 1484 1714
f 2106 2153 2109
f 2414 2468 2472
f 2980 2936 2935
f 2883 2879 2686
f 1708 1541 1542
f 2071 1746 1748
f 365 403 401
f 804 1072 1070
f 1977 1983 1739
f 261 274 260
f 1342 1344 1340
f 1378 1257 1345
f 2426 2423 2424
f 2642 2448 2208
f 821 999 797
f 949 948 945
f 378 375 374
f 1777 1770 1769
f 1344 1345 1253
f 1751 1757 1752
f 1070 1081 804
f 2585 2524 2625
f 2055 2060 2056
f 286 136 285
f 1743 2038 2041
f 2649 2485 2486
f 1093 1097 1094
f 3010 2968 2972
f 1031 1032 1062
f 2451 2639 2452
f 2989 3119 2992
f 3331 3334 3329
f 2827 2773 2726
f 1075 1079 1080
f 1700 1378 1386
f 1564 1619 1618
f 483 429 381
f 1243 3272 3273
f 2217 2210 2208
f 815 1103 1107
f 2177 1943 1949
f 2318 2272 2273
f 866 873 863
f 820 1016 1012
f 2642 2448 2450
f 122 127 128
f 334 618 616
f 2004 1953 1954
f 1982 1993 2169
f 1641 1680 1637
f 3336 269 3337
f 1767 1737 1759
f 2547 2552 2554
f 2269 2272 2318
f 518 461 464
f 2228 2227 2226
f 1433 1435 1436
f 531 533 352
f 1032 1030 817
f 1636 1665 1640
f 2784 2786 2739
f 2258 2306 2359
f 2931 2962 2702
f 2086 2128 1751
f 1290 1429 1424
f 2881 2818 2816
f 822 947 802
f 1943 1942 1946
f 2214 2462 2464
f 834 881 924
f 1282 1586 1590
f 1792 1791 1762
f 2712 2793 2768
f 347 630 634
f 644 654 655
f 163 201 197
f 3250 3339 3341
f 1410 1412 1406
f 1284 1532 1530
f 38 35 25
f 230 221 229
f 2885 2891 2683
f 2230 2482 2486
f 2664 2666 2270
f 573 616 618
f 1642 1639 1643
f 1367 1366 1320
f 2140 1746 2141
f 1659 1688 1656
f 2863 2862 2798
f 3128 3270 3271
f 210 190 184
f 2729 2777 2773
f 2806 2719 2720
f 762 725 726
f 655 654 646
f 285 269 136
f 448 449 450
f 378 374 377
f 828 896 798
f 794 880 878
f 3038 3037 2988
f 2239 2318 2314
f 2874 2933 2931
f 1162 1190 1159
f 2216 2519 2514
f 639 590 594
f 601 554 754
f 2942 2886 2940
f 3321 3157 3324
f 1605 1606 1552
f 1185 1145 1210
f 1264 1451 1462
f 2044 2048 1745
f 1751 2120 2116
f 1870 1869 1934
f 2906 2840 2843
f 260 274 261
f 347 348 345
f 2450 2456 2451
f 2906 2902 2903
f 327 322 355
f 28 39 25
f 1157 1151 1155
f 1996 2000 1742
f 516 515 517
f 576 625 621
f 1320 1367 1422
f 144 142 131
f 842 841 891
f 2241 2293 2295
f 2904 2903 2905
f 1741 1860 1862
f 2810 2809 2796
f 1099 1103 1196
f 260 304 261
f 1251 316 1249
f 1008 1231 1012
f 998 1046 1040
f 2101 2150 2151
f 2998 3002 2698
f 652 710 657
f 466 467 460
f 1317 1364 1365
f 349 560 562
f 2225 2591 2595
f 946 947 940
f 1905 1846 1906
f 2345 2297 2296
f 568 573 333
f 2230 2488 2492
f 1997 1998 1999
f 961 852 853
f 350 589 593
f 2275 2277 2276
f 492 547 540
f 2910 2911 2906
f 1743 2025 2023
f 2639 2638 2494
f 268 269 270
f 1143 1147 808
f 2988 2984 2987
f 698 751 746
f 2757 2759 2678
f 108 85 94
f 930 972 822
f 570 575 326
f 1552 1558 1605
f 715 614 717
f 1716 1494 1707
f 1875 1878 1883
f 2922 2928 2689
f 1505 1696 1695
f 1963 1969 1759
f 1926 1925 1860
f 1564 1675 1619
f 281 118 294
f 2858 2859 2860
f 1131 1173 819
f 1245 104 1238
f 799 1023 803
f 712 610 614
f 1642 1581 1640
f 11 94 95
f 1986 1991 1756
f 292 262 293
f 32 31 37
f 1488 1484 1287
f 1025 1036 803
f 999 1004 1002
f 2227 2229 2226
f 1548 1544 1284
f 92 111 93
f 2423 2424 2420
f 1402 1403 1396
f 2227 2531 2527
f 496 488 493
f 2796 2809 2810
f 2015 2016 2009
f 2818 2821 2815
f 3005 3006 3001
f 1272 1554 1552
f 325 425 421
f 3041 3042 3045
f 2708 13 2745
f 3076 2970 2981
f 1891 1892 1888
f 2423 2420 2422
f 204 203 197
f 305 315 312
f 2164 1989 1987
f 2043 2045 2000
f 1302 1725 314
f 1287 1497 1491
f 3337 3181 3349
f 2686 2892 2886
f 1761 1889 1893
f 998 994 997
f 362 464 363
f 2623 2577 2581
f 3075 2977 3074
f 1631 1634 1677
f 327 451 444
f 890 894 798
f 496 435 495
f 2035 2066 1753
f 14 18 16
f 565 557 326
f 1020 1026 799
f 109 120 108
f 887 888 878
f 602 601 552
f 1087 1091 1186
f 352 549 517
f 1401 1404 1405
f 2944 2945 2940
f 562 594 517
f 2800 2862 2856
f 2520 2521 2518
f 246 67 281
f 1981 1992 1739
f 913 1224 884
f 1777 1779 1778
f 317 362 361
f 378 428 426
f 3003 3004 2997
f 1964 1956 1961
f 2019 2017 2013
f 264 263 257
f 331 461 463
f 306 781 307
f 87 11 92
f 336 315 317
f 217 218 230
f 52 56 57
f 2650 2531 2529
f 1866 1871 1852
f 239 252 253
f 535 539 536
f 566 558 333
f 3055 3049 3053
f 519 765 523
f 1121 1114 810
f 1854 1856 1741
f 358 432 436
f 1531 1532 1529
f 2009 2011 1756
f 259 250 242
f 962 1005 956
f 2707 2809 2811
f 2681 2804 2797
f 879 925 881
f 1099 1194 1191
f 2977 3031 3029
f 2701 2957 2953
f 435 500 495
f 1555 1693 1506
f 631 632 633
f 1341 1293 1348
f 158 195 196
f 872 876 794
f 2060 2064 2066
f 2794 2681 2680
f 1288 1442 1289
f 2691 2688 2690
f 2696 3056 3058
f 1559 1560 1561
f 2754 2806 2801
f 2101 2098 2097
f 2890 2825 2823
f 382 386 383
f 2508 2463 2464
f 869 924 870
f 2970 2981 2690
f 528 523 522
f 826 828 883
f 1756 2013 2017
f 1897 1963 1900
f 1356 1357 1352
f 1566 1558 1272
f 2235 2338 2383
f 868 795 793
f 933 934 920
f 764 587 588
f 812 1169 1164
f 1280 1643 1646
f 2568 2569 2570
f 859 855 965
f 373 376 317
f 573 571 620
f 354 478 331
f 1747 2069 2076
f 1290 1392 1438
f 2663 2433 2369
f 1026 1025 1027
f 1981 1992 1994
f 2953 2955 2701
f 3329 3334 3331
f 773 488 774
f 1483 1484 1479
f 1552 1506 1551
f 2113 2155 2154
f 1695 1696 1444
f 3128 2675 96
f 2359 2422 2358
f 1271 1506 1512
f 852 856 857
f 2956 2959 2909
f 273 279 271
f 81 97 99
f 229 228 225
f 616 576 621
f 2032 2037 1989
f 1737 1920 1919
f 2859 2923 2861
f 1303 1343 1386
f 1191 1193 1196
f 1152 1190 1156
f 2819 2824 2681
f 2372 2438 2374
f 959 958 960
f 3058 3056 2696
f 1495 1432 1428
f 2678 2777 2773
f 1120 1114 1121
f 448 449 760
f 2210 2390 2388
f 1015 1017 821
f 1763 1870 1852
f 2083 2081 2082
f 2808 2713 2718
f 1562 1560 1282
f 2969 2926 2925
f 1733 1830 1832
f 2241 2309 2307
f 2470 2465 2461
f 2906 2911 2912
f 462 451 327
f 846 849 953
f 1430 1716 1431
f 2675 3128 3127
f 360 439 435
f 225 73 70
f 2165 2166 1929
f 819 1152 1148
f 2445 2440 2233
f 2681 2802 2804
f 845 895 896
f 2718 2720 2719
f 1543 1545 1539
f 1291 1293 1294
f 686 687 690
f 2708 2736 2737
f 980 981 982
f 546 547 498
f 1543 1548 1544
f 2323 2292 2280
f 990 935 934
f 2321 2319 2241
f 3194 3274 174
f 793 840 839
f 1253 1344 1342
f 281 294 282
f 1007 1011 821
f 885 910 826
f 1663 1628 1573
f 1400 1389 1347
f 336 742 743
f 1284 1544 1540
f 324 518 522
f 1960 2180 2009
f 349 588 584
f 2802 2816 2803
f 554 599 334
f 354 485 481
f 3335 3337 3328
f 2027 2038 1743
f 2687 2683 2677
f 2871 2872 2873
f 1168 1218 1217
f 1329 1327 1330
f 2426 2430 2429
f 2232 2424 2428
f 2704 2891 2683
f 2013 2016 2009
f 1270 1469 1471
f 1434 1499 1437
f 1708 1585 1587
f 339 651 656
f 3135 3133 2713
f 2323 2292 2293
f 360 415 441
f 317 369 362
f 406 411 407
f 759 505 324
f 3044 3042 3041
f 2684 2764 2762
f 34 41 26
f 1919 1925 1737
f 2520 2524 2521
f 358 430 432
f 254 263 265
f 2072 1747 2069
f 122 125 128
f 571 576 333
f 2675 1731 1730
f 2947 2948 2944
f 3101 3069 3102
f 2835 2832 2833
f 137 138 231
f 1532 1582 1577
f 1530 1705 1532
f 1506 1508 1692
f 1900 1793 1792
f 1767 1758 1928
f 2946 2886 2944
f 2198 2290 2286
f 230 221 218
f 2677 2728 2708
f 2631 2626 2588
f 2085 2084 2083
f 2585 2588 2625
f 1947 1882 1946
f 535 538 770
f 1213 1153 1189
f 2043 2044 2045
f 1199 1202 806
f 1614 1602 1672
f 341 680 351
f 2701 2963 2961
f 1253 1362 1358
f 159 160 197
f 3021 3026 3027
f 643 606 347
f 864 910 911
f 679 684 685
f 552 508 551
f 2214 2462 2466
f 292 293 303
f 1293 1374 1370
f 64 66 57
f 1385 1384 1343
f 1784 1781 1780
f 1573 1571 1663
f 2046 2042 2000
f 224 223 221
f 2461 2467 2465
f 228 40 41
f 1907 1902 1906
f 126 124 123
f 1414 1478 1407
f 961 853 852
f 1760 1911 1908
f 512 507 452
f 1410 1411 1412
f 1518 1522 1527
f 517 561 562
f 1269 1553 1551
f 33 31 27
f 2023 2024 2025
f 69 223 70
f 107 93 106
f 1720 1723 1326
f 2599 2596 2595
f 1746 2142 2148
f 3107 2932 3108
f 1868 1910 1761
f 23 27 22
f 246 245 247
f 448 442 449
f 2126 2129 1757
f 3335 3282 3337
f 2267 2269 2270
f 2258 2261 2308
f 1783 1785 1888
f 263 257 254
f 662 664 339
f 2563 2559 2558
f 1671 1674 1273
f 2885 2892 2886
f 353 544 548
f 816 1102 1106
f 1293 1350 1376
f 2691 3097 2697
f 917 797 802
f 123 126 127
f 1737 1937 1941
f 2650 2592 2590
f 1101 1099 1191
f 2908 2914 2909
f 1730 3132 2675
f 2826 2724 2727
f 2005 2173 2002
f 3317 3318 3316
f 1157 1214 1213
f 1051 1054 1055
f 408 407 409
f 3331 3335 266
f 598 604 710
f 1444 1443 1447
f 1551 1552 1553
f 643 346 648
f 1875 1878 1872
f 1402 1408 1258
f 132 131 141
f 561 559 350
f 436 434 358
f 956 962 961
f 124 137 138
f 360 441 415
f 241 255 256
f 345 743 744
f 1526 1474 1472
f 1743 2029 2023
f 1063 1106 1061
f 463 518 520
f 995 941 1001
f 1568 1573 1272
f 829 882 835
f 1841 1843 1794
f 253 3282 3281
f 2783 2835 2780
f 455 454 458
f 1708 1587 1702
f 603 604 597
f 2803 2880 2870
f 1057 1056 1012
f 758 553 326
f 2449 2398 2232
f 1762 1789 1786
f 154 155 153
f 1490 1491 1492
f 2393 2391 2392
f 3132 3130 96
f 1039 1038 998
f 1315 1317 1419
f 1982 1993 1742
f 380 381 378
f 1646 1648 1280
f 2131 2030 2028
f 664 665 668
f 1912 1909 1906
f 745 750 747
f 2197 2210 2217
f 806 808 809
f 1925 1863 1862
f 541 771 545
f 50 65 61
f 960 1005 962
f 1477 1476 1478
f 846 953 849
f 3013 2694 3014
f 3235 3237 3234
f 2009 2179 2013
f 977 979 801
f 2730 2777 2831
f 2939 2943 2689
f 2218 2219 2220
f 2405 2404 2406
f 753 641 338
f 2265 2267 2666
f 2046 2101 2151
f 2862 2863 2858
f 360 429 431
f 2692 2693 2691
f 2992 2951 2995
f 351 648 660
f 2237 2267 2265
f 872 870 871
f 1567 1563 1269
f 1485 1483 1484
f 1981 1927 1922
f 325 425 423
f 2700 3001 3005
f 2612 2217 2613
f 570 571 572
f 1194 1193 1191
f 440 441 438
f 1563 1568 1564
f 1282 1584 1588
f 1823 1822 1808
f 210 186 217
f 581 626 724
f 2669 2671 2670
f 990 934 935
f 1498 1499 1500
f 2206 2415 2413
f 2997 3004 3001
f 1562 1594 1590
f 2256 2255 2302
f 2558 2560 2221
f 131 126 142
f 2120 2121 2125
f 679 682 344
f 443 458 356
f 804 1088 1084
f 1757 2129 2087
f 2455 2456 2450
f 2086 2073 1751
f 2972 3012 3010
f 2326 2325 2331
f 552 554 601
f 1625 1626 1627
f 578 621 625
f 317 366 361
f 1717 1718 1497
f 1019 801 979
f 2239 2316 2312
f 1293 1376 1350
f 2690 2972 2966
f 1386 1301 1303
f 757 553 758
f 2314 2270 2269
f 1746 2152 2154
f 2417 2353 2418
f 1048 1096 1093
f 744 724 689
f 1532 1577 1530
f 3296 3298 3297
f 3059 3057 2699
f 2843 2737 2738
f 211 40 204
f 2102 2150 2101
f 2004 1954 1953
f 2325 2334 2332
f 1754 2053 2050
f 16 15 17
f 2554 2552 2553
f 1415 1410 1412
f 2693 2692 3011
f 2699 3071 3029
f 1248 1246 1249
f 2877 2857 2873
f 838 878 832
f 473 467 466
f 1736 1856 1741
f 1518 1522 1703
f 2485 2484 2486
f 1685 1643 1644
f 834 835 878
f 2142 1730 9
f 2472 2473 2470
f 1953 1952 1954
f 1253 1352 1354
f 1347 1389 1343
f 666 739 738
f 2364 2365 2360
f 2692 3024 3022
f 354 455 457
f 1038 1042 799
f 2668 2671 2669
f 595 559 352
f 418 416 318
f 877 796 798
f 635 636 631
f 1291 1331 1333
f 1293 1364 1366
f 1742 1984 1982
f 2220 2576 2228
f 2545 2557 2543
f 965 966 967
f 142 124 143
f 2324 2236 2335
f 1330 1376 1374
f 2473 2422 2421
f 1539 1718 1717
f 2401 2447 2443
f 127 126 123
f 613 609 334
f 896 895 845
f 2449 2231 2457
f 2615 2549 2554
f 431 430 386
f 1096 1100 816
f 2971 2926 2969
f 1484 1483 1485
f 1617 1616 1618
f 1431 1373 1371
f 1788 1786 1789
f 2880 2881 3123
f 1295 1349 1351
f 799 1026 1024
f 2727 2775 2826
f 1813 1811 1812
f 1928 1929 1930
f 1597 1598 1604
f 2689 2928 2922
f 3295 3169 3290
f 375 374 422
f 245 243 242
f 3115 3114 2998
f 2354 2348 2301
f 2662 2663 2664
f 45 37 46
f 182 181 154
f 2347 2341 2211
f 774 495 496
f 2795 2759 2760
f 773 538 489
f 1175 1111 1069
f 3150 3154 3137
f 223 205 221
f 1111 807 805
f 1554 1661 1690
f 334 600 335
f 170 168 153
f 3178 3307 3306
f 1112 815 814
f 821 1009 1005
f 1853 1861 1736
f 2708 1727 1250
f 764 584 763
f 1396 1398 1400
f 1531 1535 1532
f 1211 1150 1186
f 1421 1485 1422
f 2381 2318 2274
f 826 906 902
f 141 131 132
f 267 269 266
f 1577 1581 1578
f 779 780 307
f 2315 2379 2376
f 1755 2005 2002
f 1325 1328 1374
f 822 955 951
f 1840 1839 1790
f 2989 2992 2700
f 2681 2828 2822
f 1214 1157 1190
f 2240 2285 2237
f 2080 2085 2030
f 2587 2583 2228
f 2318 2273 2274
f 302 296 298
f 2004 2005 2001
f 3220 3228 3221
f 225 73 72
f 1988 1990 1986
f 1517 1460 1463
f 485 532 481
f 404 318 319
f 2235 2361 2358
f 1311 1312 1310
f 903 902 853
f 84 100 86
f 449 450 442
f 567 572 326
f 528 522 527
f 96 106 84
f 448 365 367
f 1908 1909 1912
f 475 468 425
f 2595 2592 2596
f 2997 2998 2999
f 593 589 350
f 71 72 73
f 1732 1727 783
f 2616 2545 2546
f 2845 2847 2848
f 1057 1102 1196
f 2828 2833 2829
f 465 464 322
f 3066 3101 3002
f 2980 2936 2939
f 2809 2810 2811
f 2002 2000 2171
f 3022 3027 2972
f 799 1044 1040
f 1785 1834 1835
f 2988 3078 3042
f 2988 3111 2990
f 2296 2301 2297
f 986 975 821
f 1646 1647 1648
f 2387 2395 2388
f 2413 2422 2420
f 958 1007 961
f 710 709 598
f 2290 2291 2286
f 821 1015 1011
f 997 994 993
f 71 60 76
f 317 372 369
f 1762 1791 1792
f 574 570 572
f 1068 1069 804
f 906 909 907
f 2413 2415 2417
f 521 557 508
f 801 983 977
f 1381 1448 1383
f 1845 1846 1841
f 3001 3004 2997
f 1277 1626 1628
f 1249 316 314
f 1834 1837 1835
f 2733 2735 2782
f 3010 2690 2968
f 987 1033 1031
f 1280 1657 1612
f 3272 1244 3273
f 318 317 319
f 559 561 517
f 1798 1797 1793
f 1044 1045 1040
f 947 951 822
f 1437 1330 1375
f 2142 2143 2085
f 78 64 76
f 122 134 135
f 1865 1819 1773
f 2687 2805 2803
f 1090 1093 816
f 527 529 525
f 2051 2108 2109
f 1281 1688 1689
f 2697 3088 3017
f 3252 3250 3251
f 1201 1202 1129
f 722 720 724
f 1331 1330 1327
f 1454 1453 1458
f 2007 2011 2008
f 1527 1567 1518
f 2214 2469 2471
f 1963 1968 1967
f 2794 2680 2795
f 1628 1576 1633
f 912 796 877
f 2206 2210 2197
f 2138 2121 2139
f 206 218 101
f 260 263 265
f 1297 1302 1252
f 2990 3113 3046
f 3023 3032 2693
f 1755 2020 1989
f 1269 1557 1551
f 3133 3127 2713
f 1632 1638 1634
f 940 941 942
f 1173 1174 1197
f 404 403 402
f 2765 2712 2766
f 2208 2473 2231
f 2693 3023 3021
f 2843 2785 2847
f 1467 1397 1403
f 3304 3175 3308
f 1415 1414 1478
f 1744 1740 1732
f 2377 2380 2381
f 952 1236 898
f 1557 1558 1551
f 2001 2004 1756
f 2750 2751 2749
f 129 127 131
f 944 894 892
f 2903 2902 2906
f 2207 2291 2287
f 466 460 327
f 2707 2832 2828
f 1003 1047 1049
f 2163 1989 2164
f 3199 261 282
f 826 897 895
f 2539 2505 2503
f 956 953 901
f 1283 1577 1575
f 958 964 822
f 1422 1720 1426
f 1253 1345 1261
f 876 877 794
f 351 700 705
f 1887 1831 1888
f 1755 2008 2005
f 1778 1828 1770
f 2940 2944 2685
f 1758 1953 1949
f 1281 1251 1273
f 259 252 250
f 2697 3017 2695
f 676 669 673
f 2532 2533 2528
f 2231 2230 2457
f 411 453 407
f 1284 1542 1538
f 2520 2476 2656
f 2919 2923 2685
f 1443 1444 1445
f 2100 2104 1749
f 3187 3190 3328
f 1505 1507 1262
f 326 572 567
f 1793 1794 1791
f 2371 2372 2373
f 850 846 848
f 2727 2726 2773
f 718 622 621
f 1984 2161 1982
f 1941 1947 1737
f 1198 1179 1112
f 127 123 122
f 345 746 751
f 156 176 174
f 2019 1974 1931
f 2274 2271 2381
f 1858 1857 1815
f 1505 1446 1696
f 3194 198 3196
f 1146 1145 1141
f 3118 2945 2989
f 1605 1598 1277
f 327 470 472
f 2221 2552 2558
f 2358 2357 2359
f 815 1094 1091
f 2241 2295 2321
f 3014 3084 3013
f 356 483 486
f 1752 1755 1756
f 2136 2048 2100
f 76 75 71
f 2013 2179 1966
f 2331 2329 2330
f 2446 2441 2232
f 23 26 27
f 396 440 438
f 57 52 53
f 321 322 760
f 348 605 607
f 2236 2368 2373
f 3278 3275 3195
f 1586 1667 1649
f 2318 2321 2319
f 2430 2426 2365
f 2818 2817 2808
f 950 955 951
f 2970 3025 3085
f 106 117 116
f 852 851 825
f 107 97 81
f 324 530 525
f 1462 1460 1264
f 3162 3163 3161
f 1741 1882 1880
f 2707 2828 2681
f 3145 3287 3163
f 57 56 64
f 957 959 823
f 2594 2597 2627
f 874 880 794
f 783 784 785
f 3363 3360 3362
f 185 205 206
f 2418 2417 2419
f 2124 2127 2159
f 2883 2888 2686
f 804 1081 1070
f 826 895 794
f 1885 1886 1879
f 1963 1959 1960
f 1544 1593 1589
f 127 129 128
f 601 602 599
f 2711 2710 2751
f 3163 3162 3290
f 71 69 72
f 1758 1966 1971
f 679 675 680
f 843 845 949
f 2081 2093 2083
f 1286 1647 1644
f 1842 1841 1793
f 2997 3004 3003
f 867 873 866
f 794 877 798
f 2525 2523 2520
f 1310 1358 1359
f 3249 3254 3255
f 804 1088 1086
f 1429 1428 1430
f 3023 3024 3032
f 2838 2836 2832
f 1602 1614 1600
f 949 945 948
f 2637 2220 2219
f 993 934 938
f 426 427 422
f 1654 1655 1651
f 2133 2035 2132
f 3304 3193 3175
f 1149 1209 1146
f 1245 3266 104
f 858 861 825
f 1967 1968 1963
f 2931 2874 2877
f 748 690 691
f 2225 2228 2226
f 1430 1428 1289
f 2880 2881 2870
f 2677 2714 2722
f 2683 2891 2704
f 1716 1495 1494
f 331 461 467
f 1113 1122 1116
f 2799 2800 2681
f 2895 2896 2891
f 2681 2815 2802
f 949 1236 952
f 1186 1148 1150
f 2820 2816 2687
f 2177 1949 2001
f 1757 2104 1749
f 2197 2281 2246
f 401 319 317
f 2702 2944 2685
f 1355 1353 1261
f 2230 2479 2476
f 812 819 813
f 24 26 23
f 1463 1467 1468
f 1764 1845 1841
f 1702 1701 1708
f 516 506 514
f 2803 2816 2687
f 348 639 607
f 973 968 971
f 1730 3129 3131
f 2998 3000 2698
f 1253 1352 1356
f 516 457 514
f 2170 2038 2040
f 1374 1375 1370
f 1993 2170 1982
f 2241 2321 2295
f 367 448 407
f 965 859 907
f 2372 2444 2439
f 2686 2865 2867
f 86 114 89
f 965 963 964
f 326 575 570
f 741 739 671
f 2001 2178 2004
f 1426 1720 1422
f 2371 2375 2376
f 802 941 943
f 2767 2792 2710
f 3112 2990 2993
f 794 893 889
f 716 675 717
f 1289 1434 1439
f 67 296 297
f 3268 96 3269
f 2236 2364 2360
f 1732 1774 1810
f 1526 1472 1712
f 2449 2457 2398
f 718 680 681
f 2054 2057 2058
f 48 74 76
f 790 791 792
f 823 968 963
f 551 558 552
f 815 1097 1094
f 254 253 252
f 1565 1557 1269
f 1057 1061 1063
f 467 473 331
f 2792 2768 2793
f 821 1009 1007
f 72 212 69
f 825 826 827
f 1577 1578 1575
f 2192 2193 2191
f 1148 1152 819
f 2450 2453 2454
f 1249 5 1246
f 1564 1662 1618
f 1940 1939 1941
f 2585 2582 2583
f 2675 3132 96
f 2154 2109 2051
f 1969 1968 1963
f 717 618 573
f 2241 2309 2311
f 3013 3084 2691
f 2214 2456 2451
f 2685 2925 2927
f 973 971 972
f 2685 2944 2940
f 1183 1182 1085
f 2322 2203 2202
f 2262 2265 2266
f 3237 3232 3234
f 1800 1801 1912
f 27 33 26
f 967 907 965
f 1473 1469 1470
f 808 1125 1123
f 18 14 19
f 324 507 512
f 383 386 430
f 1098 1103 1099
f 1757 2115 2112
f 812 1172 1169
f 553 554 326
f 1578 1665 1581
f 53 68 67
f 2927 2919 2923
f 2642 2208 2448
f 2831 2894 2829
f 1543 1497 1502
f 3302 283 3303
f 2275 2271 2237
f 3249 3252 3251
f 2624 2580 2521
f 2462 2466 2653
f 1072 1071 1073
f 2804 2808 2802
f 2840 2907 2842
f 2901 2907 2906
f 213 138 137
f 2221 2568 2570
f 1051 1100 1190
f 2343 2341 2211
f 2918 2877 2916
f 641 708 645
f 2623 2577 2519
f 2931 2933 2920
f 532 537 535
f 909 970 907
f 1603 1602 1672
f 1815 1821 1738
f 187 188 180
f 180 188 191
f 2984 2983 2987
f 818 1029 1031
f 1900 1842 1904
f 2822 2823 2824
f 2483 2435 2439
f 1613 1601 1286
f 2325 2333 2326
f 1534 1485 1484
f 1495 1500 1498
f 370 371 369
f 348 633 629
f 2236 2377 2382
f 443 458 413
f 1740 1945 1943
f 2443 2447 2440
f 1756 2004 2001
f 2872 2871 2857
f 1761 1898 1893
f 34 33 31
f 1176 1129 1202
f 1283 1559 1561
f 663 657 341
f 2417 2353 2354
f 266 269 267
f 2231 2485 2481
f 1616 1620 1566
f 1515 1454 1504
f 2826 2776 2774
f 1133 1131 1130
f 1896 1902 1761
f 2532 2660 2488
f 1589 1594 1590
f 1764 1836 1834
f 2808 2802 2803
f 417 469 464
f 3252 3250 3253
f 734 314 780
f 3297 3301 3303
f 840 842 839
f 290 270 289
f 2699 3016 3029
f 1597 1608 1599
f 797 980 982
f 1615 1609 1275
f 797 999 995
f 706 751 703
f 828 898 901
f 1599 1606 1668
f 1282 1590 1594
f 1963 1968 1969
f 2504 2492 2459
f 3052 3096 3048
f 367 407 448
f 2851 2912 2846
f 425 375 475
f 1820 1819 1821
f 1754 2032 1755
f 863 873 885
f 1349 1394 1351
f 1749 2068 2070
f 1665 1581 1640
f 548 549 544
f 2876 2812 2810
f 2577 2570 2575
f 878 879 880
f 3327 3334 266
f 2677 2728 2725
f 1303 1339 1340
f 2573 2621 2572
f 2713 3129 1730
f 2545 2543 2544
f 836 830 793
f 1690 1272 1554
f 2110 2109 2153
f 2353 2411 2347
f 508 556 757
f 821 975 822
f 1841 1842 1843
f 1744 1918 1740
f 2248 2246 7
f 2877 2875 2876
f 1030 1075 1080
f 172 155 171
f 1067 1069 805
f 826 904 900
f 1570 1575 1269
f 2960 2956 2914
f 322 453 465
f 212 226 225
f 3024 3073 3022
f 1337 1301 1303
f 1258 1380 1387
f 1040 1041 1042
f 1291 1296 1288
f 2302 2307 2303
f 960 1009 1005
f 110 108 92
f 2640 2214 2452
f 502 503 497
f 678 676 672
f 2192 2196 2194
f 2907 2906 2904
f 2247 2284 2281
f 3009 2967 2688
f 3067 3063 3068
f 2076 2070 2077
f 541 591 592
f 376 377 373
f 2145 2146 2089
f 1281 1680 1681
f 3013 2691 2694
f 2249 2243 2197
f 2221 2552 2547
f 1007 1009 821
f 1160 1159 1161
f 3095 2990 3048
f 1736 1872 1876
f 1883 1878 1829
f 806 315 783
f 1742 2000 1996
f 1814 1812 1811
f 1991 1988 1756
f 2113 2154 2109
f 485 535 486
f 2238 2236 2324
f 1756 2019 1988
f 68 67 246
f 508 513 521
f 2284 2282 2283
f 2562 2561 2560
f 810 1142 1139
f 1743 2029 2027
f 2233 2440 2445
f 184 198 185
f 2971 2965 2967
f 1728 15 2185
f 736 706 711
f 2637 2636 2541
f 2013 2014 2009
f 2844 2901 2838
f 799 1042 1038
f 2795 2760 2759
f 2600 2602 2599
f 2693 3041 3039
f 2494 2641 2452
f 2482 2479 2230
f 1698 1697 1446
f 2383 2382 2384
f 1578 1665 1636
f 2772 2776 2684
f 924 919 912
f 193 3315 190
f 2835 2838 2832
f 2505 2557 2617
f 3104 2972 2970
f 1285 1515 1504
f 1683 1650 1651
f 1066 1068 804
f 576 573 571
f 852 855 825
f 1088 1089 1185
f 158 196 159
f 1308 1309 1310
f 2344 2342 2343
f 1198 1032 1077
f 2331 2322 2329
f 2788 2789 2784
f 3055 3098 3097
f 2103 2100 2104
f 1716 1489 1719
f 2648 2521 2524
f 150 160 159
f 1856 1737 1741
f 1758 1966 1960
f 324 527 522
f 137 194 209
f 3054 2996 3055
f 1261 1343 1347
f 2622 2620 2567
f 2383 2447 2378
f 2198 2288 2286
f 2095 2091 1749
f 2734 2736 2708
f 1756 2007 2004
f 1179 1198 1112
f 1620 1616 1615
f 2879 2878 2881
f 342 340 733
f 1506 1551 1556
f 720 683 684
f 1588 1586 1282
f 1754 1753 2032
f 1071 1082 1182
f 3301 3178 3303
f 2226 1251 2196
f 2923 2922 2924
f 2865 2879 2686
f 1516 1514 1284
f 803 1036 1039
f 1720 1722 1723
f 2124 2120 2121
f 225 226 212
f 980 984 921
f 1172 1173 1130
f 162 163 165
f 891 895 794
f 2473 2474 2468
f 2813 2814 3109
f 646 340 339
f 2063 2065 1754
f 949 952 953
f 2813 2767 2768
f 3060 2996 3057
f 2529 2592 2650
f 2211 2328 2326
f 1762 783 315
f 2047 2048 2043
f 1823 1871 1825
f 1852 1871 1870
f 2269 2314 2376
f 317 366 365
f 794 878 880
f 2702 2931 2920
f 1732 1779 1780
f 2690 2972 2970
f 2377 2371 2376
f 2223 2222 2614
f 22 25 28
f 141 140 132
f 1619 1676 1675
f 853 854 852
f 2405 2394 2206
f 2931 2920 2702
f 351 696 694
f 2808 2807 2764
f 2529 2651 2533
f 334 603 611
f 1738 1827 1819
f 2599 2596 2533
f 1761 1907 1902
f 2450 2454 2453
f 1849 1825 1850
f 1479 1480 1476
f 2155 2054 2118
f 2585 2583 2582
f 1699 1441 1260
f 230 218 221
f 2198 2306 2302
f 1758 1974 1931
f 2737 2743 2738
f 2881 3123 2816
f 2263 2262 2264
f 2617 2616 2226
f 26 41 34
f 2263 2264 2310
f 1674 1671 1611
f 1072 1073 1176
f 1289 1434 1428
f 754 554 333
f 1121 1175 1176
f 1552 1668 1606
f 2132 2033 2074
f 2446 2447 2401
f 812 1155 1151
f 1432 1324 1325
f 2284 2197 2281
f 453 451 465
f 1465 1459 1270
f 3256 782 3258
f 2244 2296 2345
f 2915 2912 2851
f 678 674 681
f 2855 2853 2854
f 2110 2153 2106
f 930 929 931
f 3293 3169 3287
f 242 250 248
f 2691 3093 3095
f 64 56 57
f 1888 1951 1886
f 2729 2727 2730
f 2879 2935 2865
f 235 244 245
f 459 456 457
f 2988 3042 3040
f 634 632 347
f 1861 1865 1859
f 220 222 221
f 1174 1172 1130
f 1291 315 316
f 1958 1964 1963
f 164 162 165
f 3120 2992 2994
f 516 514 353
f 794 893 891
f 1258 1382 1380
f 1237 1242 786
f 935 1235 888
f 229 221 70
f 261 281 282
f 2689 2928 2926
f 2644 2322 2331
f 1429 1427 1290
f 1721 1369 1368
f 2338 2336 2235
f 566 611 713
f 351 683 687
f 2683 2686 2677
f 1519 1517 1262
f 1751 2114 2116
f 2881 2816 2884
f 3072 3071 3070
f 2421 2424 2232
f 1566 1558 1520
f 1469 1477 1470
f 1879 1880 1881
f 2441 2440 2443
f 1753 2060 2056
f 2408 2345 2341
f 195 158 159
f 1530 1579 1575
f 2233 2427 2423
f 393 388 391
f 1758 1957 1953
f 541 585 586
f 803 1023 1021
f 2049 2000 2002
f 1139 1135 810
f 245 273 246
f 355 480 477
f 2756 2759 2678
f 1181 1135 1126
f 544 548 516
f 1021 1023 803
f 3316 3275 3314
f 872 868 871
f 1417 1416 1419
f 2849 2740 2741
f 2232 2424 2421
f 197 203 195
f 2226 2632 2633
f 2237 2277 2275
f 2707 2845 2850
f 1390 1289 1391
f 590 589 545
f 283 273 284
f 533 536 768
f 1639 1636 1640
f 689 724 687
f 3220 3221 3222
f 157 179 156
f 3353 3354 3355
f 2828 2829 2822
f 688 684 682
f 1368 1366 1320
f 1865 1859 1860
f 2721 2718 2761
f 2491 2492 2487
f 1292 1290 1379
f 3203 3206 3207
f 1719 1489 1425
f 324 530 353
f 2232 2428 2432
f 1908 1969 1903
f 964 963 965
f 1766 1837 1840
f 2236 2377 2371
f 1891 1837 1892
f 2991 2985 2987
f 507 759 510
f 2494 2638 2451
f 823 824 825
f 2366 2664 2370
f 2448 2451 2452
f 1762 1805 1802
f 2216 2497 2495
f 699 700 704
f 2194 1251 1249
f 2949 2944 2896
f 3097 2993 3051
f 1428 1494 1430
f 2574 2623 2621
f 370 420 371
f 2518 2520 2522
f 2735 2733 2734
f 2509 2507 2216
f 1739 2001 1756
f 1567 1572 1269
f 3083 2691 3084
f 3082 3010 3012
f 317 372 373
f 1099 1103 815
f 825 851 848
f 3197 274 3198
f 1925 1919 1920
f 232 187 190
f 341 641 645
f 2874 2917 2703
f 1968 1967 1903
f 1131 1118 819
f 1934 1932 1933
f 1185 1144 1142
f 518 523 519
f 1540 1591 1585
f 109 101 119
f 2862 2860 2861
f 1938 1937 2181
f 1087 1187 1184
f 1191 1099 1098
f 3132 3268 3269
f 1764 1843 1839
f 2433 2431 2427
f 2977 3029 3031
f 1355 1347 1261
f 2059 2064 2060
f 1685 1644 1686
f 1361 1312 1410
f 2785 2789 2712
f 3145 3284 3285
f 805 807 810
f 1330 1327 1437
f 804 1070 1072
f 886 931 911
f 1084 1081 804
f 51 70 49
f 2961 2960 2962
f 2950 2954 2702
f 688 682 689
f 949 946 947
f 2533 2651 2529
f 2435 2434 2439
f 919 912 877
f 1199 1200 1116
f 2010 2014 1755
f 945 894 944
f 449 442 409
f 2468 2414 2473
f 1306 1356 1307
f 931 932 1224
f 1749 2080 2082
f 2541 2636 2604
f 1928 1758 1929
f 51 58 52
f 677 678 740
f 718 719 717
f 794 887 889
f 2545 2543 2546
f 2852 2790 2744
f 1902 1896 1900
f 2168 2137 2048
f 3195 174 3194
f 1067 1073 805
f 499 439 396
f 185 172 169
f 1326 1372 1373
f 2573 2572 2574
f 3038 3036 3037
f 1418 1419 1413
f 826 904 902
f 1754 2050 2053
f 1743 1742 2067
f 2028 2039 1745
f 3005 3007 2700
f 151 160 162
f 823 971 968
f 1738 1817 1815
f 1017 987 1018
f 1221 983 981
f 935 939 945
f 2237 2235 2236
f 88 91 11
f 2450 2454 2642
f 1586 1651 1683
f 2233 2440 2434
f 790 783 315
f 1927 1860 1865
f 2086 2089 2130
f 490 774 486
f 2363 2366 2367
f 847 843 846
f 794 798 793
f 613 618 334
f 1136 1140 1208
f 1087 1091 805
f 1495 1494 1428
f 2916 2874 2917
f 3184 3337 3348
f 209 216 194
f 1293 1368 1372
f 2027 2028 2029
f 1789 1791 1762
f 1008 1059 1058
f 189 175 185
f 799 1035 1024
f 11 8 10
f 2519 2571 2516
f 812 1164 1160
f 1866 1868 1870
f 298 299 300
f 485 484 486
f 2815 2816 2802
f 1678 1624 1629
f 1742 2000 1998
f 681 679 680
f 127 130 129
f 2229 2528 2532
f 3259 3260 3261
f 1065 803 1023
f 1901 1844 1900
f 2929 2925 2927
f 520 519 521
f 2901 2907 2950
f 642 643 648
f 2722 2715 2714
f 2359 2356 2307
f 1412 1406 1407
f 3137 3311 3313
f 799 1042 1040
f 712 610 609
f 1992 1996 1993
f 184 232 185
f 806 801 799
f 1286 1644 1647
f 2802 2803 2804
f 2261 2258 2259
f 460 461 462
f 2286 2283 2282
f 2109 2107 2108
f 1551 1558 1552
f 2841 2840 2842
f 1283 1587 1583
f 1314 1317 1364
f 2689 2936 2939
f 712 665 666
f 3001 3002 2997
f 1029 820 818
f 503 498 354
f 2483 2489 2490
f 2747 2767 2792
f 1753 2051 2048
f 733 340 342
f 2308 2309 2306
f 1505 1510 1698
f 1916 1924 1740
f 24 41 40
f 257 269 267
f 820 1018 987
f 1747 2081 2079
f 1852 1761 1866
f 305 315 1246
f 1925 1919 1854
f 3251 3337 3336
f 9 94 11
f 590 635 729
f 2703 2917 2914
f 1727 2673 1728
f 1167 1160 1168
f 3036 3039 2693
f 1619 1624 1676
f 1197 1078 1198
f 1490 1497 1491
f 1027 983 1026
f 1125 1137 1127
f 2800 2799 2795
f 787 1243 1244
f 791 1237 784
f 1272 1576 1282
f 1295 1375 1371
f 2206 2403 2409
f 2870 2808 2803
f 788 787 789
f 575 578 576
f 2586 2582 2225
f 766 526 531
f 379 483 381
f 2217 2621 2623
f 1249 2670 2671
f 336 743 345
f 3061 3058 3059
f 1972 1969 1908
f 771 772 545
f 2003 2001 1997
f 1775 1821 1863
f 1275 1597 1604
f 2054 2058 1753
f 2572 2565 2569
f 1191 1194 1161
f 2998 3061 3100
f 535 537 485
f 1450 1451 1443
f 1732 1783 1780
f 2332 2333 2325
f 418 410 318
f 160 161 150
f 450 449 407
f 2051 2108 2168
f 1137 1136 1206
f 1002 951 953
f 2210 2416 2410
f 2314 2316 2270
f 3131 3130 1730
f 759 324 323
f 2325 2327 2322
f 452 451 453
f 642 711 606
f 1949 1948 1951
f 2125 2121 2126
f 2360 2361 2357
f 382 386 486
f 818 1054 1050
f 538 535 353
f 820 1006 1003
f 261 282 281
f 2664 2368 2370
f 926 925 924
f 344 686 682
f 1897 1903 1760
f 3047 3044 3041
f 3144 3143 3145
f 211 204 197
f 540 541 542
f 317 362 369
f 1113 810 1114
f 2987 2941 3118
f 2696 3056 3053
f 761 630 629
f 185 175 172
f 1461 1460 1462
f 2225 2589 2586
f 471 478 331
f 218 120 222
f 2221 2575 2225
f 808 1147 1143
f 37 38 32
f 1304 1297 1400
f 2389 2388 2390
f 2455 2450 2395
f 2703 2872 2874
f 1618 1568 1622
f 2890 2823 2893
f 1788 1837 1892
f 2808 2818 2817
f 90 100 86
f 1885 1892 1889
f 1291 1324 1323
f 2487 2441 2443
f 742 681 718
f 9 91 89
f 1519 1462 1460
f 695 694 696
f 1995 1992 1739
f 1444 1696 1446
f 1000 1230 1003
f 2947 2949 2896
f 1474 1467 1463
f 991 994 998
f 1526 1472 1474
f 529 527 525
f 2796 2712 2709
f 67 68 57
f 1031 1062 818
f 1270 1446 1264
f 439 504 499
f 2884 2882 2878
f 3031 3103 3072
f 1744 1921 1923
f 137 192 194
f 1721 1426 1369
f 1262 1271 1273
f 2211 2353 2347
f 1196 1193 1099
f 334 621 616
f 2797 2799 2681
f 1029 817 1030
f 674 679 339
f 2350 2358 2351
f 103 104 105
f 818 1060 1056
f 1047 1048 1044
f 2401 2386 2402
f 2313 2311 2241
f 921 934 802
f 1421 1481 1417
f 2685 2944 2702
f 341 675 673
f 2699 3050 3046
f 2707 2845 2839
f 2886 2885 2890
f 1895 1893 1889
f 1282 1283 1281
f 977 976 982
f 1978 1980 1742
f 2984 2981 2690
f 351 660 705
f 2969 3116 2936
f 980 990 797
f 2889 2890 2885
f 2698 3000 2996
f 1262 1529 1285
f 2681 2828 2707
f 2406 2461 2463
f 1043 1084 1039
f 1379 1394 1395
f 465 411 368
f 578 577 533
f 344 699 704
f 2000 1998 2171
f 826 906 908
f 1755 2005 2008
f 2229 2504 2536
f 2237 2265 2267
f 1275 1632 1627
f 1819 1818 1773
f 1285 1513 1515
f 1656 1648 1652
f 1741 1873 1877
f 689 687 686
f 2247 2248 2290
f 2506 2462 2461
f 1865 1864 1819
f 2468 2473 2208
f 2826 2821 2818
f 1420 1421 1416
f 2092 2096 2149
f 329 330 757
f 2256 2302 2304
f 2891 2895 2704
f 2692 3046 3042
f 137 138 213
f 2504 2503 2505
f 2475 2424 2426
f 3245 3246 3247
f 1743 2045 2041
f 2232 2435 2437
f 805 1082 1085
f 1447 1699 1448
f 201 199 197
f 1124 1129 1176
f 1529 1478 1477
f 1266 1409 1403
f 1041 1045 803
f 2710 2788 2784
f 2900 2899 2901
f 2216 2501 2495
f 2722 2724 2723
f 2238 2323 2339
f 1298 1401 1299
f 2515 2471 2654
f 2116 2120 1751
f 825 846 843
f 849 850 900
f 980 991 981
f 2099 2098 2100
f 317 376 373
f 1472 1470 1712
f 1506 1692 1508
f 889 890 887
f 1405 1404 1396
f 2870 2869 2868
f 2100 2048 2104
f 87 93 90
f 1265 1697 1698
f 335 598 604
f 2698 3006 3002
f 1261 1363 1359
f 2940 2945 2941
f 1032 1079 1080
f 345 352 357
f 479 423 427
f 2962 2960 2914
f 702 701 703
f 1532 1577 1578
f 1371 1435 1432
f 896 898 828
f 1715 1487 1716
f 126 138 124
f 1290 1420 1416
f 1246 1250 1247
f 386 430 431
f 1630 1629 1631
f 1261 1359 1361
f 1863 1857 1858
f 2198 2304 2300
f 1288 1503 1457
f 2773 2774 2775
f 487 431 486
f 2972 3086 3020
f 2997 2953 2952
f 57 53 67
f 2041 2038 1743
f 2331 2329 2644
f 499 497 498
f 2237 2280 2278
f 1764 1843 1841
f 2443 2440 2441
f 482 483 479
f 415 413 360
f 1407 1406 1412
f 578 628 581
f 2323 2339 2295
f 1642 1639 1640
f 1407 1478 1473
f 1287 1491 1493
f 949 953 952
f 794 887 878
f 2813 2768 2767
f 1813 1816 1733
f 2981 3091 3034
f 1742 1982 1984
f 1289 1421 1425
f 622 624 347
f 1762 1808 1805
f 2684 2762 2764
f 503 548 498
f 564 615 609
f 2438 2439 2436
f 769 585 587
f 44 43 23
f 353 535 538
f 1757 2074 2087
f 1264 1470 1472
f 1352 1357 1353
f 2820 2825 2687
f 1845 1797 1796
f 978 979 797
f 1771 1770 1772
f 2925 2936 2926
f 341 673 669
f 1827 1826 1770
f 371 420 416
f 2203 2328 2211
f 703 699 700
f 228 227 225
f 569 567 563
f 2208 2450 2455
f 540 547 546
f 3301 3175 3172
f 712 666 665
f 1479 1484 1480
f 2707 2836 2832
f 1738 1821 1815
f 438 393 396
f 982 924 923
f 1685 1645 1643
f 2219 2218 2637
f 2681 2800 2687
f 1287 1502 1456
f 1764 1849 1847
f 189 187 184
f 2692 3033 3024
f 2629 2588 2586
f 895 896 891
f 2230 2476 2479
f 347 632 636
f 1077 1078 1198
f 1804 1824 1849
f 2498 2499 2496
f 1979 1978 1980
f 2855 2792 2793
f 350 577 580
f 1752 2154 2155
f 2580 2579 2521
f 104 103 83
f 2272 2269 2273
f 1730 3130 3132
f 1698 1446 1505
f 2798 2801 2806
f 805 1069 1067
f 2523 2527 2524
f 1478 1474 1475
f 393 391 396
f 259 256 254
f 874 871 870
f 3085 3090 3091
f 2079 2081 2083
f 2575 2576 2578
f 272 279 273
f 352 541 543
f 812 1147 808
f 3320 3154 3325
f 2247 2286 2331
f 2214 2213 2217
f 2402 2233 2397
f 1526 1529 1524
f 2942 2941 2943
f 1116 808 1113
f 1930 1931 1973
f 39 302 301
f 1749 2104 1757
f 375 424 425
f 890 837 945
f 2558 2552 2221
f 1116 1200 1115
f 1307 1356 1352
f 2322 2331 2325
f 2693 3045 3041
f 2143 2140 2078
f 3319 3317 3248
f 2700 2976 2930
f 821 1002 999
f 408 409 318
f 1826 1829 1827
f 257 269 256
f 1160 1164 812
f 1558 1557 1520
f 2549 2548 2495
f 3015 3029 3016
f 2762 2770 2684
f 586 638 590
f 2483 2484 2485
f 1476 1477 1469
f 1266 1388 1399
f 2689 2688 2691
f 2813 2767 2746
f 1202 1199 1122
f 815 1094 1097
f 1176 1111 1110
f 760 449 442
f 1147 1144 1148
f 845 841 844
f 2315 2380 2379
f 2702 2960 2956
f 352 517 549
f 1933 1869 1867
f 1210 1208 1140
f 585 590 586
f 963 964 957
f 1086 1087 1088
f 544 546 540
f 1934 1930 1931
f 997 943 995
f 676 668 669
f 1319 1318 1320
f 2241 2313 2317
f 2470 2469 2471
f 2227 2524 2521
f 374 375 377
f 1925 1913 1920
f 2540 2547 2549
f 1282 1581 1578
f 1319 1320 1366
f 1740 1936 1940
f 1969 1965 1966
f 349 562 594
f 217 138 137
f 2035 2133 2033
f 2687 2803 2805
f 211 226 228
f 472 471 473
f 2696 3015 3028
f 360 433 437
f 3314 3311 3313
f 3053 3056 2696
f 1007 1013 1014
f 791 1201 1237
f 1294 1341 1291
f 3014 3011 3012
f 357 354 355
f 2513 2517 2515
f 1168 1164 1165
f 553 552 554
f 820 821 825
f 930 986 972
f 1673 1659 1562
f 2439 2440 2434
f 2508 2462 2506
f 107 92 93
f 1865 1875 1874
f 3287 3288 3163
f 2762 2770 2818
f 2517 2513 2515
f 1785 1783 1786
f 1564 1618 1566
f 1034 987 820
f 2599 2597 2591
f 378 426 377
f 56 54 57
f 3061 3065 3064
f 2236 2357 2203
f 1275 1604 1609
f 1516 1548 1515
f 2028 2083 2142
f 2325 2327 2203
f 3301 279 283
f 116 97 107
f 915 923 802
f 897 901 898
f 1581 1584 1702
f 317 373 372
f 2324 2335 2323
f 2342 2341 2343
f 1763 1852 1870
f 505 511 507
f 1528 1524 1526
f 783 790 784
f 1619 1618 1617
f 798 888 890
f 1024 1035 799
f 2236 2337 2382
f 2006 2004 2001
f 190 3311 3312
f 2706 2842 2837
f 1305 1299 1298
f 692 689 690
f 1815 1857 1817
f 1571 1576 1628
f 1837 1888 1835
f 2459 2457 2449
f 1541 1540 1542
f 1261 1353 1355
f 1576 1578 1282
f 2284 2199 2197
f 2663 2369 2368
f 618 613 568
f 2363 2309 2308
f 373 375 372
f 1130 1117 812
f 1357 1405 1353
f 3351 3350 3352
f 2002 2172 2005
f 171 173 153
f 2941 2945 2689
f 821 1017 986
f 2461 2404 2408
f 68 67 50
f 1892 1895 1889
f 1761 1866 1868
f 34 42 44
f 1840 1844 1766
f 3246 3282 3281
f 2226 2616 2546
f 2602 2632 2599
f 381 429 483
f 2230 2479 2482
f 98 97 96
f 1463 1467 1474
f 1286 1658 1613
f 1304 1303 1301
f 1603 1600 1280
f 226 227 225
f 2972 3104 2970
f 2924 2922 2971
f 2693 3032 3023
f 1784 1782 1785
f 1527 1522 1526
f 1760 1903 1908
f 1958 1894 1895
f 1883 1878 1875
f 633 632 634
f 836 839 793
f 2520 2476 2475
f 2919 2685 2861
f 2718 2713 2808
f 2894 2898 2895
f 965 970 973
f 538 535 489
f 1561 1560 1562
f 3287 3169 3295
f 81 97 96
f 1048 1227 1045
f 1733 1826 1818
f 67 68 288
f 1271 1269 1273
f 2337 2335 2236
f 376 379 357
f 2795 2759 2755
f 1303 1301 1386
f 724 626 581
f 1553 1554 1269
f 2231 2459 2449
f 2894 2891 2892
f 3314 193 190
f 2484 2659 2528
f 417 416 363
f 2806 2804 2805
f 93 87 92
f 1583 1580 1283
f 2693 3032 3036
f 2533 2632 2599
f 821 1005 1002
f 2815 2817 2818
f 961 965 967
f 2901 2898 2837
f 1069 1067 1175
f 330 519 521
f 286 266 260
f 140 128 125
f 2515 2466 2471
f 132 129 131
f 1032 1080 1079
f 330 528 526
f 2249 2252 2197
f 2366 2310 2264
f 3289 3166 3294
f 1736 1881 1876
f 651 652 656
f 2261 2263 2310
f 2698 3000 2998
f 2708 2736 2734
f 154 183 157
f 1997 2002 1998
f 2634 2635 2495
f 2226 2624 2625
f 520 465 463
f 581 584 764
f 972 986 1017
f 2704 2871 2873
f 1486 1481 1421
f 902 903 904
f 581 628 578
f 1115 809 1116
f 1296 1479 1476
f 1743 2038 2027
f 1741 1880 1882
f 3316 3157 3326
f 3150 3149 3151
f 590 638 586
f 2701 2963 2932
f 1280 1600 1612
f 1988 2019 1756
f 1830 1831 1832
f 2397 2398 2399
f 180 193 178
f 1106 1108 816
f 318 406 410
f 2704 2908 2913
f 1421 1420 1422
f 1272 1552 1558
f 658 657 713
f 1285 1547 1515
f 144 131 141
f 1018 1062 1063
f 2475 2424 2428
f 1756 1988 1929
f 2683 2878 2864
f 2221 2560 2564
f 2121 2064 2126
f 407 409 325
f 2626 2631 2628
f 3224 3229 3220
f 1377 1376 1332
f 2493 2504 2458
f 396 391 499
f 621 622 718
f 2920 2703 2702
f 1746 2143 2142
f 83 85 82
f 149 153 154
f 1098 1102 816
f 2778 2780 2712
f 3358 3357 3359
f 304 262 282
f 53 67 50
f 184 187 189
f 861 858 825
f 1345 1344 1340
f 2087 2129 1757
f 96 117 106
f 3318 3316 3151
f 909 911 828
f 2976 2977 3007
f 2574 2570 2577
f 1265 1264 1697
f 2702 2954 2950
f 2537 2533 2227
f 2779 2780 2777
f 2704 2703 2871
f 2687 2805 2798
f 825 858 855
f 1506 1557 1551
f 2747 2792 2855
f 1925 1926 1927
f 3028 3070 2696
f 3235 3238 3239
f 1843 1842 1844
f 1333 1335 1394
f 2701 2951 2948
f 3252 3250 3246
f 2231 2483 2485
f 2878 2883 2879
f 47 61 50
f 2508 2464 2462
f 1589 1590 1585
f 2650 2630 2587
f 787 1244 829
f 1523 1521 1517
f 2782 2786 2710
f 901 905 828
f 1529 1713 1480
f 2572 2569 2516
f 2198 2304 2302
f 2135 2091 2082
f 601 602 552
f 1756 2004 2007
f 1295 1351 1377
f 2827 2826 2830
f 8 9 10
f 1154 1212 1150
f 3166 3163 3169
f 349 586 588
f 2674 2676 2675
f 1464 1463 1260
f 1555 1556 1553
f 2710 2779 2777
f 2307 2309 2241
f 1291 1315 1318
f 1637 1636 1578
f 3083 3086 2691
f 1341 1348 1336
f 1290 1424 1429
f 1580 1584 1581
f 787 1239 791
f 2822 2829 2823
f 882 829 926
f 1632 1633 1635
f 1315 1419 1317
f 539 536 352
f 681 680 718
f 986 987 1017
f 2106 2099 2103
f 190 193 191
f 1222 1223 985
f 1920 1913 1925
f 22 36 37
f 2360 2365 2361
f 351 346 347
f 2431 2427 2233
f 225 227 226
f 353 532 535
f 1189 1152 1153
f 2280 2292 2323
f 1174 1173 1172
f 2569 2572 2516
f 631 636 632
f 535 485 486
f 2684 2774 2776
f 2073 2089 2086
f 992 990 1233
f 3335 3333 266
f 2208 2473 2468
f 2354 2356 2350
f 544 498 499
f 947 999 941
f 2860 2859 2861
f 2687 2825 2823
f 344 695 693
f 60 70 73
f 1285 1541 1537
f 3303 283 3301
f 499 500 501
f 1931 2166 1988
f 2235 2336 2338
f 1336 1335 1334
f 1130 1133 1174
f 2864 2879 2865
f 1025 1083 1036
f 1400 1389 1386
f 805 1073 1067
f 2707 2832 2836
f 2067 1742 2022
f 2737 2740 2741
f 1056 1057 1052
f 999 1002 821
f 735 649 345
f 333 573 571
f 81 96 84
f 2060 2124 2158
f 810 1126 1124
f 1032 1063 817
f 327 477 470
f 1102 1103 1196
f 1769 1773 1768
f 1168 1165 1164
f 2341 2408 2343
f 1239 1240 1241
f 2026 2077 2070
f 352 541 545
f 1904 1842 1846
f 1883 1884 1879
f 1402 1396 1258
f 1969 1968 1903
f 2357 2358 2350
f 1831 1830 1781
f 2902 2909 2903
f 2515 2654 2469
f 2345 2348 2354
f 2732 2731 2733
f 1887 1883 1884
f 519 563 564
f 1416 1417 1413
f 3024 3025 2970
f 1712 1470 1529
f 773 489 488
f 1045 1043 1092
f 1927 2181 1937
f 52 57 53
f 1796 1845 1846
f 1095 1090 1045
f 3273 1244 1243
f 3163 3166 3162
f 380 376 381
f 2844 2843 2839
f 1295 1377 1351
f 2127 2125 2126
f 1751 2128 2086
f 611 564 609
f 2049 2043 2000
f 3359 3356 3358
f 2683 2861 2686
f 2779 2783 2780
f 1495 1498 1500
f 1051 1053 1055
f 808 1134 1125
f 825 785 311
f 792 315 790
f 1740 1943 1945
f 1386 1389 1400
f 479 477 478
f 1024 1025 1026
f 169 168 165
f 483 480 481
f 2089 2146 2160
f 2681 2822 2824
f 1261 1363 1295
f 349 562 596
f 2819 2820 2815
f 3066 3101 3065
f 1063 1061 1018
f 2232 2437 2432
f 1733 1738 1732
f 1090 1091 1086
f 479 427 482
f 1384 1385 1378
f 714 712 715
f 2664 2370 2313
f 42 40 24
f 3118 2941 2945
f 3301 3300 3299
f 3069 3067 3068
f 1270 1264 1252
f 2284 2288 2322
f 2420 2423 2233
f 265 274 261
f 668 672 339
f 326 553 551
f 1123 1125 1127
f 1785 1780 1783
f 1340 1338 1339
f 1971 1974 1758
f 559 517 352
f 1604 1597 1275
f 3309 3172 3305
f 288 68 67
f 1628 1663 1571
f 835 834 829
f 1503 1501 1457
f 2010 2012 1755
f 404 408 409
f 2442 2444 2378
f 1519 1451 1464
f 409 408 404
f 3231 3229 3230
f 558 557 521
f 605 562 560
f 1951 1948 1949
f 1670 1276 1599
f 2142 9 2189
f 762 749 723
f 935 933 934
f 2478 2481 2657
f 2231 2478 2475
f 2210 2416 2414
f 345 649 650
f 881 925 924
f 2960 2961 2956
f 2710 2777 2678
f 3301 3300 279
f 1005 1009 1007
f 952 898 953
f 1191 1098 1053
f 2119 2116 2117
f 1772 1818 1773
f 838 887 878
f 527 475 473
f 1911 1975 1912
f 3162 3161 3163
f 3001 2957 2961
f 1261 1353 1357
f 1736 1861 1853
f 2865 2927 2867
f 483 486 487
f 1415 1363 1418
f 125 134 135
f 1494 1495 1288
f 3056 3057 3058
f 828 907 903
f 2356 2303 2307
f 2994 2992 2989
f 962 959 960
f 347 624 627
f 68 246 283
f 357 379 376
f 1428 1500 1495
f 644 651 653
f 1217 1216 1163
f 2276 2274 2275
f 975 820 985
f 1110 1111 1176
f 2249 2251 2244
f 2105 2106 2150
f 2899 2900 2895
f 1213 1189 1153
f 1340 1344 1345
f 597 599 334
f 2914 2917 2703
f 810 1110 1114
f 804 1086 1088
f 1288 1481 1485
f 1535 1582 1532
f 1290 1433 1438
f 2475 2476 2473
f 1046 1044 1040
f 1937 1941 1947
f 565 564 566
f 2322 2289 2288
f 550 515 352
f 2473 2477 2475
f 2239 2314 2316
f 64 63 66
f 555 551 556
f 351 683 680
f 703 701 695
f 1135 1183 1139
f 2832 2833 2828
f 2528 2533 2529
f 2580 2579 2578
f 2211 2353 2351
f 1092 1043 1045
f 2358 2425 2422
f 238 240 241
f 498 547 492
f 1258 1408 1402
f 2039 2092 2091
f 1160 1158 812
f 1042 1041 1043
f 2950 2951 2947
f 2704 2908 2902
f 1530 1575 1570
f 1431 1716 1720
f 330 519 523
f 1521 1517 1262
f 2950 2900 2901
f 983 1221 981
f 1531 1480 1714
f 54 55 56
f 276 275 273
f 3007 2977 3008
f 1752 2158 2159
f 1284 1516 1548
f 2342 2340 2203
f 2474 2476 2230
f 3150 3136 3322
f 1426 1367 1369
f 2096 2090 2094
f 2317 2315 2241
f 2840 2846 2706
f 287 39 280
f 291 285 270
f 1739 1979 1977
f 1317 1319 1366
f 307 781 366
f 289 270 291
f 1422 1367 1320
f 314 316 312
f 1982 2040 2027
f 2439 2376 2372
f 1757 2126 2121
f 1629 1626 1573
f 2173 2052 2047
f 2000 2041 1993
f 1757 2129 2126
f 2558 2559 2560
f 788 311 785
f 1542 1540 1284
f 2284 2283 2286
f 2971 2964 2924
f 1361 1356 1312
f 588 586 633
f 2677 2719 2753
f 1999 2003 1997
f 669 665 341
f 1065 1068 804
f 2523 2482 2649
f 1729 1727 1250
f 2811 2853 2707
f 506 353 514
f 3137 3313 3310
f 2412 2411 2403
f 2256 2304 2354
f 3322 3136 3150
f 1290 1295 1291
f 1269 1575 1283
f 2574 2572 2568
f 2549 2612 2550
f 2232 2435 2441
f 879 888 798
f 1940 1945 1740
f 335 619 617
f 1762 1791 1789
f 1277 1633 1628
f 1028 1024 1026
f 2688 2985 2987
f 2286 2288 2284
f 1119 1118 1117
f 1093 1094 1090
f 1182 1136 1135
f 1934 1869 1870
f 989 930 928
f 1237 1201 1238
f 915 917 802
f 1877 1876 1878
f 1102 1107 1103
f 2226 2232 2237
f 207 212 72
f 331 445 452
f 1025 1024 981
f 2191 2668 1246
f 2406 2395 2210
f 984 982 921
f 2702 2954 2952
f 3048 3041 3045
f 1626 1629 1573
f 915 914 918
f 1585 1590 1586
f 980 984 982
f 2969 2981 2970
f 2691 2686 2685
f 605 347 606
f 992 990 980
f 2410 2416 2210
f 3251 3338 3337
f 2704 2916 2873
f 857 856 853
f 1296 1492 1487
f 1328 1325 1329
f 1261 1347 1355
f 2231 2483 2487
f 357 358 359
f 1246 1671 305
f 1831 1835 1738
f 3060 3061 3099
f 1914 1933 1867
f 803 1045 1041
f 869 833 793
f 806 1211 1213
f 828 898 896
f 2649 2658 2657
f 1989 2036 2034
f 2229 2230 2226
f 1867 1866 1852
f 2891 2896 2892
f 832 882 829
f 1895 1840 1790
f 355 454 456
f 1272 1558 1566
f 2830 2831 2827
f 1760 1899 1897
f 349 586 590
f 1916 1925 1983
f 1127 1126 1125
f 355 354 454
f 2952 2958 2959
f 2864 2878 2683
f 1658 1653 1286
f 1518 1563 1564
f 2369 2429 2365
f 975 985 986
f 1030 1080 1032
f 356 504 459
f 836 839 837
f 2457 2459 2231
f 42 41 34
f 206 185 3196
f 791 789 787
f 1409 1467 1403
f 125 141 122
f 2312 2264 2266
f 2894 2889 2890
f 2947 2898 2896
f 609 568 613
f 1258 1383 1266
f 1130 1131 1117
f 1902 1908 1903
f 2846 2910 2840
f 477 481 478
f 1487 1483 1296
f 427 426 378
f 1370 1375 1371
f 542 540 353
f 1252 1313 1309
f 1897 1896 1900
f 189 187 175
f 794 891 893
f 1993 1996 2000
f 827 873 825
f 651 658 653
f 1300 1354 1355
f 2261 2310 2308
f 2687 2829 2823
f 566 558 521
f 2358 2422 2351
f 3085 3027 3026
f 1957 1956 1958
f 822 972 930
f 2921 2922 2923
f 3038 3094 3092
f 2066 2130 2160
f 2363 2366 2360
f 329 758 328
f 2906 2902 2904
f 703 699 704
f 2704 2899 2895
f 2798 2805 2687
f 974 797 917
f 721 683 680
f 399 397 400
f 2301 2345 2297
f 2952 2906 2903
f 944 945 948
f 2225 2586 2589
f 2529 2609 2610
f 1631 1625 1627
f 1594 1590 1282
f 1738 1821 1819
f 1247 1249 1248
f 1836 1840 1837
f 1079 1032 1080
f 1258 1387 1398
f 465 453 411
f 475 468 464
f 1478 1481 1482
f 1407 1414 1266
f 1284 1535 1532
f 2620 2622 2217
f 1035 1039 1036
f 1104 1053 1105
f 2196 1251 2194
f 254 255 240
f 2005 2050 2173
f 318 416 418
f 282 100 293
f 982 976 915
f 1413 1417 1414
f 620 616 573
f 1930 1929 1931
f 1269 1551 1557
f 2229 2532 2536
f 1733 1820 1814
f 933 938 934
f 2812 2811 2813
f 1491 1490 1495
f 1464 1388 1400
f 14 15 16
f 185 206 186
f 3008 3006 3007
f 846 849 899
f 1516 1559 1561
f 1709 1540 1710
f 1003 1050 1047
f 2649 2527 2526
f 725 728 727
f 3071 3072 3008
f 666 738 712
f 1698 1510 1507
f 2920 2872 2703
f 3089 3087 3088
f 3128 96 3129
f 2712 2791 2789
f 1722 1368 1322
f 352 531 330
f 845 899 897
f 2619 2567 2620
f 2030 2026 2024
f 2604 2548 2541
f 240 255 241
f 471 470 474
f 471 530 525
f 2437 2435 2232
f 3162 3144 3145
f 1741 1882 1877
f 1966 1965 1969
f 1794 1844 1895
f 1150 1148 1147
f 2188 2187 791
f 2017 2018 2013
f 1211 1186 1150
f 2641 2213 2212
f 348 631 633
f 1847 1796 1800
f 2385 2391 2643
f 110 121 109
f 2259 2261 2363
f 318 426 422
f 2025 2024 2026
f 1349 1348 1336
f 1185 1183 1182
f 486 774 490
f 3220 3229 3228
f 3028 3015 2696
f 260 263 304
f 112 111 92
f 3163 3162 3287
f 805 810 806
f 1708 1542 1540
f 2883 2935 2879
f 318 422 424
f 1529 1530 1524
f 1739 1981 1983
f 2767 2768 2792
f 2237 2271 2275
f 2730 2727 2726
f 1743 2027 2029
f 1878 1875 1829
f 1185 1210 1140
f 2220 2216 2218
f 2491 2487 2446
f 2710 2792 2790
f 1504 1454 1287
f 1410 1402 1404
f 56 58 59
f 2649 2486 2484
f 2403 2410 2404
f 2677 2719 2713
f 331 447 445
f 163 69 205
f 2508 2500 2213
f 109 103 105
f 3002 3063 3080
f 1288 1289 1291
f 1295 1375 1377
f 2831 2830 2826
f 1702 1588 1586
f 2429 2427 2428
f 2974 2975 2976
f 348 607 639
f 1719 1424 1720
f 653 652 709
f 1951 1955 1954
f 709 708 707
f 23 43 44
f 1993 2038 2039
f 1716 1494 1495
f 743 742 681
f 641 600 599
f 1889 1890 1885
f 291 270 285
f 1637 1636 1635
f 1397 1468 1463
f 2605 2565 2561
f 2119 2123 2122
f 444 445 446
f 2700 2992 2995
f 1681 1581 1642
f 1806 1803 1807
f 2395 2394 2396
f 2895 2891 2894
f 163 166 151
f 1068 1069 1111
f 1879 1885 1736
f 820 1012 1016
f 405 358 412
f 544 549 545
f 1532 1706 1535
f 1570 1576 1571
f 3047 3095 3093
f 2840 2910 2906
f 2094 2090 1747
f 650 344 343
f 1105 1053 1057
f 341 657 663
f 1290 1433 1427
f 229 40 41
f 2637 2541 2220
f 99 107 105
f 3021 3023 3025
f 1854 1853 1858
f 2007 1957 1958
f 2952 2959 2956
f 1723 1323 1326
f 1766 1764 1762
f 2468 2469 2470
f 1272 1571 1573
f 842 894 945
f 1120 1123 808
f 430 431 428
f 1431 1371 1432
f 1492 1491 1493
f 1289 1430 1425
f 2197 2195 1250
f 3284 203 207
f 599 598 600
f 1584 1640 1581
f 367 406 407
f 2987 2986 2988
f 3310 3312 190
f 3335 3332 3333
f 352 539 543
f 3133 3127 3128
f 2242 2243 2197
f 1074 1027 1025
f 2445 2446 2440
f 152 164 165
